run_id,case_id,rank,chunk_id,relevance,reviewer_a,reviewer_b,reviewer_a_label,reviewer_b_label,rationale,suggested_relevance,document_name,page_number,section_title,score,text
small-local-384,idf_en_global_prevalence,1,IDF_Diabetes_Atlas_11th_Edition_2025_WEB_p46_c118,unjudged,,,unjudged,unjudged,,relevant,IDF_Diabetes_Atlas_11th_Edition_2025_WEB.pdf,46,Key messages:,0.8629,"Key messages:

An estimated 589 million adults aged 20–79 years
are living with diabetes. This represents 11.1% of
the world’s population in this age group.

The total number of adults living with diabetes is
predicted to rise to 853 million (13%) by 2050.

An estimated 252 million adults living with diabetes
are unaware they have the condition.

One in four adults (158 million) living with diabetes
are aged over 65.

An estimated 635 million adults aged 20–79 years
are living with impaired glucose tolerance (12%).

Over USD 1 trillion was spent on diabetes in 2024.
This represents 12% of global health expenditure.

Over 3.4 million people died as a result of diabetes
in 2024. This corresponds to 9.3% of global deaths
from all causes.

An estimated 9.1 million people are living with type
1 diabetes. The majority (69%) are aged 20-59.

An estimated 1 in 5 live births (23 million) are
affected by some form of hyperglycaemia
in pregnancy.

IDF Diabetes Atlas 11th Edition - 2025 | diabetesatlas.org | 41
IDF Diabetes Atlas 11th Edition - 2025 | diabetesatlas.org | 41"
small-local-384,idf_en_global_prevalence,2,IDF_Diabetes_Atlas_11th_Edition_2025_WEB_p53_c136,unjudged,,,unjudged,unjudged,,not_relevant,IDF_Diabetes_Atlas_11th_Edition_2025_WEB.pdf,53,"Figure 3.2 Prevalence of diabetes among men and women (20–79 years), 2024.",0.8336,"|  | 2024 | 2050 |
| --- | --- | --- |
| Adult population (65-99 years) | 667.8 million | 1.1 billion |
| Prevalence (65-99 years) | 23.7% | 24.3% |
| Number of people over 65 with diabetes (65–99 years) | 158.3 million | 278 million |"
small-local-384,idf_en_global_prevalence,3,IDF_Diabetes_Atlas_11th_Edition_2025_WEB_p92_c229,unjudged,,,unjudged,unjudged,,not_relevant,IDF_Diabetes_Atlas_11th_Edition_2025_WEB.pdf,92,"Figure 4.5 Estimated prevalence (%) of diabetes by age and sex, IDF South and Central America
Region 2024.",0.832,"| At a glance |  |  |
| --- | --- | --- |
|  | 2024 | 2050 |
| Adult population (20-79 years) | 1.74b | 1.72b |
| Diabetes (20-79 years) |  |  |
| Regional prevalence | 12.4% | 14.7% |
| Age-standardised prevalence | 11.1% | 12.8% |
| Number of people with diabetes (20-79 years) | 215m | 254m |
| Number of deaths due to diabetes (20-79 years) | 1.2m |  |
| Healthcare expenditure due to diabetes (20-79 years) |  |  |
| Total healthcare expenditure, USD | 246.3b | 237.7b |
| Impaired glucose tolerance (20-79 years) |  |  |
| Regional prevalence | 14.4% | 15.5% |
| Age-standardised prevalence | 13.5% | 14.3% |
| Number of people with impaired glucose tolerance | 251m | 268m |
| Impaired fasting glucose (20-79 years) |  |  |
| Regional prevalence | 9.1% | 9.9% |
| Age-standardised prevalence | 8.6% | 9.2% |
| Number of people with impaired glucose tolerance | 160m | 171m |
| Undiagnosed diabetes (20-79 years) |  |  |
| Regional proportion | 50.0% |  |
| Number of people with undiagnosed diabetes | 108m |  |
| Type 1 diabetes (all age groups) |  |  |
| Number of people with type 1 diabetes | 991,000 |  |"
small-local-384,idf_en_global_prevalence,4,IDF_Diabetes_Atlas_11th_Edition_2025_WEB_p53_c133,unjudged,,,unjudged,unjudged,,not_relevant,IDF_Diabetes_Atlas_11th_Edition_2025_WEB.pdf,53,"Figure 3.2 Prevalence of diabetes among men and women (20–79 years), 2024.",0.8293,"Table 3.5 Top 10 countries or territories with age-standardised diabetes prevalence in adults
(20–79 years) in 2024 and 2050. i. Countries without in-country data sources. Estimates are extrapolated. Table 3.6 Global diabetes estimates in people (65-99 years) in 2024 and 2050. 3.2 Diabetes prevalence in older adults in 2024 and projection to 2050 Regional distribution Diabetes prevalence increases with age. Therefore,
the highest estimated prevalence is in people over
65 (Figure 3.1). In 2024, the estimated number of
people with diabetes aged 65–99 years was 158.3
million (23.7%). If the current trend continues, the
number of people aged 65-99 years with diabetes will
be 278 million in 2050 (Table 3.6). These data point
to a significant increase in the diabetes population of
ageing societies in the next 25 years and the inevitable
public health and economic challenges this will bring.
It will require all countries to commit to sufficient
resources to tackle diabetes."
small-local-384,idf_en_global_prevalence,5,IDF_Diabetes_Atlas_11th_Edition_2025_WEB_p49_c124,unjudged,,,unjudged,unjudged,,not_relevant,IDF_Diabetes_Atlas_11th_Edition_2025_WEB.pdf,49,3.1 Diabetes prevalence in 2024 and projection to 2050 (20–79 years),0.8291,"Variation in diabetes prevalence across age, sex and setting

The estimated diabetes prevalence is similar in women
and men aged 20–79 (10.9% vs 11.3%). In 2024, the
IDF estimates that 9.8 million more men than women
were living with diabetes (Figure 3.2).

Age is an important risk factor for diabetes. Ageing of
the world’s population contributes to higher diabetes
prevalence that results in an increasing proportion of
people with diabetes over the age of 60.

Prevalence was lowest among adults aged 20–24
(1.9% in 2024 and 2.2% in 2050). Conversely, it was
highest among adults aged 75–79, with an estimated
prevalence of 24.8% in 2024, which is expected to rise
to 25.4% by 2050.

Map 3.2 Estimated age-standardised country prevalence of diabetes in adults (20–79 years), 2024.

<4%

4-<5%

5-<7%

7-<9%

9-<12%

≥ 12%

No estimates

44 | IDF Diabetes Atlas 11th Edition - 2025 | diabetesatlas.org"
small-local-384,idf_ar_projection_2050,1,IDF_Diabetes_Atlas_11th_Edition_2025_WEB_p47_c120,unjudged,,,unjudged,unjudged,,not_relevant,IDF_Diabetes_Atlas_11th_Edition_2025_WEB.pdf,47,3.1 Diabetes prevalence in 2024 and projection to 2050 (20–79 years),0.8583,"Our projection for 2050 predicts a growth of 17% in
the prevalence of diabetes due to the ageing of the
population and increased urbanisation across the
globe. It is estimated that 95% of the increase in the
number of people with diabetes by 2050 will occur in
low- and middle-income countries, where population
growth is expected to be greater than in high-income
countries (Table 3.2). The estimates in the 11th edition of the IDF Diabetes
Atlas are provided for 215 countries and territories,
grouped into the seven IDF Regions: Africa (AFR),
Europe (EUR), Middle East and North Africa (MENA),
North America and Caribbean (NAC), South and
Central America (SACA), South-East Asia (SEA) and
Western Pacific (WP). In total, 246 data sources from
153 countries and territories were included in the
analyses (See Resources www.diabetesatlas.org). 1
Data are presented considering each country´s current
age structure and, after adjustment to reflect the
prevalence, the age structure of the world population. 42 | IDF Diabetes Atlas 11th Edition - 2025 | diabetesatlas.org"
small-local-384,idf_ar_projection_2050,2,IDF_Diabetes_Atlas_11th_Edition_2025_WEB_p47_c119,unjudged,,,unjudged,unjudged,,not_relevant,IDF_Diabetes_Atlas_11th_Edition_2025_WEB.pdf,47,3.1 Diabetes prevalence in 2024 and projection to 2050 (20–79 years),0.837,"While the world’s population is estimated to grow
25% over the next 25 years, the number of people
with diabetes is estimated to increase by 45%
(Map 3.1, Table 3.1, Map 3.2). This 11th edition of the IDF Diabetes Atlas provides
estimates for diabetes in 2024 and projected
estimates for 2050. The estimates include diagnosed
and undiagnosed diabetes for adults aged 20–79. Worldwide, a total of 589 million adults aged 20–79
are estimated to have diabetes (11.1% of all adults in
this age group). By 2050, the number of adults living
with diabetes will rise to a projected 852.5 million. Map 3.1 Estimated number of adults (20–79 years) with diabetes by country, 2024. < 100 thousand 100-<500 thousand 500 thousand-<1 million 1 - <10 million
10-<20 million
≥ 20 million
No estimates 3.1 Diabetes prevalence in 2024 and projection to 2050 (20–79 years)"
small-local-384,idf_ar_projection_2050,3,IDF_Diabetes_Atlas_11th_Edition_2025_WEB_p12_c26,unjudged,,,unjudged,unjudged,,not_relevant,IDF_Diabetes_Atlas_11th_Edition_2025_WEB.pdf,12,Summary,0.8324,"There is a large and growing population at high risk
of developing diabetes. In 2024, 635 million people
were estimated to have impaired glucose tolerance
and 488 million were estimated to have impaired
fasting glucose. It was also estimated that over 3.4
million people aged 20–79 died from diabetes-related
causes in 2024. Direct health expenditures due to
diabetes surpassed one trillion USD for the first time
and will continue to rise over the coming years."
small-local-384,idf_ar_projection_2050,4,IDF_Diabetes_Atlas_11th_Edition_2025_WEB_p46_c118,unjudged,,,unjudged,unjudged,,relevant,IDF_Diabetes_Atlas_11th_Edition_2025_WEB.pdf,46,Key messages:,0.8195,"Key messages:

An estimated 589 million adults aged 20–79 years
are living with diabetes. This represents 11.1% of
the world’s population in this age group.

The total number of adults living with diabetes is
predicted to rise to 853 million (13%) by 2050.

An estimated 252 million adults living with diabetes
are unaware they have the condition.

One in four adults (158 million) living with diabetes
are aged over 65.

An estimated 635 million adults aged 20–79 years
are living with impaired glucose tolerance (12%).

Over USD 1 trillion was spent on diabetes in 2024.
This represents 12% of global health expenditure.

Over 3.4 million people died as a result of diabetes
in 2024. This corresponds to 9.3% of global deaths
from all causes.

An estimated 9.1 million people are living with type
1 diabetes. The majority (69%) are aged 20-59.

An estimated 1 in 5 live births (23 million) are
affected by some form of hyperglycaemia
in pregnancy.

IDF Diabetes Atlas 11th Edition - 2025 | diabetesatlas.org | 41
IDF Diabetes Atlas 11th Edition - 2025 | diabetesatlas.org | 41"
small-local-384,idf_ar_projection_2050,5,IDF_Diabetes_Atlas_11th_Edition_2025_WEB_p88_c221,unjudged,,,unjudged,unjudged,,not_relevant,IDF_Diabetes_Atlas_11th_Edition_2025_WEB.pdf,88,"Figure 4.5 Estimated prevalence (%) of diabetes by age and sex, IDF South and Central America
Region 2024.",0.8133,"m = million | b = billion

Highlights

●
1 in 10 adults have diabetes – 35 million.

●
The number of adults with diabetes
is expected to increase by 46% to 52
million by 2050.

●
1 in 3 adults living with diabetes
(30.4%) are undiagnosed.

●
Diabetes is responsible for 224,000
deaths in 2024.

●
797,000 people live with type 1 diabetes.

●
Diabetes-related expenditure totals
USD 81 billion in 2024.

●
1 in 6 live births are affected by
hyperglycaemia in pregnancy.

IDF Diabetes Atlas 11th Edition - 2025 | diabetesatlas.org | 83"
small-local-384,idf_en_undiagnosed,1,IDF_Diabetes_Atlas_11th_Edition_2025_WEB_p56_c146,unjudged,,,unjudged,unjudged,,not_relevant,IDF_Diabetes_Atlas_11th_Edition_2025_WEB.pdf,56,3.3 Undiagnosed diabetes,0.8397,"Globally, more than four in ten adults with diabetes
in 2024 were unaware that they have the condition.
This translates to 252 million people living with
undiagnosed – and therefore untreated – diabetes,
placing them at increased risk of complications and
premature death. Thus, there is a clear need to scale
up screening programmes and high-quality, person-
centred health services, especially in low- and middle-
income countries, where over 85% of people with
undiagnosed diabetes live. Table 3.10 Adults (20–79 years) with undiagnosed diabetes in IDF Regions in 2024, sorted by
proportion undiagnosed from highest to lowest. IDF: International Diabetes Federation; AFR: Africa; EUR: Europe; MENA: Middle East and North Africa; NAC: North America and Caribbean; SACA:
South and Central America; SEA: South-East Asia; WP: Western Pacific IDF Diabetes Atlas 11th Edition - 2025 | diabetesatlas.org | 51"
small-local-384,idf_en_undiagnosed,2,IDF_Diabetes_Atlas_11th_Edition_2025_WEB_p55_c141,unjudged,,,unjudged,unjudged,,not_relevant,IDF_Diabetes_Atlas_11th_Edition_2025_WEB.pdf,55,3.2 Diabetes prevalence in older adults in 2024 and projection to 2050,0.7849,"Across low-income, middle-income, and high-income
countries, 58.7%, 45.5%, and 28.9% of adults living
with diabetes are undiagnosed (Table 3.9). Globally,
86.9% of all people with undiagnosed diabetes live in
low- and middle-income countries, home to four-fifths
of the world’s population. 5 Early diagnosis and the timely initiation of treatment
are crucial for individuals with diabetes to prevent
or delay complications, avoid premature death, 50 | IDF Diabetes Atlas 11th Edition - 2025 | diabetesatlas.org"
small-local-384,idf_en_undiagnosed,3,IDF_Diabetes_Atlas_11th_Edition_2025_WEB_p73_c183,unjudged,,,unjudged,unjudged,,not_relevant,IDF_Diabetes_Atlas_11th_Edition_2025_WEB.pdf,73,3.8 Type 1 diabetes estimates in children and adults,0.7661,"3.8 Type 1 diabetes estimates in children and adults Findings Previous editions of the IDF Diabetes Atlas were
restricted to children and adolescents living with
type 1 diabetes (T1D) and did not consider potential
changes in incidence and mortality in the interval
between the study dates of the respective individual
country data and publication dates of the Atlas. In 2024, there were an estimated 9.15 million
individuals worldwide living with diagnosed clinical
T1D, 17 with 22.3% (2.04 million) of these living in
low-income and lower-middle-income countries. Of this total population of 9.15 million, 1.81 million
(19.8%), were younger than 20 years, 6.28 million
(68.6%) were between 20 and 59 and 1.06 million
(11.8%) were 60 or older."
small-local-384,idf_en_undiagnosed,4,IDF_Diabetes_Atlas_11th_Edition_2025_WEB_p57_c148,unjudged,,,unjudged,unjudged,,not_relevant,IDF_Diabetes_Atlas_11th_Edition_2025_WEB.pdf,57,3.3 Undiagnosed diabetes,0.7586,"Map 3.4 Proportion of adults (20–79 years) with undiagnosed diabetes by country in 2024.

<24%

35-<45%

45-<55%

55-<64%
≥ 65%
No estimates

Table 3.11 Top 10 countries with the largest number of adults (20–79 years) with undiagnosed
diabetes in 2024.

52 | IDF Diabetes Atlas 11th Edition - 2025 | diabetesatlas.org"
small-local-384,idf_en_undiagnosed,5,IDF_Diabetes_Atlas_11th_Edition_2025_WEB_p46_c118,unjudged,,,unjudged,unjudged,,relevant,IDF_Diabetes_Atlas_11th_Edition_2025_WEB.pdf,46,Key messages:,0.7569,"Key messages:

An estimated 589 million adults aged 20–79 years
are living with diabetes. This represents 11.1% of
the world’s population in this age group.

The total number of adults living with diabetes is
predicted to rise to 853 million (13%) by 2050.

An estimated 252 million adults living with diabetes
are unaware they have the condition.

One in four adults (158 million) living with diabetes
are aged over 65.

An estimated 635 million adults aged 20–79 years
are living with impaired glucose tolerance (12%).

Over USD 1 trillion was spent on diabetes in 2024.
This represents 12% of global health expenditure.

Over 3.4 million people died as a result of diabetes
in 2024. This corresponds to 9.3% of global deaths
from all causes.

An estimated 9.1 million people are living with type
1 diabetes. The majority (69%) are aged 20-59.

An estimated 1 in 5 live births (23 million) are
affected by some form of hyperglycaemia
in pregnancy.

IDF Diabetes Atlas 11th Edition - 2025 | diabetesatlas.org | 41
IDF Diabetes Atlas 11th Edition - 2025 | diabetesatlas.org | 41"
small-local-384,idf_ar_expenditure,1,IDF_Diabetes_Atlas_11th_Edition_2025_WEB_p66_c169,unjudged,,,unjudged,unjudged,,not_relevant,IDF_Diabetes_Atlas_11th_Edition_2025_WEB.pdf,66,"In 2024, the total global
diabetes-related health
expenditure exceeded
one trillion USD for the
first time.",0.8372,"Figure 3.7 Total diabetes-related health expenditure for adults (20–79 years) with diabetes from
2006 to 2050. 1200 1000 800 USD billion 600 400 200 0 2006
2009
2011
2013
2015
2017
2019
2021
2024
2050 Year Regional distribution Expenditure due to diabetes has a substantial
impact on total health expenditure worldwide,
representing 11.9% of total global health spending.
In the SACA Region, an average of 22.4% of the
total health expenditure was due to diabetes, the
highest percentage of the IDF Regions, followed by
17.0% in the MENA Region. The lowest percentage
of health expenditure due to diabetes was
observed in the EUR Region (8.8%) (Figure 3.10)."
small-local-384,idf_ar_expenditure,2,IDF_Diabetes_Atlas_11th_Edition_2025_WEB_p65_c168,unjudged,,,unjudged,unjudged,,not_relevant,IDF_Diabetes_Atlas_11th_Edition_2025_WEB.pdf,65,3.7 The economic impact of diabetes,0.8236,"This represents a 338% increase over 17 years. Part
of this increase can be attributed to improved data
quality. The direct costs of diabetes are expected to
continue to grow. IDF estimates that total diabetes-
related health expenditure will reach USD 1.043
trillion by 2050. This projection is conservative as
it considers only population size, ageing, changes
in sex distribution and urbanisation and assumes
that age and sex-specific diabetes prevalence and
diabetes-related expenditure remain constant. 60 | IDF Diabetes Atlas 11th Edition - 2025 | diabetesatlas.org"
small-local-384,idf_ar_expenditure,3,IDF_Diabetes_Atlas_11th_Edition_2025_WEB_p71_c180,unjudged,,,unjudged,unjudged,,not_relevant,IDF_Diabetes_Atlas_11th_Edition_2025_WEB.pdf,71,"Map 3.8 Total diabetes-related health expenditure (USD) by country for adults (20–79 years) with
diabetes in 2024.",0.8201,"Map 3.8 Total diabetes-related health expenditure (USD) by country for adults (20–79 years) with
diabetes in 2024.

<50 million

10-<50 million

50-<200 million

200 million-<1 billion
≥ 1 billion

No estimates

Map 3.9 Diabetes-related health expenditure (USD) by country per adult (20–79 years) with
diabetes in 2024.

<250

250-<500

500-<1,000

1,000-<2,000

2,000-<5,000
≥ 5,000
No estimates

66 | IDF Diabetes Atlas 11th Edition - 2025 | diabetesatlas.org"
small-local-384,idf_ar_expenditure,4,IDF_Diabetes_Atlas_11th_Edition_2025_WEB_p48_c122,unjudged,,,unjudged,unjudged,,not_relevant,IDF_Diabetes_Atlas_11th_Edition_2025_WEB.pdf,48,3.1 Diabetes prevalence in 2024 and projection to 2050 (20–79 years),0.7958,"| At a glance |  | 2024 | 2050 |
| --- | --- | --- | --- |
| World Population Total Adults (20-79 years) |  | 8.1 billion 5.3 billion | 9.7 billion 6.6 billion |
| All diabetes (20–79 years) Number of people with diabetes Prevalencei Number of deaths attributed to diabetes Total health expenditure due to diabetesii (2024 USD) |  | 588.7 million 11.1% 3.4 million 1.015 trillion | 852.5 million 13.0% - 1.043 trillion |
| Type 1 diabetes Number of people with type 1 diabetes (all age groups) Number of people with type 1 diabetes (>20 years) |  | 9.2 million 1.8 million |  |
| Intermediate Hyperglycaemia Impaired glucose tolerance (20–79 years) Number of people Prevalencei Impaired fasting glucose (20–79 years) Number of people with impaired fasting glucose Prevalencei |  | 634.8 million 12.0% 487.7 million 9.2% | 846.5 million 12.9% 647.5 million 9.8% |
| Hyperglycaemia in pregnancy (20–49 years) Number of live births affected Proportion of live births affected |  | 23 million 19.7% |  |"
small-local-384,idf_ar_expenditure,5,IDF_Diabetes_Atlas_11th_Edition_2025_WEB_p1_c0,unjudged,,,unjudged,unjudged,,not_relevant,IDF_Diabetes_Atlas_11th_Edition_2025_WEB.pdf,1,"11th Edition | 2025
Diabetes Atlas",0.7903,"11th Edition | 2025
Diabetes Atlas

589

million

people worldwide

have diabetes"
small-local-384,idf_en_regions,1,IDF_Diabetes_Atlas_11th_Edition_2025_WEB_p117_c290,unjudged,,,unjudged,unjudged,,not_relevant,IDF_Diabetes_Atlas_11th_Edition_2025_WEB.pdf,117,"Country summary in IDF South and Central America Region
2024",0.8364,"Country summary in IDF South and Central America Region
2024

South and Central America

112 | IDF Diabetes Atlas 11th Edition - 2025 | diabetesatlas.org"
small-local-384,idf_en_regions,2,IDF_Diabetes_Atlas_11th_Edition_2025_WEB_p119_c294,unjudged,,,unjudged,unjudged,,not_relevant,IDF_Diabetes_Atlas_11th_Edition_2025_WEB.pdf,119,"Country summary in IDF South-East Asia Region
2024",0.8329,"Country summary in IDF South-East Asia Region
2024

South-East Asia

114 | IDF Diabetes Atlas 11th Edition - 2025 | diabetesatlas.org"
small-local-384,idf_en_regions,3,IDF_Diabetes_Atlas_11th_Edition_2025_WEB_p109_c274,unjudged,,,unjudged,unjudged,,not_relevant,IDF_Diabetes_Atlas_11th_Edition_2025_WEB.pdf,109,"Country summary in IDF Europe Region
2024",0.8248,"Country summary in IDF Europe Region
2024

Europe

104 | IDF Diabetes Atlas 11th Edition - 2025 | diabetesatlas.org"
small-local-384,idf_en_regions,4,IDF_Diabetes_Atlas_11th_Edition_2025_WEB_p32_c84,unjudged,,,unjudged,unjudged,,not_relevant,IDF_Diabetes_Atlas_11th_Edition_2025_WEB.pdf,32,Key messages:,0.8211,"Key messages:

246 data sources from 153 countries were selected
to estimate diabetes prevalence for the current IDF
Diabetes Atlas.

Data sources come from countries which comprise
over 93% of the global population.

Other sources, such as registries, have also been
included, but only after rigorous scrutiny of their
quality, just as for the peer-reviewed publications.

Future projections have been calculated using the
United Nations population predictions and degree
of urbanisation. These predictions only take into
account changes in the distribution of age, sex
and urban/rural residence ratio.

IDF Diabetes Atlas 11th Edition - 2025 | diabetesatlas.org | 27"
small-local-384,idf_en_regions,5,IDF_Diabetes_Atlas_11th_Edition_2025_WEB_p9_c17,unjudged,,,unjudged,unjudged,,not_relevant,IDF_Diabetes_Atlas_11th_Edition_2025_WEB.pdf,9,"Foreword by the IDF Diabetes
Atlas Chairs",0.8205,"Foreword by the IDF Diabetes
Atlas Chairs span for the estimate of numbers of persons globally
with diabetes, ranging from approximately 500 to
800 million in 2021-2024. Along this range, the GBD
and IDF estimates fall close to 500 million, while the
NCD-RisC estimate is at the upper end of the range.
A critical examination of differing methodologies
is needed to better inform healthcare planning
regarding the magnitude of the diabetes problem. It gives us great pleasure to present to you the 11th
Edition of the IDF Diabetes Atlas. The IDF Atlas has now been in production for over two
decades and delivers valuable and realistic summary
data on the state of diabetes for each nation and the
world population. Initially designed as a data resource
for individual countries and to advance the interests of
global health, it has since evolved and demonstrated
itself to be a valuable advocacy tool as well. In this edition, 62 out of 215 countries or territories (29%) lack in-country data. While this is an improvement on previous editions, it is still grossly inadequate, and data from Africa is still worryingly sparse. It should be noted that many older studies"
small-local-384,who_ar_recommendation_count,1,WHO_recommendations_on_care_for_women_wi_p3_c1,unjudged,,,unjudged,unjudged,,not_relevant,WHO recommendations on care for women with diabetes during pregnancy.pdf,3,,0.8101,"WHO recommendations on
care for women with diabetes

during pregnancy"
small-local-384,who_ar_recommendation_count,2,WHO_recommendations_on_care_for_women_wi_p1_c0,unjudged,,,unjudged,unjudged,,not_relevant,WHO recommendations on care for women with diabetes during pregnancy.pdf,1,,0.8101,"WHO recommendations on
care for women with diabetes

during pregnancy"
small-local-384,who_ar_recommendation_count,3,WHO_recommendations_on_care_for_women_wi_p72_c189,unjudged,,,unjudged,unjudged,,not_relevant,WHO recommendations on care for women with diabetes during pregnancy.pdf,72,"Annex 3.
Summary and management
of declared interests from
GDG members",0.804,"WHO recommendations on care for women with diabetes during pregnancy

56"
small-local-384,who_ar_recommendation_count,4,WHO_recommendations_on_care_for_women_wi_p22_c47,unjudged,,,unjudged,unjudged,,not_relevant,WHO recommendations on care for women with diabetes during pregnancy.pdf,22,"2.2.2 Evidence on values, resource use and cost–effectiveness, equity and
human rights, acceptability and feasibility",0.7928,"WHO recommendations on care for women with diabetes during pregnancy 2.2 Evidence identification and retrieval Evidence to support the development of the guideline recommendations was derived from several sources by the systematic review teams working in collaboration with the WHO Steering Group. 2.2.1 Evidence on effectiveness To inform the development of the recommendations, WHO commissioned a set of three de novo systematic reviews on the management of diabetes during pregnancy, one of which covered nine priority questions. External groups of systematic reviewers were asked to prepare review protocols with clear PICO questions and criteria for identification of studies, including search strategies for different bibliographic databases, methods for assessing risk of bias and a data analysis plan (19–21). The WHO Steering Group and the guideline methodologists reviewed and endorsed the protocols before the systematic reviews were conducted. The search strategies employed to identify the studies and the specific criteria for inclusion and exclusion of studies are described in the individual systematic reviews. Studies from low-, middle- and high-"
small-local-384,who_ar_recommendation_count,5,WHO_recommendations_on_care_for_women_wi_p27_c61,unjudged,,,unjudged,unjudged,,relevant,WHO recommendations on care for women with diabetes during pregnancy.pdf,27,3,0.7846,"3 Recommendations
and supporting
evidence The GDG issued 27 recommendations – four on care for all women with diabetes (type 1, type 2 or gestational) during pregnancy, six on glucose monitoring, two on pharmacological treatment for pregnant women with type 1 diabetes, four on pharmacological treatment for pregnant women with type 2 diabetes and two on pharmacological treatment for women with GDM, and nine on additional monitoring and assessments. This section outlines the recommendations corresponding to the priority questions. To ensure that the recommendations are correctly understood and appropriately implemented in 11 practice, additional ‘remarks’ reflecting the summary of the discussions by the GDG are included. The recommendations should be applied in conjunction with the implementation considerations. The EtD frameworks – presenting the available effectiveness evidence, the balance between the desirable and undesirable effects, values of stakeholders, resource requirements, cost–effectiveness, acceptability, feasibility and equity, and human rights that were considered in formulating each recommendation – are presented separately in the web annexes to this guideline."
small-local-384,who_en_monitoring_scope,1,WHO_recommendations_on_care_for_women_wi_p34_c85,unjudged,,,unjudged,unjudged,,not_relevant,WHO recommendations on care for women with diabetes during pregnancy.pdf,34,"3.1.2
Glucose monitoring",0.8683,"and limited empirical evidence on the harms and benefits of different modes of glucose monitoring during pregnancy, these recommendations provide guidance on the appropriate mode of monitoring for the different types of diabetes."
small-local-384,who_en_monitoring_scope,2,WHO_recommendations_on_care_for_women_wi_p61_c162,unjudged,,,unjudged,unjudged,,not_relevant,WHO recommendations on care for women with diabetes during pregnancy.pdf,61,References,0.8268,"19.
Burk J, Sweeting A. The impact of self-monitoring of blood glucose and continuous glucose monitoring on perinatal and health
system outcomes in individuals with diabetes in pregnancy: a systematic review and meta-analysis. PROSPERO. 2024;https://
www.crd.york.ac.uk/PROSPERO/view/CRD42024594987. 20.
Hurley A, Makama M, Vogel J, Sultana S. Antepartum fetal monitoring in diabetic and high-risk women: A systematic review.
PROSPERO. 2024;https://www.crd.york.ac.uk/PROSPERO/view/CRD42024557435. 21.
Villanueva G, Cogo E, Sguassero Y, Buckley B, Probyn K, Bergman H, et al. Diabetes management during pregnancy. PROSPERO.
2025;https://www.crd.york.ac.uk/PROSPERO/view/CRD42025630036. 22.
Weibel S, Popp M, Reis S, Skoetz N, Garner P, Sydenham E. Identifying and managing problematic trials: A research integrity
assessment tool for randomized controlled trials in evidence synthesis. Res Synth Methods. 2023;14(3):357–69. doi: https://doi.
org/10.1002/jrsm.1599."
small-local-384,who_en_monitoring_scope,3,WHO_recommendations_on_care_for_women_wi_p36_c89,unjudged,,,unjudged,unjudged,,not_relevant,WHO recommendations on care for women with diabetes during pregnancy.pdf,36,"3.1.2
Glucose monitoring",0.8215,"WHO recommendations on care for women with diabetes during pregnancy •
Although findings vary, some women with GDM find blood glucose monitoring to be a useful way of managing their condition without the use of insulin ( moderate confidence ) (37). However, some women with GDM find blood glucose monitoring to be time consuming and socially isolating ( moderate confidence ) (33), with some expressing concern about the associated pain and potential bleeding ( moderate confidence ) (33, 35). In addition, for women unused to the routine of blood glucose monitoring, there was a tendency to forget to test at regular intervals ( moderate confidence ) (38). The use of smartphone apps or health centre reminders sometimes negated this problem ( low confidence ) (38). Feasibility •
While the QES found no direct evidence regarding the feasibility of different monitoring systems from the perspective of health-care providers (16), indirect evidence suggests that some may require additional training to better understand the management of diabetes during pregnancy ( moderate confidence ) and that some find guidelines and protocols for diabetes management (including monitoring) during"
small-local-384,who_en_monitoring_scope,4,WHO_recommendations_on_care_for_women_wi_p34_c84,unjudged,,,unjudged,unjudged,,not_relevant,WHO recommendations on care for women with diabetes during pregnancy.pdf,34,"3.1.2
Glucose monitoring",0.8088,"•
Indirect evidence from the same review (16) suggests that some health-care providers would like more 18 specialized training to better understand diabetes management during pregnancy ( moderate confidence ). 3.1.2
Glucose monitoring Mode of glucose monitoring Recommendations 5
For pregnant women with type 1, type 2 or gestational diabetes, recommend SMBG in addition to routine care, where feasible. 6
For pregnant women with type 1 diabetes, recommend the use of a CGM system, where feasible. 7
For pregnant women with type 2 or gestational diabetes, do not routinely recommend use of a CGM system. Rationale •
Regular monitoring of blood glucose levels, and recognizing when they are low or high, is crucial to managing diabetes during pregnancy and preventing complications. Women using insulin or other glucose-lowering agents require more frequent monitoring. •
The GDG noted that SMBG has been standard care for people with type 1 diabetes since the mid- to late- 1980s and it is unethical not to offer it in this population. •
In the context of potential harm to the developing baby from both hypoglycaemia and hyperglycaemia"
small-local-384,who_en_monitoring_scope,5,WHO_recommendations_on_care_for_women_wi_p34_c83,unjudged,,,unjudged,unjudged,,not_relevant,WHO recommendations on care for women with diabetes during pregnancy.pdf,34,"3.1.2
Glucose monitoring",0.7979,"WHO recommendations on care for women with diabetes during pregnancy –
support the woman in monitoring blood glucose; –
support the woman in maintaining target glucose levels; –
effectively manage the use of insulin and/or oral glucose-lowering agents in pregnancy; –
provide individualized dietary and activity advice, education and support; –
undertake and respond to appropriate fetal surveillance. Equity and human rights •
Indirect evidence from the QES (16) indicates that specialized services may not be available in all settings, particularly in low-income contexts ( l ow confidence ). •
In addition, where specialized services are available, the additional costs associated with attendance (transportation, childcare, time away from work) may be prohibitive for some women, especially those on low incomes and/or those requiring extra clinic visits to support other aspects of their antenatal care and/ or diabetic management ( low confidence ). Feasibility •
Indirect evidence from the QES (16) suggests that health-care providers recognize the importance of inter- professional collaboration and a multidisciplinary team approach to care ( moderate confidence )."
small-local-384,who_ar_individualized_care,1,IDF_Diabetes_Atlas_11th_Edition_2025_WEB_p23_c56,unjudged,,,unjudged,unjudged,,not_relevant,IDF_Diabetes_Atlas_11th_Edition_2025_WEB.pdf,23,1.2 Type 2 diabetes,0.7304,"Beyond controlling blood glucose levels, it is critically
important to manage blood pressure (BP) and
blood cholesterol (LDL-c) levels and assess control
of these risk factors on a regular basis (at least
annually). Regular screening for the development
of early diabetes-related complications, such as
kidney disease, retinopathy, neuropathy, peripheral
artery disease and foot ulceration, helps prevent the
development and progression of these complications.
With regular check-ups and effective lifestyle
management – along with medication as needed and
support in the form of diabetes education – people
with type 2 diabetes can lead long and healthy lives. 1.4 Diagnostic criteria for diabetes Most guidelines use the standard diagnostic criteria
proposed by IDF and the World Health Organization
(WHO) Figure 1.1. The footnote in Figure 1.1 mentions
the American Diabetes Association (ADA) inclusion of
HbA1c as part of the diagnostic criteria of diabetes
and prediabetes. WHO supports the use of HbA1c
≥ 6.5% for diabetes diagnosis but not for intermediate
hyperglycaemia, partly on the grounds that quality-
assured HbA1c measurement is not available on a
global scale. 27"
small-local-384,who_ar_individualized_care,2,IDF_Diabetes_Atlas_11th_Edition_2025_WEB_p126_c313,unjudged,,,unjudged,unjudged,,not_relevant,IDF_Diabetes_Atlas_11th_Edition_2025_WEB.pdf,126,I,0.6996,"Blood glucose that is higher than normal but below
the diagnostic threshold for diabetes, after ingesting
a standard amount of glucose during an oral glucose
tolerance test. Fasting and two-hour glucose values
are needed for its diagnosis. An oral therapy for type 2 diabetes, and one of a
group of drugs known as biguanides. These lower
blood glucose levels in people with type 2 diabetes by
increasing the sensitivity of muscle cells to insulin,
and by reducing the amount of glucose produced
by the liver. Incidence Microvascular complications The number of new cases of a disease or condition
among a group of people without the disease who are
at risk of developing this condition during a specified
time period. Complications of diabetes that include diabetic
nephropathy, neuropathy and retinopathy, which
are caused by pathological changes in
the microvasculature. Insulin Monogenic diabetes A hormone produced in the pancreas, as a response to
glucose. Insulin triggers cells to take up glucose from
the blood stream and convert it to energy. Less common types of diabetes, resulting from
single genetic mutations. Examples include MODY
and Neonatal Diabetes Mellitus. Insulin resistance"
small-local-384,who_ar_individualized_care,3,IDF_Diabetes_Atlas_11th_Edition_2025_WEB_p23_c55,unjudged,,,unjudged,unjudged,,not_relevant,IDF_Diabetes_Atlas_11th_Edition_2025_WEB.pdf,23,1.2 Type 2 diabetes,0.6878,"Insulin injections may be necessary to control
hyperglycaemia to recommended levels if non-insulin
medications do not help people with type 2 diabetes
to achieve glycaemic control. and cardiovascular disease. 30,32–35 The detection of
intermediate hyperglycaemia provides a target
population for interventions. 36,37 Progression from IGT or IFG to type 2 diabetes
depends on the degree of hyperglycaemia and
other risk factors, particularly age and excess body
weight. 37,38 The absolute risk for this progression
depends dramatically on individual characteristics
such as age and BMI."
small-local-384,who_ar_individualized_care,4,IDF_Diabetes_Atlas_11th_Edition_2025_WEB_p19_c44,unjudged,,,unjudged,unjudged,,not_relevant,IDF_Diabetes_Atlas_11th_Edition_2025_WEB.pdf,19,Key messages:,0.6873,"Insulin allows glucose from the bloodstream to enter
the body’s cells, where it is converted into energy or
stored. Insulin is also essential for the metabolism of
protein and fat. A lack of insulin, or the inability of cells
to respond to it, leads to high levels of blood glucose
(hyperglycaemia), which is the clinical indicator of
diabetes. Another important measurement of blood
glucose (glycaemia) is Haemoglobin A1c (HbA1c),
which gives an indication of glucose concentration
in the blood over a period of 90 days prior to the
blood test. Both direct measurement of glucose
concentration in plasma or HbA1c may be used to
diagnose diabetes. The threshold glycaemia levels for
the diagnosis of diabetes can be found in Figure 1.1. 14 | IDF Diabetes Atlas 11th Edition - 2025 | diabetesatlas.org"
small-local-384,who_ar_individualized_care,5,WHO_recommendations_on_care_for_women_wi_p37_c94,unjudged,,,unjudged,unjudged,,not_relevant,WHO recommendations on care for women with diabetes during pregnancy.pdf,37,"3.1.2
Glucose monitoring",0.6731,"based on hypoglycaemic risk. In contrast, individuals with type 2 diabetes typically retain some endogenous insulin secretion, leading to more stable glycaemic profiles and enabling more aggressive early control, although targets must be moderated in the presence of cardiovascular comorbidities or advanced age. •
The WHO PEN (Package of Essential Noncommunicable Disease Interventions) protocol recommends that most people with diabetes aim for an HbA1c of 7.0% (53 mmol/mol). If HbA1c measurement is not"
small-local-384,who_en_gdm_lifestyle_trial,1,WHO_recommendations_on_care_for_women_wi_p44_c113,unjudged,,,unjudged,unjudged,,relevant,WHO recommendations on care for women with diabetes during pregnancy.pdf,44,"3.1.3
Pharmacological treatment",0.7765,"WHO recommendations on care for women with diabetes during pregnancy Remarks Commencement of pharmacotherapy •
The GDG acknowledged that a two-week trial of diet and physical activity to achieve glycaemic control is typically conducted before considering commencement of blood glucose-lowering medication for GDM. The trials comparing different pharmacological agents included in the systematic review used a range of lengths of diet/activity (when described this ranged from 3 to 28 days, most commonly seven days). However, in some settings and for some clinical presentations (e.g. based on level of glycaemic control or maternal/fetal concerns), medication may be commenced without a trial of diet/activity. Trigger for treatment initiation or change •
In the trials comparing different pharmacological agents included in the systematic review, thresholds used for insulin initiation, treatment agent switch and dose escalation were poorly and inconsistently reported. In most studies, the trigger for FPG was 5.0 to 5.5 mmol/L (90 to 100 mg/dL), with some using stricter (3.4 to 5.0 mmol/L [60 to 90 mg/dL]) or looser (<6.1 mmol/L [<110 mg/dL]) targets. One-hour"
small-local-384,who_en_gdm_lifestyle_trial,2,WHO_recommendations_on_care_for_women_wi_p39_c100,unjudged,,,unjudged,unjudged,,not_relevant,WHO recommendations on care for women with diabetes during pregnancy.pdf,39,"3.1.3
Pharmacological treatment",0.7716,"require additional training to better understand the management of diabetes during pregnancy ( moderate confidence ) (16). Indirect evidence from the same review also suggests that some health-care providers found different guidelines and protocols for diabetes management (including screening and monitoring) during pregnancy to be inconsistent, confusing and occasionally outdated ( moderate confidence ). 3.1.3
Pharmacological treatment Type 1 diabetes Recommendations 11
For pregnant women with type 1 diabetes, recommend continuation of the same type of insulin used before pregnancy unless a change is considered necessary to optimize blood glucose control and outcomes for the woman and baby. 12
For pregnant women with type 1 diabetes, recommend continuation of the method of insulin delivery used before pregnancy unless a change is considered necessary to optimize blood glucose control and outcomes for the woman and baby."
small-local-384,who_en_gdm_lifestyle_trial,3,WHO_recommendations_on_care_for_women_wi_p44_c115,unjudged,,,unjudged,unjudged,,not_relevant,WHO recommendations on care for women with diabetes during pregnancy.pdf,44,"3.1.3
Pharmacological treatment",0.7675,"•
Many blood-glucose lowering agents are either not recommended for use in pregnancy or do not have adequate safety data in pregnancy (e.g. GLP-1Ras and SGLT2 inhibitors). However, the GDG acknowledged that there may be situations where a blood-glucose lowering agent other than insulin or metformin needs to be considered (e.g. when a woman refuses insulin and metformin is not tolerated or is ineffective in achieving the woman’s glycaemic control). In these circumstances other agents, such as a sulfonylurea, may be considered after discussion of potential benefits and harms. Dosage of glucose-lowering agent •
Titration of medications for glycaemic control is individualized and guided by regular blood glucose monitoring. Stopping treatment with glucose-lowering agents •
The GDG acknowledged that usual clinical practice is to stop treatment with glucose-lowering agents soon after the birth of the baby. Due to the increased risk of type 2 diabetes in women who have experienced GDM (7), follow-up assessment of glucose tolerance is essential 6 to 12 weeks postnatally."
small-local-384,who_en_gdm_lifestyle_trial,4,WHO_recommendations_on_care_for_women_wi_p34_c85,unjudged,,,unjudged,unjudged,,not_relevant,WHO recommendations on care for women with diabetes during pregnancy.pdf,34,"3.1.2
Glucose monitoring",0.7557,"and limited empirical evidence on the harms and benefits of different modes of glucose monitoring during pregnancy, these recommendations provide guidance on the appropriate mode of monitoring for the different types of diabetes."
small-local-384,who_en_gdm_lifestyle_trial,5,WHO_recommendations_on_care_for_women_wi_p40_c103,unjudged,,,unjudged,unjudged,,not_relevant,WHO recommendations on care for women with diabetes during pregnancy.pdf,40,"3.1.3
Pharmacological treatment",0.7542,"pregnancy (e.g. before or after meals). Indirect evidence (in non-pregnant type 1 diabetes populations) suggests that insulin before meals is advisable (48). Adjunctive metformin •
Although the GDG prioritized this question, the systematic review identified no randomized trials investigating the use of adjunctive metformin for women with type 1 diabetes in pregnancy. Desirable and undesirable effects of insulin types •
The systematic review conducted to inform this guideline identified the following comparisons and findings. The GDG acknowledged that changes in the market mean that some medications may become unavailable and that new products may become available and trigger review of the guidelines as evidence emerges."
small-local-384,who_ar_care_actions,1,WHO_recommendations_on_care_for_women_wi_p3_c1,unjudged,,,unjudged,unjudged,,not_relevant,WHO recommendations on care for women with diabetes during pregnancy.pdf,3,,0.9075,"WHO recommendations on
care for women with diabetes

during pregnancy"
small-local-384,who_ar_care_actions,2,WHO_recommendations_on_care_for_women_wi_p1_c0,unjudged,,,unjudged,unjudged,,not_relevant,WHO recommendations on care for women with diabetes during pregnancy.pdf,1,,0.9075,"WHO recommendations on
care for women with diabetes

during pregnancy"
small-local-384,who_ar_care_actions,3,WHO_recommendations_on_care_for_women_wi_p72_c189,unjudged,,,unjudged,unjudged,,not_relevant,WHO recommendations on care for women with diabetes during pregnancy.pdf,72,"Annex 3.
Summary and management
of declared interests from
GDG members",0.8922,"WHO recommendations on care for women with diabetes during pregnancy

56"
small-local-384,who_ar_care_actions,4,WHO_recommendations_on_care_for_women_wi_p34_c83,unjudged,,,unjudged,unjudged,,relevant,WHO recommendations on care for women with diabetes during pregnancy.pdf,34,"3.1.2
Glucose monitoring",0.7936,"WHO recommendations on care for women with diabetes during pregnancy –
support the woman in monitoring blood glucose; –
support the woman in maintaining target glucose levels; –
effectively manage the use of insulin and/or oral glucose-lowering agents in pregnancy; –
provide individualized dietary and activity advice, education and support; –
undertake and respond to appropriate fetal surveillance. Equity and human rights •
Indirect evidence from the QES (16) indicates that specialized services may not be available in all settings, particularly in low-income contexts ( l ow confidence ). •
In addition, where specialized services are available, the additional costs associated with attendance (transportation, childcare, time away from work) may be prohibitive for some women, especially those on low incomes and/or those requiring extra clinic visits to support other aspects of their antenatal care and/ or diabetic management ( low confidence ). Feasibility •
Indirect evidence from the QES (16) suggests that health-care providers recognize the importance of inter- professional collaboration and a multidisciplinary team approach to care ( moderate confidence )."
small-local-384,who_ar_care_actions,5,WHO_recommendations_on_care_for_women_wi_p50_c132,unjudged,,,unjudged,unjudged,,not_relevant,WHO recommendations on care for women with diabetes during pregnancy.pdf,50,"3.1.4
Additional monitoring",0.7812,"WHO recommendations on care for women with diabetes during pregnancy •
Indirect evidence highlights the importance of teamwork, especially for women receiving additional (or enhanced) services (16). Some health-care providers felt there were gaps in the system caused by poor communication between different disciplines and/or departments and stressed the importance of ‘joined up’ care and efficient, multidisciplinary teamworking ( moderate confidence ). Feasibility •
Indirect evidence from the QES suggests that some health systems may struggle to cope with enhanced services for pregnant diabetic women given the extra demands (in terms of resources, staff training and equipment) required to support these services in already overstretched health systems ( high confidence ) (16). Renal assessment Recommendations 25
For pregnant women with type 1 or type 2 diabetes, assess renal function when antenatal care is initiated and arrange specialist follow-up for women if impaired renal function is identified. 26
For women with GDM, do not routinely assess renal function. 27
For pregnant women with type 1 or type 2 diabetes with impaired renal function, emphasize the importance of"
small-local-384,no_evidence_en_malaria,1,Prevention_and_control_of_diabetes_melli_p58_c146,unjudged,,,unjudged,unjudged,,not_relevant,Prevention and control of diabetes mellitus Lessons for service delivery from countries in the WHO South-East Asia Region.pdf,58,Case study 5,0.4339,"Implementation approach: The project
approach was aligned with WHO and
International Union Against Tuberculosis
and Lung Disease (the Union)’s framework
for collaborative activities to address the dual
burden of TB and diabetes. The approach was
based on the establishment of a collaborative
framework for diabetes and TB detection,
management and care at provincial and
district levels, created through roundtable
discussions between the existing TB and
diabetes programmes. TB and diabetes
services are provided at different facilities
and by different health workers. Patients
diagnosed with one condition are screened
for the other and cross-referred between the
two programmes to ensure continuity of care
and follow-up. Prevention and control of diabetes mellitus: Lessons for service delivery from countries in the WHO South-East Asia Region"
small-local-384,no_evidence_en_malaria,2,Prevention_and_control_of_diabetes_melli_p86_c234,unjudged,,,unjudged,unjudged,,not_relevant,Prevention and control of diabetes mellitus Lessons for service delivery from countries in the WHO South-East Asia Region.pdf,86,References,0.4298,"37. Kapur A, Harries AD, Lönnroth K, Wilson P, Sulistyowati LS (2016). Diabetes and tuberculosis
co-epidemic: the Bali Declaration.  Lancet Diabetes Endocrinol. 2016  ;4(1)  :8–10. Available
from : https ://www.thelancet.com/journals/landia/article/PIIS2213-8587(15)00461-1/fulltext,
accessed 23 November 2025. 38. World Health Organization (2025). Noncommunicable diseases country profile: Sri Lanka. Geneva:
World Health Organization; 2025 (https://ncdportal.org/CountryProfile/GHE110/LKA#risk-factor1,
accessed 23 November 2025). 39. Roengrudee Patanavanich (ed). Thailand National Health Examination Survey VII (2024-2025).
Thai National Health Examination Survey (NHES) website. 2025. Available from: https://thai-nhes.
com/, accessed 12 December 2025. 40. Ministry of Public Health (Thailand). Health Data Center (HDC) Service. Nonthanburi (TH): Ministry
of Public Health. Available from: https://hdcservice.moph.go.th, accessed 12 December 2025. 41. World Health Organization (2025). Noncommunicable diseases country profile –Timor-Leste.
Geneva: World Health Organization; 2025 (https://ncdportal.org/CountryProfile/GHE110/TLS,
accessed 23 November 2025). 72"
small-local-384,no_evidence_en_malaria,3,Prevention_and_control_of_diabetes_melli_p57_c144,unjudged,,,unjudged,unjudged,,not_relevant,Prevention and control of diabetes mellitus Lessons for service delivery from countries in the WHO South-East Asia Region.pdf,57,Case study 4,0.4161,"|  | INDONESIA Improving integrated screening and management of tuberculosis and diabetes Background and rationale: Like many other Objectives: The main objective of the project countries, Indonesia is in an epidemiological was to strengthen bidirectional screening and transition with a high burden of infectious integrated management of TB and diabetes, diseases, including tuberculosis (TB), and as bidirectional screening and treatment is a rising NCD burden. The country has an vital to control both conditions. It focused on estimated diabetes prevalence of 10.8%, developing practical guidelines and training accounting for 19 465 102 adults (28). In 2022, modules, tailored for doctors, nurses and the estimated prevalence of TB in Indonesia community health workers, and facilitated was approximately 312 cases per 100 000 training of health-care professionals and population. Both TB and diabetes prevalence community health workers in co-management places Indonesia among the seven countries protocols. The project also promoted with the highest burden of these two diseases early identification of TB and diabetes by (34). introducing diabetes checks among TB patients and TB screening for individuals with Indonesian Family Life Survey (IFLS) 2014 data diabetes. It also strengthened health-seeking show that only 54% of public health centres behaviour through community education and (puskesmas) can test blood glucose and patient awareness activities. only 47% reported the ability to test urine. The capacity of primary care to undertake Project setting, population and timeline: diagnostic testing also varies among urban Building on earlier work in North Moluccas, and rural areas and across provinces. Urban East Kalimantan and Jakarta, this project capacity was higher than rural capacity, extended the scope across five provinces: while the eastern provinces demonstrated North Moluccas (North Maluku), North lower capacity compared with the western Celebes (now North Sulawesi), Jakarta, provinces. West Java and East Nusa Tenggara, with a |
| --- | --- |"
small-local-384,no_evidence_en_malaria,4,Regional_Commemoration_of_World_Diabetes_p43_c125,unjudged,,,unjudged,unjudged,,not_relevant,Regional Commemoration of World Diabetes Day 2024.pdf,43,"Annexure 3
Programme",0.4157,"•
Dr Anupam Prakash, Head of Medicine Department, Lady Hardinge  Medical
College, India •
Dr Helder Juvinal Neto da Silva, PEN Unit Officer, Ministry of Health,
Timor-Leste •
Ms Kim Uhjin, Regional Adviser (Essential drugs and medicines), WHO
South-East Asia Regional Office 12:35–12:45
Question and Answer Summarizing catalytic actions by the countries from the session for the
Colombo Call to Action 13:30–13:50
Technical session C: Universal diabetes care: Integrating care and tracking
progress Moderators: •
Mr Saroj Kumar, Director, Ministry of Health and Family Welfare, India •
Dr Gampo Dorji, Team Lead (NCD and Health systems), WHO Nepal Integrating diabetes prevention and management
at primary health care and universal health
coverage: examples from low- and middle-income
countries Dr Hans V Hogerzeil,
Professor, Faculty
of Medical Science,
University of Groningen 37 Regional Commemoration of World Diabetes Day 2024"
small-local-384,no_evidence_en_malaria,5,Availability__price_and_affordability_of_p54_c146,unjudged,,,unjudged,unjudged,,not_relevant,"Availability, price and affordability of health technologies for the management of diabetes.pdf",54,Annex 3. List of publications compiled by this scoping review,0.4058,"Availability, price and affordability of health technologies for the management of diabetes 6
Final report of the
international insulin
foundation on the rapid
assessment protocol for
insulin access in Mali International
Insulin
Foundation 2004
Mali
Glucometer availability 16-100% availability. Cost of
glucose test for the patient 0.08–3.00 Euro.  Barriers:
unavailability of diagnostics tools and the appropriate
level of care, supply issues for reagents and other
laboratory materials. Recommendations: removing 5%
VAT and mark-ups for technologies needed for diabetes
management, develop a national priority devices list
for each level within the health system, develop supply
chain for laboratory materials. T1DM
Report 7
Report of the international
insulin foundation on the
rapid assessment protocol
for insulin access in
Mozambique International
Insulin
Foundation 2004
Mozam­
bique"
small-local-384,no_evidence_ar_quantum,1,The_Global_Diabetes_Compact_progress_in__p1_c0,unjudged,,,unjudged,unjudged,,not_relevant,The Global Diabetes Compact progress in supporting its workstreams technical report.pdf,1,,0.693,"The Global

Diabetes
Compact -
progress in
supporting its

workstreams

Technical report"
small-local-384,no_evidence_ar_quantum,2,The_Global_Diabetes_Compact_progress_in__p2_c1,unjudged,,,unjudged,unjudged,,not_relevant,The Global Diabetes Compact progress in supporting its workstreams technical report.pdf,2,,0.693,"The Global

Diabetes
Compact -
progress in
supporting its

workstreams

Technical report"
small-local-384,no_evidence_ar_quantum,3,Guidance_on_global_monitoring_for_diabet_p21_c49,unjudged,,,unjudged,unjudged,,not_relevant,"Guidance on global monitoring for diabetes prevention and control Framework, indicators and application.pdf",21,"3.	 The global framework for diabetes
prevention and control",0.6864,"The framework provides a structured and
detailed approach to address diabetes burden
and includes important indicators that are 9"
small-local-384,no_evidence_ar_quantum,4,Guidance_on_global_monitoring_for_diabet_p33_c79,unjudged,,,unjudged,unjudged,,not_relevant,"Guidance on global monitoring for diabetes prevention and control Framework, indicators and application.pdf",33,Health system determinants,0.6733,"Indicators and metadata

4. Existence of national guidelines for diabetes management

21"
small-local-384,no_evidence_ar_quantum,5,Prevention_and_control_of_diabetes_melli_p16_c32,unjudged,,,unjudged,unjudged,,not_relevant,Prevention and control of diabetes mellitus Lessons for service delivery from countries in the WHO South-East Asia Region.pdf,16,Executive summary,0.658,"| The Global Diabetes Compact what you need to know |  |
| --- | --- |"
balanced-local-384,idf_en_global_prevalence,1,IDF_Diabetes_Atlas_11th_Edition_2025_WEB_p46_c77,unjudged,,,unjudged,unjudged,,relevant,IDF_Diabetes_Atlas_11th_Edition_2025_WEB.pdf,46,Key messages:,0.8629,"Key messages:

An estimated 589 million adults aged 20–79 years
are living with diabetes. This represents 11.1% of
the world’s population in this age group.

The total number of adults living with diabetes is
predicted to rise to 853 million (13%) by 2050.

An estimated 252 million adults living with diabetes
are unaware they have the condition.

One in four adults (158 million) living with diabetes
are aged over 65.

An estimated 635 million adults aged 20–79 years
are living with impaired glucose tolerance (12%).

Over USD 1 trillion was spent on diabetes in 2024.
This represents 12% of global health expenditure.

Over 3.4 million people died as a result of diabetes
in 2024. This corresponds to 9.3% of global deaths
from all causes.

An estimated 9.1 million people are living with type
1 diabetes. The majority (69%) are aged 20-59.

An estimated 1 in 5 live births (23 million) are
affected by some form of hyperglycaemia
in pregnancy.

IDF Diabetes Atlas 11th Edition - 2025 | diabetesatlas.org | 41
IDF Diabetes Atlas 11th Edition - 2025 | diabetesatlas.org | 41"
balanced-local-384,idf_en_global_prevalence,2,IDF_Diabetes_Atlas_11th_Edition_2025_WEB_p53_c91,unjudged,,,unjudged,unjudged,,not_relevant,IDF_Diabetes_Atlas_11th_Edition_2025_WEB.pdf,53,"Figure 3.2 Prevalence of diabetes among men and women (20–79 years), 2024.",0.8336,"|  | 2024 | 2050 |
| --- | --- | --- |
| Adult population (65-99 years) | 667.8 million | 1.1 billion |
| Prevalence (65-99 years) | 23.7% | 24.3% |
| Number of people over 65 with diabetes (65–99 years) | 158.3 million | 278 million |"
balanced-local-384,idf_en_global_prevalence,3,IDF_Diabetes_Atlas_11th_Edition_2025_WEB_p92_c165,unjudged,,,unjudged,unjudged,,not_relevant,IDF_Diabetes_Atlas_11th_Edition_2025_WEB.pdf,92,"Figure 4.5 Estimated prevalence (%) of diabetes by age and sex, IDF South and Central America
Region 2024.",0.832,"| At a glance |  |  |
| --- | --- | --- |
|  | 2024 | 2050 |
| Adult population (20-79 years) | 1.74b | 1.72b |
| Diabetes (20-79 years) |  |  |
| Regional prevalence | 12.4% | 14.7% |
| Age-standardised prevalence | 11.1% | 12.8% |
| Number of people with diabetes (20-79 years) | 215m | 254m |
| Number of deaths due to diabetes (20-79 years) | 1.2m |  |
| Healthcare expenditure due to diabetes (20-79 years) |  |  |
| Total healthcare expenditure, USD | 246.3b | 237.7b |
| Impaired glucose tolerance (20-79 years) |  |  |
| Regional prevalence | 14.4% | 15.5% |
| Age-standardised prevalence | 13.5% | 14.3% |
| Number of people with impaired glucose tolerance | 251m | 268m |
| Impaired fasting glucose (20-79 years) |  |  |
| Regional prevalence | 9.1% | 9.9% |
| Age-standardised prevalence | 8.6% | 9.2% |
| Number of people with impaired glucose tolerance | 160m | 171m |
| Undiagnosed diabetes (20-79 years) |  |  |
| Regional proportion | 50.0% |  |
| Number of people with undiagnosed diabetes | 108m |  |
| Type 1 diabetes (all age groups) |  |  |
| Number of people with type 1 diabetes | 991,000 |  |"
balanced-local-384,idf_en_global_prevalence,4,IDF_Diabetes_Atlas_11th_Edition_2025_WEB_p53_c89,unjudged,,,unjudged,unjudged,,not_relevant,IDF_Diabetes_Atlas_11th_Edition_2025_WEB.pdf,53,"Figure 3.2 Prevalence of diabetes among men and women (20–79 years), 2024.",0.8293,"Table 3.5 Top 10 countries or territories with age-standardised diabetes prevalence in adults
(20–79 years) in 2024 and 2050.

i. Countries without in-country data sources. Estimates are extrapolated.

Table 3.6 Global diabetes estimates in people (65-99 years) in 2024 and 2050.

3.2 Diabetes prevalence in older adults in 2024 and projection to 2050

Regional distribution

Diabetes prevalence increases with age. Therefore,
the highest estimated prevalence is in people over
65 (Figure 3.1). In 2024, the estimated number of
people with diabetes aged 65–99 years was 158.3
million (23.7%). If the current trend continues, the
number of people aged 65-99 years with diabetes will
be 278 million in 2050 (Table 3.6). These data point
to a significant increase in the diabetes population of
ageing societies in the next 25 years and the inevitable
public health and economic challenges this will bring.
It will require all countries to commit to sufficient
resources to tackle diabetes.

There are significant regional differences in the
prevalence of diabetes in people over 65. Regions
included in the top five places remained the same
in 2024 compared with 2019, but the MENA region
had the highest prevalence at (32.3%). The lowest
prevalence remains in the AFR region (7.8%). This is
generally true for 2050 as well (Table 3.7). However,
the EUR region will fall to 6th place in the table with
the SEA region taking its place. Overall, the projected
diabetes prevalence in 2050 in this age group does not
forecast significant increases. As an example, in the
SACA Region the figures are 23.2% in 2024 and 23.6%
in 2050, and in AFR 7.8% in 2024 and 8.3% in 2050.

48 | IDF Diabetes Atlas 11th Edition - 2025 | diabetesatlas.org"
balanced-local-384,idf_en_global_prevalence,5,IDF_Diabetes_Atlas_11th_Edition_2025_WEB_p49_c82,unjudged,,,unjudged,unjudged,,not_relevant,IDF_Diabetes_Atlas_11th_Edition_2025_WEB.pdf,49,3.1 Diabetes prevalence in 2024 and projection to 2050 (20–79 years),0.8291,"Variation in diabetes prevalence across age, sex and setting

The estimated diabetes prevalence is similar in women
and men aged 20–79 (10.9% vs 11.3%). In 2024, the
IDF estimates that 9.8 million more men than women
were living with diabetes (Figure 3.2).

Age is an important risk factor for diabetes. Ageing of
the world’s population contributes to higher diabetes
prevalence that results in an increasing proportion of
people with diabetes over the age of 60.

Prevalence was lowest among adults aged 20–24
(1.9% in 2024 and 2.2% in 2050). Conversely, it was
highest among adults aged 75–79, with an estimated
prevalence of 24.8% in 2024, which is expected to rise
to 25.4% by 2050.

Map 3.2 Estimated age-standardised country prevalence of diabetes in adults (20–79 years), 2024.

<4%

4-<5%

5-<7%

7-<9%

9-<12%

≥ 12%

No estimates

44 | IDF Diabetes Atlas 11th Edition - 2025 | diabetesatlas.org"
balanced-local-384,idf_ar_projection_2050,1,IDF_Diabetes_Atlas_11th_Edition_2025_WEB_p47_c78,unjudged,,,unjudged,unjudged,,not_relevant,IDF_Diabetes_Atlas_11th_Edition_2025_WEB.pdf,47,3.1 Diabetes prevalence in 2024 and projection to 2050 (20–79 years),0.837,"While the world’s population is estimated to grow
25% over the next 25 years, the number of people
with diabetes is estimated to increase by 45%
(Map 3.1, Table 3.1, Map 3.2).

This 11th edition of the IDF Diabetes Atlas provides
estimates for diabetes in 2024 and projected
estimates for 2050. The estimates include diagnosed
and undiagnosed diabetes for adults aged 20–79.

Worldwide, a total of 589 million adults aged 20–79
are estimated to have diabetes (11.1% of all adults in
this age group). By 2050, the number of adults living
with diabetes will rise to a projected 852.5 million.

Map 3.1 Estimated number of adults (20–79 years) with diabetes by country, 2024.

< 100 thousand

100-<500 thousand

500 thousand-<1 million

1 - <10 million
10-<20 million
≥ 20 million
No estimates

3.1 Diabetes prevalence in 2024 and projection to 2050 (20–79 years)

Our projection for 2050 predicts a growth of 17% in
the prevalence of diabetes due to the ageing of the
population and increased urbanisation across the
globe. It is estimated that 95% of the increase in the
number of people with diabetes by 2050 will occur in
low- and middle-income countries, where population
growth is expected to be greater than in high-income
countries (Table 3.2).

The estimates in the 11th edition of the IDF Diabetes
Atlas are provided for 215 countries and territories,
grouped into the seven IDF Regions: Africa (AFR),
Europe (EUR), Middle East and North Africa (MENA),
North America and Caribbean (NAC), South and
Central America (SACA), South-East Asia (SEA) and
Western Pacific (WP). In total, 246 data sources from
153 countries and territories were included in the
analyses (See Resources www.diabetesatlas.org). 1
Data are presented considering each country´s current
age structure and, after adjustment to reflect the
prevalence, the age structure of the world population.

42 | IDF Diabetes Atlas 11th Edition - 2025 | diabetesatlas.org"
balanced-local-384,idf_ar_projection_2050,2,IDF_Diabetes_Atlas_11th_Edition_2025_WEB_p46_c77,unjudged,,,unjudged,unjudged,,relevant,IDF_Diabetes_Atlas_11th_Edition_2025_WEB.pdf,46,Key messages:,0.8195,"Key messages:

An estimated 589 million adults aged 20–79 years
are living with diabetes. This represents 11.1% of
the world’s population in this age group.

The total number of adults living with diabetes is
predicted to rise to 853 million (13%) by 2050.

An estimated 252 million adults living with diabetes
are unaware they have the condition.

One in four adults (158 million) living with diabetes
are aged over 65.

An estimated 635 million adults aged 20–79 years
are living with impaired glucose tolerance (12%).

Over USD 1 trillion was spent on diabetes in 2024.
This represents 12% of global health expenditure.

Over 3.4 million people died as a result of diabetes
in 2024. This corresponds to 9.3% of global deaths
from all causes.

An estimated 9.1 million people are living with type
1 diabetes. The majority (69%) are aged 20-59.

An estimated 1 in 5 live births (23 million) are
affected by some form of hyperglycaemia
in pregnancy.

IDF Diabetes Atlas 11th Edition - 2025 | diabetesatlas.org | 41
IDF Diabetes Atlas 11th Edition - 2025 | diabetesatlas.org | 41"
balanced-local-384,idf_ar_projection_2050,3,IDF_Diabetes_Atlas_11th_Edition_2025_WEB_p88_c159,unjudged,,,unjudged,unjudged,,not_relevant,IDF_Diabetes_Atlas_11th_Edition_2025_WEB.pdf,88,"Figure 4.5 Estimated prevalence (%) of diabetes by age and sex, IDF South and Central America
Region 2024.",0.8133,"m = million | b = billion

Highlights

●
1 in 10 adults have diabetes – 35 million.

●
The number of adults with diabetes
is expected to increase by 46% to 52
million by 2050.

●
1 in 3 adults living with diabetes
(30.4%) are undiagnosed.

●
Diabetes is responsible for 224,000
deaths in 2024.

●
797,000 people live with type 1 diabetes.

●
Diabetes-related expenditure totals
USD 81 billion in 2024.

●
1 in 6 live births are affected by
hyperglycaemia in pregnancy.

IDF Diabetes Atlas 11th Edition - 2025 | diabetesatlas.org | 83"
balanced-local-384,idf_ar_projection_2050,4,IDF_Diabetes_Atlas_11th_Edition_2025_WEB_p53_c91,unjudged,,,unjudged,unjudged,,not_relevant,IDF_Diabetes_Atlas_11th_Edition_2025_WEB.pdf,53,"Figure 3.2 Prevalence of diabetes among men and women (20–79 years), 2024.",0.8108,"|  | 2024 | 2050 |
| --- | --- | --- |
| Adult population (65-99 years) | 667.8 million | 1.1 billion |
| Prevalence (65-99 years) | 23.7% | 24.3% |
| Number of people over 65 with diabetes (65–99 years) | 158.3 million | 278 million |"
balanced-local-384,idf_ar_projection_2050,5,IDF_Diabetes_Atlas_11th_Edition_2025_WEB_p13_c20,unjudged,,,unjudged,unjudged,,not_relevant,IDF_Diabetes_Atlas_11th_Edition_2025_WEB.pdf,13,Key messages:,0.8062,"impact
of diabetes worldwide, but also for reducing that
impact through measures aimed at improving the
long-term consequences of all types of diabetes, as
well as the primary prevention of type 2 diabetes. In 2014, the WHO/NCD-RisC estimate of 422 million
people with diabetes 3 , was very close to the IDF
estimate of 415 million people with diabetes in 2015 4 .
However, the recent WHO/NCD-RisC publication
estimated that 828 million people aged 18 years or
older had diabetes in 2022 5 , considerably more than
estimates provided in this IDF Diabetes Atlas (589
million) for 2024 and the Global Burden of Diseases
Study (GBD) figure of 485 million for ages 20-79 in
2021 6 . As mentioned above, multiple decisions are
required to estimate worldwide diabetes prevalence, The diabetes impact is steadily growing to
alarming levels. The IDF Diabetes Atlas, under the
guidance of a committee of experts from all IDF
regions, remains dedicated to providing the most
accurate possible data based on the available
epidemiological sources and methods of analysis. 8 | IDF Diabetes Atlas 11th Edition - 2025 | diabetesatlas.org"
balanced-local-384,idf_en_undiagnosed,1,IDF_Diabetes_Atlas_11th_Edition_2025_WEB_p73_c131,unjudged,,,unjudged,unjudged,,not_relevant,IDF_Diabetes_Atlas_11th_Edition_2025_WEB.pdf,73,3.8 Type 1 diabetes estimates in children and adults,0.7661,"3.8 Type 1 diabetes estimates in children and adults Findings Previous editions of the IDF Diabetes Atlas were
restricted to children and adolescents living with
type 1 diabetes (T1D) and did not consider potential
changes in incidence and mortality in the interval
between the study dates of the respective individual
country data and publication dates of the Atlas. In 2024, there were an estimated 9.15 million
individuals worldwide living with diagnosed clinical
T1D, 17 with 22.3% (2.04 million) of these living in
low-income and lower-middle-income countries. Of this total population of 9.15 million, 1.81 million
(19.8%), were younger than 20 years, 6.28 million
(68.6%) were between 20 and 59 and 1.06 million
(11.8%) were 60 or older. Development of the Type 1 Diabetes Index (T1D Index)
has enabled more current and accurate estimates to
be calculated for all ages across all countries. 15–17 The
T1D Index is a joint initiative of Breakthrough T1D, Life
for a Child, The International Diabetes Federation, and
the International Society for Paediatric and Adolescent
Diabetes. The Index uses a Markov model with
machine learning and all available population-based
incidence, prevalence and mortality data to produce
national and, thereby, global estimates. 17 Figure 3.13 shows the number of people with T1D
in each of these age brackets by IDF Region. The IDF
Europe Region has the highest number of cases,
followed by the IDF North America and Caribbean
Region. The lowest number of people with T1D was
observed in the Africa Region. Figure 3.13 Number of individuals with type 1 diabetes in each world region in 2024. 3,000,000 Number of people with T1D 2,500,000 2,000,000 1,500,000 1,000,000 500,000 - AFR
EUR
MENA
NAC
SACA
SEA
WP IDF Region All ages
<20 years of age
20 - 59 years of age
>=60 years of age"
balanced-local-384,idf_en_undiagnosed,2,IDF_Diabetes_Atlas_11th_Edition_2025_WEB_p37_c65,unjudged,,,unjudged,unjudged,,not_relevant,IDF_Diabetes_Atlas_11th_Edition_2025_WEB.pdf,37,2.6 Standardisation of estimates,0.7629,"participants are
asked whether they were previously diagnosed with
diabetes by a health professional. This helps establish
the proportion of people with diabetes-level blood
glucose who remain undiagnosed. For this edition of the IDF Diabetes Atlas, we
have assembled all published studies reporting
undiagnosed diabetes that met defined selection
criteria (see Chapter 2, “Gathering and selecting
data sources”), regardless of the diabetes biomarker
used. The average of the estimates was calculated
for countries that reported data on estimates of
undiagnosed diabetes. However, in countries without
in-country data sources, the undiagnosed proportion
was approximated by the average of the estimates
from countries with data sources within the same IDF
Region (e.g., Europe IDF Region) or IDF Region and
World Bank Income Group. Estimates of undiagnosed
diabetes were generated using 193 data sources
representing 109 countries (Map 2.2). The proportion of undiagnosed diabetes may differ
greatly across countries, for example, depending on
access to healthcare services, disease awareness,
and socioeconomic context. In a final step, prevalence
estimates and proportions undiagnosed are multiplied
with population size numbers to calculate the total
number of people with undiagnosed diabetes in
a respective country. 32 | IDF Diabetes Atlas 11th Edition - 2025 | diabetesatlas.org"
balanced-local-384,idf_en_undiagnosed,3,IDF_Diabetes_Atlas_11th_Edition_2025_WEB_p57_c100,unjudged,,,unjudged,unjudged,,not_relevant,IDF_Diabetes_Atlas_11th_Edition_2025_WEB.pdf,57,3.3 Undiagnosed diabetes,0.7586,"Map 3.4 Proportion of adults (20–79 years) with undiagnosed diabetes by country in 2024.

<24%

35-<45%

45-<55%

55-<64%
≥ 65%
No estimates

Table 3.11 Top 10 countries with the largest number of adults (20–79 years) with undiagnosed
diabetes in 2024.

52 | IDF Diabetes Atlas 11th Edition - 2025 | diabetesatlas.org"
balanced-local-384,idf_en_undiagnosed,4,IDF_Diabetes_Atlas_11th_Edition_2025_WEB_p46_c77,unjudged,,,unjudged,unjudged,,relevant,IDF_Diabetes_Atlas_11th_Edition_2025_WEB.pdf,46,Key messages:,0.7569,"Key messages:

An estimated 589 million adults aged 20–79 years
are living with diabetes. This represents 11.1% of
the world’s population in this age group.

The total number of adults living with diabetes is
predicted to rise to 853 million (13%) by 2050.

An estimated 252 million adults living with diabetes
are unaware they have the condition.

One in four adults (158 million) living with diabetes
are aged over 65.

An estimated 635 million adults aged 20–79 years
are living with impaired glucose tolerance (12%).

Over USD 1 trillion was spent on diabetes in 2024.
This represents 12% of global health expenditure.

Over 3.4 million people died as a result of diabetes
in 2024. This corresponds to 9.3% of global deaths
from all causes.

An estimated 9.1 million people are living with type
1 diabetes. The majority (69%) are aged 20-59.

An estimated 1 in 5 live births (23 million) are
affected by some form of hyperglycaemia
in pregnancy.

IDF Diabetes Atlas 11th Edition - 2025 | diabetesatlas.org | 41
IDF Diabetes Atlas 11th Edition - 2025 | diabetesatlas.org | 41"
balanced-local-384,idf_en_undiagnosed,5,Guidance_on_global_monitoring_for_diabet_p61_c112,unjudged,,,unjudged,unjudged,,not_relevant,"Guidance on global monitoring for diabetes prevention and control Framework, indicators and application.pdf",61,Risk factors,0.7499,"Risk factors

General population. Population with diabetes.

49"
balanced-local-384,idf_ar_expenditure,1,IDF_Diabetes_Atlas_11th_Edition_2025_WEB_p66_c118,unjudged,,,unjudged,unjudged,,relevant,IDF_Diabetes_Atlas_11th_Edition_2025_WEB.pdf,66,"In 2024, the total global
diabetes-related health
expenditure exceeded
one trillion USD for the
first time.",0.8372,"Figure 3.7 Total diabetes-related health expenditure for adults (20–79 years) with diabetes from
2006 to 2050.

1200

1000

800

USD billion

600

400

200

0

2006
2009
2011
2013
2015
2017
2019
2021
2024
2050

Year

Regional distribution

Expenditure due to diabetes has a substantial
impact on total health expenditure worldwide,
representing 11.9% of total global health spending.
In the SACA Region, an average of 22.4% of the
total health expenditure was due to diabetes, the
highest percentage of the IDF Regions, followed by
17.0% in the MENA Region. The lowest percentage
of health expenditure due to diabetes was
observed in the EUR Region (8.8%) (Figure 3.10).

The NAC Region has the highest total diabetes-related
health expenditure of the seven IDF Regions (USD
438.6 billion) and accounts for 43.2% of total global
diabetes-related health expenditure in 2024. The
second highest is the WP Region, with USD 246.3
billion, followed by the EUR Region (USD 192.9 billion),
corresponding to 24.3% and 19.0% of total global
diabetes-related health expenditure, respectively.
Despite being home to 42.7% of people with
diabetes in the world, the SACA, MENA, SEA, and AFR
Regions collectively account for only 13.5% of global
diabetes-related health expenditure (Figure 3.8).

The NAC Region also has the highest diabetes-related
health expenditure per adult with diabetes (USD
7,811), followed by the EUR Region (USD 2,950),
SACA Region (USD 2,417) and WP Region (USD 1,173)
(Figure 3.9). Health expenditure is USD 429 per person
with diabetes in the MENA region, USD 414 in the AFR
region, and USD 108 in the SEA region (Figure 3.9).
In 2024, diabetes-related health expenditure per
adult with diabetes varied across IDF regions by
more than 70-fold.

IDF Diabetes Atlas 11th Edition - 2025 | diabetesatlas.org | 61"
balanced-local-384,idf_ar_expenditure,2,IDF_Diabetes_Atlas_11th_Edition_2025_WEB_p71_c128,unjudged,,,unjudged,unjudged,,not_relevant,IDF_Diabetes_Atlas_11th_Edition_2025_WEB.pdf,71,"Map 3.8 Total diabetes-related health expenditure (USD) by country for adults (20–79 years) with
diabetes in 2024.",0.8201,"Map 3.8 Total diabetes-related health expenditure (USD) by country for adults (20–79 years) with
diabetes in 2024.

<50 million

10-<50 million

50-<200 million

200 million-<1 billion
≥ 1 billion

No estimates

Map 3.9 Diabetes-related health expenditure (USD) by country per adult (20–79 years) with
diabetes in 2024.

<250

250-<500

500-<1,000

1,000-<2,000

2,000-<5,000
≥ 5,000
No estimates

66 | IDF Diabetes Atlas 11th Edition - 2025 | diabetesatlas.org"
balanced-local-384,idf_ar_expenditure,3,IDF_Diabetes_Atlas_11th_Edition_2025_WEB_p48_c80,unjudged,,,unjudged,unjudged,,not_relevant,IDF_Diabetes_Atlas_11th_Edition_2025_WEB.pdf,48,3.1 Diabetes prevalence in 2024 and projection to 2050 (20–79 years),0.7958,"| At a glance |  | 2024 | 2050 |
| --- | --- | --- | --- |
| World Population Total Adults (20-79 years) |  | 8.1 billion 5.3 billion | 9.7 billion 6.6 billion |
| All diabetes (20–79 years) Number of people with diabetes Prevalencei Number of deaths attributed to diabetes Total health expenditure due to diabetesii (2024 USD) |  | 588.7 million 11.1% 3.4 million 1.015 trillion | 852.5 million 13.0% - 1.043 trillion |
| Type 1 diabetes Number of people with type 1 diabetes (all age groups) Number of people with type 1 diabetes (>20 years) |  | 9.2 million 1.8 million |  |
| Intermediate Hyperglycaemia Impaired glucose tolerance (20–79 years) Number of people Prevalencei Impaired fasting glucose (20–79 years) Number of people with impaired fasting glucose Prevalencei |  | 634.8 million 12.0% 487.7 million 9.2% | 846.5 million 12.9% 647.5 million 9.8% |
| Hyperglycaemia in pregnancy (20–49 years) Number of live births affected Proportion of live births affected |  | 23 million 19.7% |  |"
balanced-local-384,idf_ar_expenditure,4,IDF_Diabetes_Atlas_11th_Edition_2025_WEB_p13_c20,unjudged,,,unjudged,unjudged,,not_relevant,IDF_Diabetes_Atlas_11th_Edition_2025_WEB.pdf,13,Key messages:,0.7935,"impact
of diabetes worldwide, but also for reducing that
impact through measures aimed at improving the
long-term consequences of all types of diabetes, as
well as the primary prevention of type 2 diabetes. In 2014, the WHO/NCD-RisC estimate of 422 million
people with diabetes 3 , was very close to the IDF
estimate of 415 million people with diabetes in 2015 4 .
However, the recent WHO/NCD-RisC publication
estimated that 828 million people aged 18 years or
older had diabetes in 2022 5 , considerably more than
estimates provided in this IDF Diabetes Atlas (589
million) for 2024 and the Global Burden of Diseases
Study (GBD) figure of 485 million for ages 20-79 in
2021 6 . As mentioned above, multiple decisions are
required to estimate worldwide diabetes prevalence, The diabetes impact is steadily growing to
alarming levels. The IDF Diabetes Atlas, under the
guidance of a committee of experts from all IDF
regions, remains dedicated to providing the most
accurate possible data based on the available
epidemiological sources and methods of analysis. 8 | IDF Diabetes Atlas 11th Edition - 2025 | diabetesatlas.org"
balanced-local-384,idf_ar_expenditure,5,IDF_Diabetes_Atlas_11th_Edition_2025_WEB_p1_c0,unjudged,,,unjudged,unjudged,,not_relevant,IDF_Diabetes_Atlas_11th_Edition_2025_WEB.pdf,1,"11th Edition | 2025
Diabetes Atlas",0.7903,"11th Edition | 2025
Diabetes Atlas

589

million

people worldwide

have diabetes"
balanced-local-384,idf_en_regions,1,IDF_Diabetes_Atlas_11th_Edition_2025_WEB_p117_c215,unjudged,,,unjudged,unjudged,,not_relevant,IDF_Diabetes_Atlas_11th_Edition_2025_WEB.pdf,117,"Country summary in IDF South and Central America Region
2024",0.8364,"Country summary in IDF South and Central America Region
2024

South and Central America

112 | IDF Diabetes Atlas 11th Edition - 2025 | diabetesatlas.org"
balanced-local-384,idf_en_regions,2,IDF_Diabetes_Atlas_11th_Edition_2025_WEB_p119_c219,unjudged,,,unjudged,unjudged,,not_relevant,IDF_Diabetes_Atlas_11th_Edition_2025_WEB.pdf,119,"Country summary in IDF South-East Asia Region
2024",0.8329,"Country summary in IDF South-East Asia Region
2024

South-East Asia

114 | IDF Diabetes Atlas 11th Edition - 2025 | diabetesatlas.org"
balanced-local-384,idf_en_regions,3,IDF_Diabetes_Atlas_11th_Edition_2025_WEB_p109_c199,unjudged,,,unjudged,unjudged,,not_relevant,IDF_Diabetes_Atlas_11th_Edition_2025_WEB.pdf,109,"Country summary in IDF Europe Region
2024",0.8248,"Country summary in IDF Europe Region
2024

Europe

104 | IDF Diabetes Atlas 11th Edition - 2025 | diabetesatlas.org"
balanced-local-384,idf_en_regions,4,IDF_Diabetes_Atlas_11th_Edition_2025_WEB_p32_c55,unjudged,,,unjudged,unjudged,,not_relevant,IDF_Diabetes_Atlas_11th_Edition_2025_WEB.pdf,32,Key messages:,0.8211,"Key messages:

246 data sources from 153 countries were selected
to estimate diabetes prevalence for the current IDF
Diabetes Atlas.

Data sources come from countries which comprise
over 93% of the global population.

Other sources, such as registries, have also been
included, but only after rigorous scrutiny of their
quality, just as for the peer-reviewed publications.

Future projections have been calculated using the
United Nations population predictions and degree
of urbanisation. These predictions only take into
account changes in the distribution of age, sex
and urban/rural residence ratio.

IDF Diabetes Atlas 11th Edition - 2025 | diabetesatlas.org | 27"
balanced-local-384,idf_en_regions,5,IDF_Diabetes_Atlas_11th_Edition_2025_WEB_p9_c11,unjudged,,,unjudged,unjudged,,not_relevant,IDF_Diabetes_Atlas_11th_Edition_2025_WEB.pdf,9,"Foreword by the IDF Diabetes
Atlas Chairs",0.8205,"Foreword by the IDF Diabetes
Atlas Chairs span for the estimate of numbers of persons globally
with diabetes, ranging from approximately 500 to
800 million in 2021-2024. Along this range, the GBD
and IDF estimates fall close to 500 million, while the
NCD-RisC estimate is at the upper end of the range.
A critical examination of differing methodologies
is needed to better inform healthcare planning
regarding the magnitude of the diabetes problem. It gives us great pleasure to present to you the 11th
Edition of the IDF Diabetes Atlas. The IDF Atlas has now been in production for over two
decades and delivers valuable and realistic summary
data on the state of diabetes for each nation and the
world population. Initially designed as a data resource
for individual countries and to advance the interests of
global health, it has since evolved and demonstrated
itself to be a valuable advocacy tool as well."
balanced-local-384,who_ar_recommendation_count,1,WHO_recommendations_on_care_for_women_wi_p1_c0,unjudged,,,unjudged,unjudged,,not_relevant,WHO recommendations on care for women with diabetes during pregnancy.pdf,1,,0.8101,"WHO recommendations on
care for women with diabetes

during pregnancy"
balanced-local-384,who_ar_recommendation_count,2,WHO_recommendations_on_care_for_women_wi_p3_c1,unjudged,,,unjudged,unjudged,,not_relevant,WHO recommendations on care for women with diabetes during pregnancy.pdf,3,,0.8101,"WHO recommendations on
care for women with diabetes

during pregnancy"
balanced-local-384,who_ar_recommendation_count,3,WHO_recommendations_on_care_for_women_wi_p72_c127,unjudged,,,unjudged,unjudged,,not_relevant,WHO recommendations on care for women with diabetes during pregnancy.pdf,72,"Annex 3.
Summary and management
of declared interests from
GDG members",0.804,"WHO recommendations on care for women with diabetes during pregnancy

56"
balanced-local-384,who_ar_recommendation_count,4,WHO_recommendations_on_care_for_women_wi_p22_c35,unjudged,,,unjudged,unjudged,,not_relevant,WHO recommendations on care for women with diabetes during pregnancy.pdf,22,"2.2.2 Evidence on values, resource use and cost–effectiveness, equity and
human rights, acceptability and feasibility",0.7928,"WHO recommendations on care for women with diabetes during pregnancy 2.2 Evidence identification and retrieval Evidence to support the development of the guideline recommendations was derived from several sources by the systematic review teams working in collaboration with the WHO Steering Group. 2.2.1 Evidence on effectiveness To inform the development of the recommendations, WHO commissioned a set of three de novo systematic reviews on the management of diabetes during pregnancy, one of which covered nine priority questions. External groups of systematic reviewers were asked to prepare review protocols with clear PICO questions and criteria for identification of studies, including search strategies for different bibliographic databases, methods for assessing risk of bias and a data analysis plan (19–21). The WHO Steering Group and the guideline methodologists reviewed and endorsed the protocols before the systematic reviews were conducted. The search strategies employed to identify the studies and the specific criteria for inclusion and exclusion of studies are described in the individual systematic reviews. Studies from low-, middle- and high- income countries were considered and there were no language restrictions. The entire systematic review development process was iterative, with the systematic reviewers and guideline methodologists constantly communicating with the WHO Steering Group to discuss challenges and agree on solutions. 2.2.2 Evidence on values, resource use and cost–effectiveness, equity and
human rights, acceptability and feasibility 6 Values, equity and human rights, acceptability and feasibility Two qualitative evidence syntheses (QES) explored the views and experiences of women with type 1 or type 2 diabetes during their encounters with maternity services (17) and those of health-care providers caring for women with diabetes during the maternity phase (16)."
balanced-local-384,who_ar_recommendation_count,5,WHO_recommendations_on_care_for_women_wi_p27_c44,unjudged,,,unjudged,unjudged,,relevant,WHO recommendations on care for women with diabetes during pregnancy.pdf,27,3,0.7846,"3

Recommendations
and supporting
evidence

The GDG issued 27 recommendations – four on care for all women with diabetes (type 1, type 2 or gestational)

during pregnancy, six on glucose monitoring, two on pharmacological treatment for pregnant women with

type 1 diabetes, four on pharmacological treatment for pregnant women with type 2 diabetes and two on

pharmacological treatment for women with GDM, and nine on additional monitoring and assessments. This

section outlines the recommendations corresponding to the priority questions.

To ensure that the recommendations are correctly understood and appropriately implemented in

11

practice, additional ‘remarks’ reflecting the summary of the discussions by the GDG are included. The

recommendations should be applied in conjunction with the implementation considerations.

The EtD frameworks – presenting the available effectiveness evidence, the balance between the desirable

and undesirable effects, values of stakeholders, resource requirements, cost–effectiveness, acceptability,

feasibility and equity, and human rights that were considered in formulating each recommendation – are

presented separately in the web annexes to this guideline.

3.1 Recommendations

3.1.1
Core practices in caring for women with diabetes during pregnancy

Advice on diet, physical activity and weight management

Recommendation

1
For pregnant women with type 1, type 2 or gestational diabetes, provide individualized advice on diet, physical

activity and weight management based on existing WHO guidance, including:

•
dietary advice for the general adult population;

•
physical activity advice for the general pregnant population;

•
weight management advice based on the above dietary and physical activity advice, with a focus on appropriate

gestational weight gain."
balanced-local-384,who_en_monitoring_scope,1,WHO_recommendations_on_care_for_women_wi_p34_c58,unjudged,,,unjudged,unjudged,,not_relevant,WHO recommendations on care for women with diabetes during pregnancy.pdf,34,"3.1.2
Glucose monitoring",0.8492,"Rationale •
Regular monitoring of blood glucose levels, and recognizing when they are low or high, is crucial to managing diabetes during pregnancy and preventing complications. Women using insulin or other glucose-lowering agents require more frequent monitoring. •
The GDG noted that SMBG has been standard care for people with type 1 diabetes since the mid- to late- 1980s and it is unethical not to offer it in this population. •
In the context of potential harm to the developing baby from both hypoglycaemia and hyperglycaemia and limited empirical evidence on the harms and benefits of different modes of glucose monitoring during pregnancy, these recommendations provide guidance on the appropriate mode of monitoring for the different types of diabetes."
balanced-local-384,who_en_monitoring_scope,2,WHO_recommendations_on_care_for_women_wi_p61_c108,unjudged,,,unjudged,unjudged,,not_relevant,WHO recommendations on care for women with diabetes during pregnancy.pdf,61,References,0.8268,"19.
Burk J, Sweeting A. The impact of self-monitoring of blood glucose and continuous glucose monitoring on perinatal and health
system outcomes in individuals with diabetes in pregnancy: a systematic review and meta-analysis. PROSPERO. 2024;https://
www.crd.york.ac.uk/PROSPERO/view/CRD42024594987. 20.
Hurley A, Makama M, Vogel J, Sultana S. Antepartum fetal monitoring in diabetic and high-risk women: A systematic review.
PROSPERO. 2024;https://www.crd.york.ac.uk/PROSPERO/view/CRD42024557435. 21.
Villanueva G, Cogo E, Sguassero Y, Buckley B, Probyn K, Bergman H, et al. Diabetes management during pregnancy. PROSPERO.
2025;https://www.crd.york.ac.uk/PROSPERO/view/CRD42025630036. 22.
Weibel S, Popp M, Reis S, Skoetz N, Garner P, Sydenham E. Identifying and managing problematic trials: A research integrity
assessment tool for randomized controlled trials in evidence synthesis. Res Synth Methods. 2023;14(3):357–69. doi: https://doi.
org/10.1002/jrsm.1599. 23.
Lewin S, Booth A, Glenton C, Munthe-Kaas H, Rashidian A, Wainwright M, et al. Applying GRADE-CERQual to qualitative evidence
synthesis findings: introduction to the series. Implement Sci. 2018;13(Suppl 1):2. doi: https://doi.org/10.1186/s13012-017-0688-3. 24.
Evers S, Goossens M, de Vet H, van Tulder M, Ament A. Criteria list for assessment of methodological quality of economic
evaluations: Consensus on Health Economic Criteria. Int J Technol Assess Health Care. 2005;21(2):240–5. doi: PMID: https://
pubmed.ncbi.nlm.nih.gov/15921065/. 25.
GRADEpro GDT. GRADEpro Guideline Development Tool [Software]. McMaster University and Evidence Prime, 2024. Available from:
gradepro.org. 26.
Alonso-Coello P, Schünemann HJ, Moberg J, Brignardello-Petersen R, Akl EA, Davoli M, et al. [GRADE Evidence to Decision (EtD)
frameworks: a systematic and transparent approach to making well informed healthcare choices. 1: Introduction]. Gac Sanit.
2018;32(2):166.e1–.e10. doi: https://doi.org/10.1016/j.gaceta.2017.02.010."
balanced-local-384,who_en_monitoring_scope,3,WHO_recommendations_on_care_for_women_wi_p36_c61,unjudged,,,unjudged,unjudged,,not_relevant,WHO recommendations on care for women with diabetes during pregnancy.pdf,36,"3.1.2
Glucose monitoring",0.8215,"WHO recommendations on care for women with diabetes during pregnancy •
Although findings vary, some women with GDM find blood glucose monitoring to be a useful way of managing their condition without the use of insulin ( moderate confidence ) (37). However, some women with GDM find blood glucose monitoring to be time consuming and socially isolating ( moderate confidence ) (33), with some expressing concern about the associated pain and potential bleeding ( moderate confidence ) (33, 35). In addition, for women unused to the routine of blood glucose monitoring, there was a tendency to forget to test at regular intervals ( moderate confidence ) (38). The use of smartphone apps or health centre reminders sometimes negated this problem ( low confidence ) (38). Feasibility •
While the QES found no direct evidence regarding the feasibility of different monitoring systems from the perspective of health-care providers (16), indirect evidence suggests that some may require additional training to better understand the management of diabetes during pregnancy ( moderate confidence ) and that some find guidelines and protocols for diabetes management (including monitoring) during pregnancy to be inconsistent, confusing and occasionally outdated ( moderate confidence ). Glycated haemoglobin (HbA1c) Recommendations 8
For pregnant women with type 1 or type 2 diabetes, measure HbA1c in the first trimester or as soon as antenatal care is initiated. 20 9
For women with gestational diabetes, do not routinely measure HbA1c. Rationale •
HbA1c is used to reflect average plasma glucose over the last 8 to 12 weeks and is recommended by WHO to establish the diagnosis of type 2 diabetes and monitor glycaemic control in people with diabetes outside of pregnancy (28). •
In light of a lack of empirical evidence on health benefits of measuring HbA1c for pregnant women with diabetes, the GDG developed recommendations based on the capacity for testing of HbA1c early in"
balanced-local-384,who_en_monitoring_scope,4,WHO_recommendations_on_care_for_women_wi_p34_c57,unjudged,,,unjudged,unjudged,,not_relevant,WHO recommendations on care for women with diabetes during pregnancy.pdf,34,"3.1.2
Glucose monitoring",0.7979,"WHO recommendations on care for women with diabetes during pregnancy –
support the woman in monitoring blood glucose; –
support the woman in maintaining target glucose levels; –
effectively manage the use of insulin and/or oral glucose-lowering agents in pregnancy; –
provide individualized dietary and activity advice, education and support; –
undertake and respond to appropriate fetal surveillance. Equity and human rights •
Indirect evidence from the QES (16) indicates that specialized services may not be available in all settings, particularly in low-income contexts ( l ow confidence ). •
In addition, where specialized services are available, the additional costs associated with attendance (transportation, childcare, time away from work) may be prohibitive for some women, especially those on low incomes and/or those requiring extra clinic visits to support other aspects of their antenatal care and/ or diabetic management ( low confidence ). Feasibility •
Indirect evidence from the QES (16) suggests that health-care providers recognize the importance of inter- professional collaboration and a multidisciplinary team approach to care ( moderate confidence ). •
Indirect evidence from the same review (16) suggests that some health-care providers would like more 18 specialized training to better understand diabetes management during pregnancy ( moderate confidence ). 3.1.2
Glucose monitoring Mode of glucose monitoring Recommendations 5
For pregnant women with type 1, type 2 or gestational diabetes, recommend SMBG in addition to routine care, where feasible. 6
For pregnant women with type 1 diabetes, recommend the use of a CGM system, where feasible. 7
For pregnant women with type 2 or gestational diabetes, do not routinely recommend use of a CGM system. Rationale •
Regular monitoring of blood glucose levels, and recognizing when they are low or high, is crucial to managing diabetes during pregnancy and preventing complications. Women using insulin or other"
balanced-local-384,who_en_monitoring_scope,5,WHO_recommendations_on_care_for_women_wi_p1_c0,unjudged,,,unjudged,unjudged,,not_relevant,WHO recommendations on care for women with diabetes during pregnancy.pdf,1,,0.7816,"WHO recommendations on
care for women with diabetes

during pregnancy"
balanced-local-384,who_ar_individualized_care,1,IDF_Diabetes_Atlas_11th_Edition_2025_WEB_p23_c36,unjudged,,,unjudged,unjudged,,not_relevant,IDF_Diabetes_Atlas_11th_Edition_2025_WEB.pdf,23,1.2 Type 2 diabetes,0.6878,"Insulin injections may be necessary to control
hyperglycaemia to recommended levels if non-insulin
medications do not help people with type 2 diabetes
to achieve glycaemic control. and cardiovascular disease. 30,32–35 The detection of
intermediate hyperglycaemia provides a target
population for interventions. 36,37 Progression from IGT or IFG to type 2 diabetes
depends on the degree of hyperglycaemia and
other risk factors, particularly age and excess body
weight. 37,38 The absolute risk for this progression
depends dramatically on individual characteristics
such as age and BMI. Beyond controlling blood glucose levels, it is critically
important to manage blood pressure (BP) and
blood cholesterol (LDL-c) levels and assess control
of these risk factors on a regular basis (at least
annually). Regular screening for the development
of early diabetes-related complications, such as
kidney disease, retinopathy, neuropathy, peripheral
artery disease and foot ulceration, helps prevent the
development and progression of these complications.
With regular check-ups and effective lifestyle
management – along with medication as needed and
support in the form of diabetes education – people
with type 2 diabetes can lead long and healthy lives. 1.4 Diagnostic criteria for diabetes Most guidelines use the standard diagnostic criteria
proposed by IDF and the World Health Organization
(WHO) Figure 1.1. The footnote in Figure 1.1 mentions
the American Diabetes Association (ADA) inclusion of
HbA1c as part of the diagnostic criteria of diabetes
and prediabetes. WHO supports the use of HbA1c
≥ 6.5% for diabetes diagnosis but not for intermediate
hyperglycaemia, partly on the grounds that quality-
assured HbA1c measurement is not available on a
global scale. 27"
balanced-local-384,who_ar_individualized_care,2,WHO_recommendations_on_care_for_women_wi_p34_c58,unjudged,,,unjudged,unjudged,,not_relevant,WHO recommendations on care for women with diabetes during pregnancy.pdf,34,"3.1.2
Glucose monitoring",0.6571,"Rationale •
Regular monitoring of blood glucose levels, and recognizing when they are low or high, is crucial to managing diabetes during pregnancy and preventing complications. Women using insulin or other glucose-lowering agents require more frequent monitoring. •
The GDG noted that SMBG has been standard care for people with type 1 diabetes since the mid- to late- 1980s and it is unethical not to offer it in this population. •
In the context of potential harm to the developing baby from both hypoglycaemia and hyperglycaemia and limited empirical evidence on the harms and benefits of different modes of glucose monitoring during pregnancy, these recommendations provide guidance on the appropriate mode of monitoring for the different types of diabetes."
balanced-local-384,who_ar_individualized_care,3,Availability__price_and_affordability_of_p53_c105,unjudged,,,unjudged,unjudged,,not_relevant,"Availability, price and affordability of health technologies for the management of diabetes.pdf",53,Annex 3. List of publications compiled by this scoping review,0.64,"Annex 3. List of publications compiled by this scoping review Annexes 1
Insulin Availability Among
International Diabetes
Federation Member
Associations Report of
the Task Force on Insulin
Distribution Deeb
1994
60 coun­
tries Mainly insulin. Availability of syringes 42% of the
countries. Glucometers were used in 49 countries (81%). DM
Survey 2
Home monitoring of blood
glucose (HMBG) in Type-
2 Diabetes mellitus in a
developing country Kibriya
1999
Bangla­
desh Home Monitoring of Blood Glucose pack. Glucometer
cost: 131.3 USD Test strips cost: 12.62 for 25 strips (1 strip
0.5 USD), 100 strips 50.5 USD (1 USD = 49.5 Taka). T2DM
Cost-
effectiveness
evaluation 3
Excess costs of medical care
1 and 8 years after diagnosis
of diabetes: estimates from
young and middle-aged
incidence cohorts in Sweden Jonsson
2000
Sweden
Excess cost. Use. Annual cost strips. Strips' cost exceeds
the cost of insulin. The use of blood glucose test strips
was $321 in women compared to $177 USD in men T1DM
and
T2DM Cohort study 4
Is access to Insulin, Insulin
supplies and Education
a Democratic Right for
All People Affected by
Diabetes? Murray
2000
16 coun­
tries Cen­
tral and
Eastern
Europe Insulin and glucose strip cost. 50 strips 14-57 USD.
Cost per strip 0.28–1.14 USD. Cost Barriers: access
in rural areas was a concern, cost, supply shortages,
transportation difficulties, lack of education for patients,
lack of trained personnel. Syringes and pens were
reported to be available for free. Insulin cost was 5-18
USD. DM
Survey 5
Final report of the
International Insulin
Foundation on the rapid
assessment protocol for
insulin access in Zambia International
Insulin
Foundation"
balanced-local-384,who_ar_individualized_care,4,Guidance_on_global_monitoring_for_diabet_p55_c101,unjudged,,,unjudged,unjudged,,not_relevant,"Guidance on global monitoring for diabetes prevention and control Framework, indicators and application.pdf",55,Service delivery,0.6268,"| Indicator name | Treatment with glucose-lowering medication among people with diabetes |
| --- | --- |
| Purpose | To assess the level of treatment with glucose-lowering medication among people with diabetes. |
| Definition | Proportion of people with diabetes who required glucose-lowering medication and were receiving it according to WHO or national guidelines: ● This indicator can be derived from population-level surveys or health facility-based reporting systems. “Receiving medication” will be assessed through self-reports in a population-based survey, while in health facility- based reporting system, it will be assessed through prescription data. |
| Numerator | Population survey data: number of respondents with diabetes who required glucose-lowering medication and were receiving it according to guidelines. Facility data: number of people with diabetes registered in health facilities who required glucose-lowering medication and were receiving it according to guidelines during the reporting period. |
| Denominator | Population survey data: total number of respondents with diabetes who required glucose-lowering medication according to guidelines. Facility data: total number of people with diabetes registered in health facilities who required glucose-lowering medication according to guidelines during the reporting period. |
| Method of estimation | Numerator ÷ denominator × 100 |
| Disaggregation | Where possible and applicable, stratify by facility level of care type, provider ownership type (public/private), and individual-level characteristics such as age, sex, race/ethnicity, comorbidity status, high-risk groups, socioeconomic status, residence type (urban/rural), and health insurance type. |
| Sources of data | Health facility patient registers, health records, population-based survey |
| Limitations/comments | None |
| Related links | HEARTS-D: diagnosis and management of type 2 diabetes. Geneva: World Health Organization; 2020 (https://iris.who.int/handle/10665/331710). Noncommunicable disease facility-based monitoring guidance: framework, indicators and application. Geneva: World Health Organization; 2022 (https://iris. who.int/handle/10665/364379). The selection and use of essential medicines 2023: web annex A: World Health Organization model list of essential medicines: 23rd list‎. Geneva: World Health Organization; 2023 (https://iris.who.int/handle/10665/371090). |"
balanced-local-384,who_ar_individualized_care,5,EJOS_Volume_4_Issue_13_Pages_5_24_p5_c4,unjudged,,,unjudged,unjudged,,not_relevant,EJOS_Volume 4_Issue 13_Pages 5-24.pdf,5,9,0.6245,"THE IMPACT OF THE USE OF PLANTS STEVIA ON

LABORATORY RATS INDUCED DIABETIC

Serum aspartate transferase (AST) and serum alanine
transferase (ALT) and lipid peroxide (Malonaldehyde)
activities were measured colorimetrically according to
(Reitman and Frankel., 1957).
Results and Discussion:

Stevia possess the ability to increase the insulin effect
on cell membranes, increase insulin production, stabilize
glucagon secretion and blood sugar levels, and improve
glucose tolerance to ingested carbohydrates and lower post-
prandial blood sugar levels in both animals and
humans(Dyrskog, et al., 2005).
Table (1): The effect of different doses of stevia on serum

blood glucose of hyperglycemic rats.

Values are expressed as mean ± SD.Significance at p<0.05Values,
which don’t share the same letter in each column, are significantly
different.

9"
balanced-local-384,who_en_gdm_lifestyle_trial,1,WHO_recommendations_on_care_for_women_wi_p42_c74,unjudged,,,unjudged,unjudged,,not_relevant,WHO recommendations on care for women with diabetes during pregnancy.pdf,42,"3.1.3
Pharmacological treatment",0.7872,"insulin during pregnancy (see below), and clinical practices and availability of medications are highly variable. The choice of glucose-lowering agent for pregnant women with type 2 diabetes will be based on the woman’s experiences of medication before becoming pregnant, her glycaemic control during pregnancy, local availability and expertise, and her values and preferences. •
The GDG noted that many blood-glucose lowering agents are either not recommended for use in pregnancy or do not have adequate safety data in pregnancy (e.g. glucagon-like peptide-1 receptor agonists [GLP-1RA] and sodium-glucose transport protein 2 [SGLT2] Inhibitors). Dose of glucose-lowering agent •
The GDG acknowledged that, although the evidence on type 2 diabetes during pregnancy is limited, increased monitoring and/or intensity of glycaemic management may be required. Continuous subcutaneous insulin infusion may also be a consideration, as available. Desirable and undesirable effects •
The systematic review conducted to inform this guideline identified the following comparisons and findings. The GDG acknowledged that changes in the market mean that some medications may become unavailable and new products may become available and trigger review of the guidelines as evidence emerges."
balanced-local-384,who_en_gdm_lifestyle_trial,2,WHO_recommendations_on_care_for_women_wi_p44_c77,unjudged,,,unjudged,unjudged,,relevant,WHO recommendations on care for women with diabetes during pregnancy.pdf,44,"3.1.3
Pharmacological treatment",0.7765,"WHO recommendations on care for women with diabetes during pregnancy Remarks Commencement of pharmacotherapy •
The GDG acknowledged that a two-week trial of diet and physical activity to achieve glycaemic control is typically conducted before considering commencement of blood glucose-lowering medication for GDM. The trials comparing different pharmacological agents included in the systematic review used a range of lengths of diet/activity (when described this ranged from 3 to 28 days, most commonly seven days). However, in some settings and for some clinical presentations (e.g. based on level of glycaemic control or maternal/fetal concerns), medication may be commenced without a trial of diet/activity. Trigger for treatment initiation or change •
In the trials comparing different pharmacological agents included in the systematic review, thresholds used for insulin initiation, treatment agent switch and dose escalation were poorly and inconsistently reported. In most studies, the trigger for FPG was 5.0 to 5.5 mmol/L (90 to 100 mg/dL), with some using stricter (3.4 to 5.0 mmol/L [60 to 90 mg/dL]) or looser (<6.1 mmol/L [<110 mg/dL]) targets. One-hour postprandial targets ranged from <6.5 to <9.0 mmol/L (<117 to <162 mg/dL) and most studies used a two- hour postprandial target of <6.7 mmol/L (120 mg/dL), ranging between <5.6 and <7.8 mmol/L (<100 mg/dL and <140 mg/dL). •
In clinical practice, a flexible approach may be appropriate and triggers for treatment initiation or change will likely be based on a woman’s blood glucose control and clinical criteria that reflect local realities 28 (e.g. food insecurity, challenges in monitoring or follow-up), aiming to balance safety and feasibility. Choice of glucose-lowering agent •
The GDG acknowledged that although there is some indication of possible benefits of commencing with metformin, overall the evidence does not strongly support metformin over insulin as a first-line medicine."
balanced-local-384,who_en_gdm_lifestyle_trial,3,IDF_Diabetes_Atlas_11th_Edition_2025_WEB_p28_c50,unjudged,,,unjudged,unjudged,,not_relevant,IDF_Diabetes_Atlas_11th_Edition_2025_WEB.pdf,28,References,0.7649,"BMJ 355 ,
i5953 (2016). 42. Immanuel, J. & Simmons, D. Screening and
Treatment for Early-Onset Gestational Diabetes
Mellitus: a Systematic Review and Meta-analysis.
Curr. Diab. Rep. 17 , 115 (2017). 33. Yeboah, J., Bertoni, A. G., Herrington, D. M., Post,
W. S. & Burke, G. L. Impaired fasting glucose
and the risk of incident diabetes mellitus and
cardiovascular events in an adult population:
MESA (Multi-Ethnic Study of Atherosclerosis).
J Am Coll Cardiol 58 , 140–146 (2011). 43. Guariguata, L., Linnenkamp, U., Beagley, J.,
Whiting, D. R. & Cho, N. H. Global estimates of
the prevalence of hyperglycaemia in pregnancy.
Diabetes Res Clin Pract 103 , 176–185 (2014). IDF Diabetes Atlas 11th Edition - 2025 | diabetesatlas.org | 23"
balanced-local-384,who_en_gdm_lifestyle_trial,4,WHO_recommendations_on_care_for_women_wi_p38_c65,unjudged,,,unjudged,unjudged,,not_relevant,WHO recommendations on care for women with diabetes during pregnancy.pdf,38,"3.1.2
Glucose monitoring",0.7502,"WHO recommendations on care for women with diabetes during pregnancy available, a target fasting blood glucose of ≤7 mmol/L (126 mg/dl) and a postprandial plasma glucose of ≤9 mmol/L (45) can serve as surrogates. However, an individualized approach is encouraged in setting the patient’s target level for glycaemic control, taking into account their comorbidities, risks from medication side-effects and likely benefit from tight glycaemic control in view of life expectancy (46). •
In the context of limited empirical evidence, the GDG developed this recommendation based on the potential harm to the developing baby from hypoglycaemia and hyperglycaemia and the importance of glucose monitoring as noted in Recommendation 5. Remarks Benefits and harms •
The systematic review conducted to inform this guideline found that for women with type 1 diabetes: –
for very tight glycaemic targets (fasting plasma glucose [FPG] 3.33 to 5.00 mmol/L [60 to 90 mg/dL]) versus moderately tight glycaemic targets (FPG 5.27 to 6.38 mmol/L [95 to 115 mg/dL]), there was no evidence of benefit and possible increases in the percentage of days with maternal hypoglycaemia (n=22 women) and increased length of postnatal hospitalization (n=137 women) ( low certainty ); –
for tight glycaemic targets (FPG <5.6 mmol/L [<101 mg/dL]) versus moderate (FPG 5.6 to 6.7 mmol/L glycaemic targets [101 to 121 mg/dL]) there was no evidence of benefit or harm; –
for moderate glycaemic targets (FPG target 5.6 to 6.7 mmol/L [101 to 121 mg/dL]) versus loose 22 glycaemic targets (FPG 6.7 to 8.9 mmol/L [121 mg/dL to 160 mg/dL]), there were possible reductions in caesarean birth (n=44 women), large-for-gestational age (n=44 babies) and respiratory distress syndrome (n=44 babies) ( low certainty ) and no certain evidence of harm. •
For tight versus moderate glycaemic targets or moderate versus loose glycaemic targets, the lack of harm is not established as many outcomes were of very low certainty."
balanced-local-384,who_en_gdm_lifestyle_trial,5,IDF_Diabetes_Atlas_11th_Edition_2025_WEB_p29_c51,unjudged,,,unjudged,unjudged,,not_relevant,IDF_Diabetes_Atlas_11th_Edition_2025_WEB.pdf,29,References,0.7433,"54. Saravanan, P. et al . Early pregnancy HbA1c as
the first screening test for gestational diabetes:
results from three prospective cohorts. Lancet
Diabetes Endocrinol 12 , 535–544 (2024). 44. Simmons, D. et al . Treatment of Gestational
Diabetes Mellitus Diagnosed Early in Pregnancy.
N Engl J Med 388 , 2132–2144 (2023). 45. Seifu, C. N. et al . Association Between Immediate
Treatment of Early Gestational Diabetes Mellitus
and Breastfeeding Outcomes: Findings From the
TOBOGM Study. Diabetes Care dc231635 (2024)
doi:10.2337/dc23-1635. 55. Guariguata, L., Linnenkamp, U., Beagley, J.,
Whiting, D. R. & Cho, N. H. Global estimates of
the prevalence of hyperglycaemia in pregnancy.
Diabetes Res. Clin. Pract. 103 , 176–185 (2014). 56. Hivert, M.-F. et al . Pathophysiology from
preconception, during pregnancy, and beyond.
Lancet 404 , 158–174 (2024). 46. Haque, M. M. et al . Cost-effectiveness of
diagnosis and treatment of early gestational
diabetes mellitus: economic evaluation of the
TOBOGM study, an international multicenter
randomized controlled trial. EClinicalMedicine
71 , 102610 (2024). 57. Bellamy, L., Casas, J.-P., Hingorani, A. D. & Williams,
D. Type 2 diabetes mellitus after gestational
diabetes: a systematic review and meta-analysis.
Lancet 373 , 1773–1779 (2009). 47. American Diabetes Association. Diagnosis and
classification of diabetes mellitus. Diabetes Care
37 Suppl 1 , S81-90 (2014). 58. Fetita, L.-S., Sobngwi, E., Serradas, P., Calvo, F. &
Gautier, J.-F. Consequences of fetal exposure to
maternal diabetes in offspring. J. Clin. Endocrinol.
Metab. 91 , 3718–3724 (2006). 48. Chivese, T. et al . IDF Diabetes Atlas: The
prevalence of pre-existing diabetes in pregnancy
- A systematic reviewand meta-analysis of studies
published during 2010-2020. Diabetes Res Clin
Pract 183 , 109049 (2022)."
balanced-local-384,who_ar_care_actions,1,WHO_recommendations_on_care_for_women_wi_p1_c0,unjudged,,,unjudged,unjudged,,not_relevant,WHO recommendations on care for women with diabetes during pregnancy.pdf,1,,0.9075,"WHO recommendations on
care for women with diabetes

during pregnancy"
balanced-local-384,who_ar_care_actions,2,WHO_recommendations_on_care_for_women_wi_p3_c1,unjudged,,,unjudged,unjudged,,not_relevant,WHO recommendations on care for women with diabetes during pregnancy.pdf,3,,0.9075,"WHO recommendations on
care for women with diabetes

during pregnancy"
balanced-local-384,who_ar_care_actions,3,WHO_recommendations_on_care_for_women_wi_p72_c127,unjudged,,,unjudged,unjudged,,not_relevant,WHO recommendations on care for women with diabetes during pregnancy.pdf,72,"Annex 3.
Summary and management
of declared interests from
GDG members",0.8922,"WHO recommendations on care for women with diabetes during pregnancy

56"
balanced-local-384,who_ar_care_actions,4,WHO_recommendations_on_care_for_women_wi_p34_c57,unjudged,,,unjudged,unjudged,,relevant,WHO recommendations on care for women with diabetes during pregnancy.pdf,34,"3.1.2
Glucose monitoring",0.7936,"WHO recommendations on care for women with diabetes during pregnancy –
support the woman in monitoring blood glucose; –
support the woman in maintaining target glucose levels; –
effectively manage the use of insulin and/or oral glucose-lowering agents in pregnancy; –
provide individualized dietary and activity advice, education and support; –
undertake and respond to appropriate fetal surveillance. Equity and human rights •
Indirect evidence from the QES (16) indicates that specialized services may not be available in all settings, particularly in low-income contexts ( l ow confidence ). •
In addition, where specialized services are available, the additional costs associated with attendance (transportation, childcare, time away from work) may be prohibitive for some women, especially those on low incomes and/or those requiring extra clinic visits to support other aspects of their antenatal care and/ or diabetic management ( low confidence ). Feasibility •
Indirect evidence from the QES (16) suggests that health-care providers recognize the importance of inter- professional collaboration and a multidisciplinary team approach to care ( moderate confidence ). •
Indirect evidence from the same review (16) suggests that some health-care providers would like more 18 specialized training to better understand diabetes management during pregnancy ( moderate confidence ). 3.1.2
Glucose monitoring Mode of glucose monitoring Recommendations 5
For pregnant women with type 1, type 2 or gestational diabetes, recommend SMBG in addition to routine care, where feasible. 6
For pregnant women with type 1 diabetes, recommend the use of a CGM system, where feasible. 7
For pregnant women with type 2 or gestational diabetes, do not routinely recommend use of a CGM system. Rationale •
Regular monitoring of blood glucose levels, and recognizing when they are low or high, is crucial to managing diabetes during pregnancy and preventing complications. Women using insulin or other"
balanced-local-384,who_ar_care_actions,5,WHO_recommendations_on_care_for_women_wi_p50_c89,unjudged,,,unjudged,unjudged,,not_relevant,WHO recommendations on care for women with diabetes during pregnancy.pdf,50,"3.1.4
Additional monitoring",0.7812,"WHO recommendations on care for women with diabetes during pregnancy •
Indirect evidence highlights the importance of teamwork, especially for women receiving additional (or enhanced) services (16). Some health-care providers felt there were gaps in the system caused by poor communication between different disciplines and/or departments and stressed the importance of ‘joined up’ care and efficient, multidisciplinary teamworking ( moderate confidence ). Feasibility •
Indirect evidence from the QES suggests that some health systems may struggle to cope with enhanced services for pregnant diabetic women given the extra demands (in terms of resources, staff training and equipment) required to support these services in already overstretched health systems ( high confidence ) (16). Renal assessment Recommendations 25
For pregnant women with type 1 or type 2 diabetes, assess renal function when antenatal care is initiated and arrange specialist follow-up for women if impaired renal function is identified. 26
For women with GDM, do not routinely assess renal function. 27
For pregnant women with type 1 or type 2 diabetes with impaired renal function, emphasize the importance of maintaining blood pressure levels below 130/80 mmHg during pregnancy and offer antihypertensives known to be safe in pregnancy as indicated. Advise women to modify major risk factors for cardiovascular disease (e.g. smoking, 34 unhealthy diet, sedentary behaviour) and to seek specialist postnatal follow-up. Rationale •
Diabetic nephropathy is the most common cause of chronic kidney disease and end-stage renal disease worldwide. It arises as a microvascular complication of chronic hyperglycaemia, leading to structural damage within the glomeruli and progressive loss of kidney function (60). The early stages of diabetic nephropathy, characterized by microalbuminuria, signal systemic endothelial dysfunction and serve as"
balanced-local-384,no_evidence_en_malaria,1,Regional_Commemoration_of_World_Diabetes_p41_c72,unjudged,,,unjudged,unjudged,,not_relevant,Regional Commemoration of World Diabetes Day 2024.pdf,41,MALAYSIA,0.4658,"an increasing trend for treatment effectiveness. •
SIMPLE app is useful for following up patients who have missed their clinic visits however a very small
number of patients did not have phone access. •
Health staff compliance improved over time and gained confidence in using the app for monitoring. •
All essential drugs included in the diabetes protocol are freely available in all primary care institutions. •
Patient compliance is a challenge that needs to be improved through patient-centred care with
specific improvements in communication. Regional Commemoration of World Diabetes Day Colombo Sri Lanka 21-22 November 2024 Implementation research for use of Improving diabetes
treatment outcomes through
protocol-based management Strong public health policies, Integration of diabetes
remission in NCD clinic
with quality assessment to
achieve the good glycaemia digital technologies for screening Community Health Station
programme, engagement of local
authorities- a positive step towards at community level through
community screening app and clinic of diabetes in Sri Lanka -Diabetes Compass in Sri Lanka prevention of diabetes in Thailand control in Thailand
SRI LANKA THAILAND RISK FACTORS PREVENTION
(PRIMARILY  TARGETING OBESITY, UNHEALTHY DIET USING DIABETES AS TRACER TO STRENGTHEN
HEALTH SYSTEMS COMPONENTS IN TIMOR LESTE OR PHYSICAL INACTIVITY) Dr Mateus Remiso Ornai Head of NCD, MoH Timor-Leste
Dr Helder Juvinal Neto Focal Point for PEN and Diabetes, MoH Timor-Leste Dr Mateus Remiso Ornai Head of NCD, MoH Timor-Leste
Dr Helder Juvinal Neto Focal Point for PEN and Diabetes, MoH Timor-Leste BACKGROUND PROBLEM STATEMENT BACKGROUND PROBLEM STATEMENT Disease burden: As per TL Fact sheet
2016, prevalence of  diabetes is 3.9% Pre-
liminary  results from  Integrated NCD
survey, Timor Leste 2023 Using hy-
pertension
and
diabetes
as
tracer
conditions
to
improve
quality
NCD
care
services • MOH  has  given the commitment to put
50,000 people with diabetes and or hyper-
tension"
balanced-local-384,no_evidence_en_malaria,2,Availability__price_and_affordability_of_p48_c99,unjudged,,,unjudged,unjudged,,not_relevant,"Availability, price and affordability of health technologies for the management of diabetes.pdf",48,"Availability, price and affordability of health technologies for the management of diabetes",0.4179,"Diabetes
2021. 77.
Najem S, Majaliwa ES, Ramaiya K, Swai ABM, Jasem D, Ludvigsson J. Glycemic control and complications of type 1
diabetes among children in Tanzania. J Clin Transl Endocrinol 2021; 23: 100245. 78.
Castro Adel R, Grossi SA. [Reuse of discarded syringes in residences of children and teenagers with diabetes
mellitus]. Rev Esc Enferm USP 2007; 41(2): 187-95. 36"
balanced-local-384,no_evidence_en_malaria,3,Prevention_and_control_of_diabetes_melli_p57_c98,unjudged,,,unjudged,unjudged,,not_relevant,Prevention and control of diabetes mellitus Lessons for service delivery from countries in the WHO South-East Asia Region.pdf,57,Case study 4,0.4161,"|  | INDONESIA Improving integrated screening and management of tuberculosis and diabetes Background and rationale: Like many other Objectives: The main objective of the project countries, Indonesia is in an epidemiological was to strengthen bidirectional screening and transition with a high burden of infectious integrated management of TB and diabetes, diseases, including tuberculosis (TB), and as bidirectional screening and treatment is a rising NCD burden. The country has an vital to control both conditions. It focused on estimated diabetes prevalence of 10.8%, developing practical guidelines and training accounting for 19 465 102 adults (28). In 2022, modules, tailored for doctors, nurses and the estimated prevalence of TB in Indonesia community health workers, and facilitated was approximately 312 cases per 100 000 training of health-care professionals and population. Both TB and diabetes prevalence community health workers in co-management places Indonesia among the seven countries protocols. The project also promoted with the highest burden of these two diseases early identification of TB and diabetes by (34). introducing diabetes checks among TB patients and TB screening for individuals with Indonesian Family Life Survey (IFLS) 2014 data diabetes. It also strengthened health-seeking show that only 54% of public health centres behaviour through community education and (puskesmas) can test blood glucose and patient awareness activities. only 47% reported the ability to test urine. The capacity of primary care to undertake Project setting, population and timeline: diagnostic testing also varies among urban Building on earlier work in North Moluccas, and rural areas and across provinces. Urban East Kalimantan and Jakarta, this project capacity was higher than rural capacity, extended the scope across five provinces: while the eastern provinces demonstrated North Moluccas (North Maluku), North lower capacity compared with the western Celebes (now North Sulawesi), Jakarta, provinces. West Java and East Nusa Tenggara, with a |
| --- | --- |"
balanced-local-384,no_evidence_en_malaria,4,Availability__price_and_affordability_of_p54_c108,unjudged,,,unjudged,unjudged,,not_relevant,"Availability, price and affordability of health technologies for the management of diabetes.pdf",54,Annex 3. List of publications compiled by this scoping review,0.4058,"Availability, price and affordability of health technologies for the management of diabetes 6
Final report of the
international insulin
foundation on the rapid
assessment protocol for
insulin access in Mali International
Insulin
Foundation 2004
Mali
Glucometer availability 16-100% availability. Cost of
glucose test for the patient 0.08–3.00 Euro.  Barriers:
unavailability of diagnostics tools and the appropriate
level of care, supply issues for reagents and other
laboratory materials. Recommendations: removing 5%
VAT and mark-ups for technologies needed for diabetes
management, develop a national priority devices list
for each level within the health system, develop supply
chain for laboratory materials. T1DM
Report 7
Report of the international
insulin foundation on the
rapid assessment protocol
for insulin access in
Mozambique International
Insulin
Foundation 2004
Mozam­
bique Glucometer availability 21% of facilities. Strips availability
6% of facilities. Blood glucose test fee 0.21 USD. Barriers:
unavailability of diagnostics tools at the Hospital, lack
of training for healthcare providers, self-monitoring
equipment out of reach for patients. Recommendations:
Improve access to diagnostics tools, develop diabetes
care guidelines, and improve training for laboratory
technicians. T1DM
Report 8
Assessing health systems
for type 1 diabetes in sub-
Saharan Africa: Developing
a 'Rapid Assessment
Protocol for Insulin Access' Beran
2006
Mozam­
bique,
Mali and
Zambia System barriers. Availability and pricing of insulin,
syringes and monitoring equipment. Levels of provision
in the system classified as macro, meso, and micro
(RAPIA) T1DM
Assessment
development
and piloting 9
Diabetes care in sub-
Saharan Africa Beran
2006
Africa
Mainly insulin cost and availability. Glucometer
availability in Mozambique 18%. Recommendations.
RAPIA DM
Review 10
The cost burden of diabetes
mellitus: The evidence from
Germany - The CoDiM study"
balanced-local-384,no_evidence_en_malaria,5,Regional_Commemoration_of_World_Diabetes_p13_c17,unjudged,,,unjudged,unjudged,,not_relevant,Regional Commemoration of World Diabetes Day 2024.pdf,13,2 Summary of the proceedings,0.4036,"acids. He also summarized the following as country-specific efforts showcased through poster
presentation. 
Bangladesh – mobilizing communities through religious leaders and culturally
adapted materials, 
Bhutan – integrating traditional health practices with modern care and set district-
wise targets to reduce care gaps 
India – demonstrating strong political commitment with its 75 by 25 initiative,
leveraging Health and Wellness Centers for telehealth and diagnostics. 
Indonesia – integrating TB-DM management in primary healthcare and used HbA1C
testing for treatment monitoring. Maldives reoriented its health system, focusing
on capacity building and population tracking 7 Regional Commemoration of World Diabetes Day 2024"
balanced-local-384,no_evidence_ar_quantum,1,The_Global_Diabetes_Compact_progress_in__p1_c0,unjudged,,,unjudged,unjudged,,not_relevant,The Global Diabetes Compact progress in supporting its workstreams technical report.pdf,1,,0.693,"The Global

Diabetes
Compact -
progress in
supporting its

workstreams

Technical report"
balanced-local-384,no_evidence_ar_quantum,2,The_Global_Diabetes_Compact_progress_in__p2_c1,unjudged,,,unjudged,unjudged,,not_relevant,The Global Diabetes Compact progress in supporting its workstreams technical report.pdf,2,,0.693,"The Global

Diabetes
Compact -
progress in
supporting its

workstreams

Technical report"
balanced-local-384,no_evidence_ar_quantum,3,Guidance_on_global_monitoring_for_diabet_p33_c56,unjudged,,,unjudged,unjudged,,not_relevant,"Guidance on global monitoring for diabetes prevention and control Framework, indicators and application.pdf",33,Health system determinants,0.6733,"Indicators and metadata

4. Existence of national guidelines for diabetes management

21"
balanced-local-384,no_evidence_ar_quantum,4,Prevention_and_control_of_diabetes_melli_p16_c23,unjudged,,,unjudged,unjudged,,not_relevant,Prevention and control of diabetes mellitus Lessons for service delivery from countries in the WHO South-East Asia Region.pdf,16,Executive summary,0.658,"| The Global Diabetes Compact what you need to know |  |
| --- | --- |"
balanced-local-384,no_evidence_ar_quantum,5,IDF_Diabetes_Atlas_11th_Edition_2025_WEB_p114_c210,unjudged,,,unjudged,unjudged,,not_relevant,IDF_Diabetes_Atlas_11th_Edition_2025_WEB.pdf,114,Middle-East and North Africa,0.6565,IDF Diabetes Atlas 11th Edition - 2025 | diabetesatlas.org | 109
large-local-384,idf_en_global_prevalence,1,IDF_Diabetes_Atlas_11th_Edition_2025_WEB_p46_c62,unjudged,,,unjudged,unjudged,,relevant,IDF_Diabetes_Atlas_11th_Edition_2025_WEB.pdf,46,Key messages:,0.8629,"Key messages:

An estimated 589 million adults aged 20–79 years
are living with diabetes. This represents 11.1% of
the world’s population in this age group.

The total number of adults living with diabetes is
predicted to rise to 853 million (13%) by 2050.

An estimated 252 million adults living with diabetes
are unaware they have the condition.

One in four adults (158 million) living with diabetes
are aged over 65.

An estimated 635 million adults aged 20–79 years
are living with impaired glucose tolerance (12%).

Over USD 1 trillion was spent on diabetes in 2024.
This represents 12% of global health expenditure.

Over 3.4 million people died as a result of diabetes
in 2024. This corresponds to 9.3% of global deaths
from all causes.

An estimated 9.1 million people are living with type
1 diabetes. The majority (69%) are aged 20-59.

An estimated 1 in 5 live births (23 million) are
affected by some form of hyperglycaemia
in pregnancy.

IDF Diabetes Atlas 11th Edition - 2025 | diabetesatlas.org | 41
IDF Diabetes Atlas 11th Edition - 2025 | diabetesatlas.org | 41"
large-local-384,idf_en_global_prevalence,2,IDF_Diabetes_Atlas_11th_Edition_2025_WEB_p53_c75,unjudged,,,unjudged,unjudged,,not_relevant,IDF_Diabetes_Atlas_11th_Edition_2025_WEB.pdf,53,"Figure 3.2 Prevalence of diabetes among men and women (20–79 years), 2024.",0.8336,"|  | 2024 | 2050 |
| --- | --- | --- |
| Adult population (65-99 years) | 667.8 million | 1.1 billion |
| Prevalence (65-99 years) | 23.7% | 24.3% |
| Number of people over 65 with diabetes (65–99 years) | 158.3 million | 278 million |"
large-local-384,idf_en_global_prevalence,3,IDF_Diabetes_Atlas_11th_Edition_2025_WEB_p92_c147,unjudged,,,unjudged,unjudged,,not_relevant,IDF_Diabetes_Atlas_11th_Edition_2025_WEB.pdf,92,"Figure 4.5 Estimated prevalence (%) of diabetes by age and sex, IDF South and Central America
Region 2024.",0.832,"| At a glance |  |  |
| --- | --- | --- |
|  | 2024 | 2050 |
| Adult population (20-79 years) | 1.74b | 1.72b |
| Diabetes (20-79 years) |  |  |
| Regional prevalence | 12.4% | 14.7% |
| Age-standardised prevalence | 11.1% | 12.8% |
| Number of people with diabetes (20-79 years) | 215m | 254m |
| Number of deaths due to diabetes (20-79 years) | 1.2m |  |
| Healthcare expenditure due to diabetes (20-79 years) |  |  |
| Total healthcare expenditure, USD | 246.3b | 237.7b |
| Impaired glucose tolerance (20-79 years) |  |  |
| Regional prevalence | 14.4% | 15.5% |
| Age-standardised prevalence | 13.5% | 14.3% |
| Number of people with impaired glucose tolerance | 251m | 268m |
| Impaired fasting glucose (20-79 years) |  |  |
| Regional prevalence | 9.1% | 9.9% |
| Age-standardised prevalence | 8.6% | 9.2% |
| Number of people with impaired glucose tolerance | 160m | 171m |
| Undiagnosed diabetes (20-79 years) |  |  |
| Regional proportion | 50.0% |  |
| Number of people with undiagnosed diabetes | 108m |  |
| Type 1 diabetes (all age groups) |  |  |
| Number of people with type 1 diabetes | 991,000 |  |"
large-local-384,idf_en_global_prevalence,4,IDF_Diabetes_Atlas_11th_Edition_2025_WEB_p53_c73,unjudged,,,unjudged,unjudged,,not_relevant,IDF_Diabetes_Atlas_11th_Edition_2025_WEB.pdf,53,"Figure 3.2 Prevalence of diabetes among men and women (20–79 years), 2024.",0.8293,"Table 3.5 Top 10 countries or territories with age-standardised diabetes prevalence in adults
(20–79 years) in 2024 and 2050.

i. Countries without in-country data sources. Estimates are extrapolated.

Table 3.6 Global diabetes estimates in people (65-99 years) in 2024 and 2050.

3.2 Diabetes prevalence in older adults in 2024 and projection to 2050

Regional distribution

Diabetes prevalence increases with age. Therefore,
the highest estimated prevalence is in people over
65 (Figure 3.1). In 2024, the estimated number of
people with diabetes aged 65–99 years was 158.3
million (23.7%). If the current trend continues, the
number of people aged 65-99 years with diabetes will
be 278 million in 2050 (Table 3.6). These data point
to a significant increase in the diabetes population of
ageing societies in the next 25 years and the inevitable
public health and economic challenges this will bring.
It will require all countries to commit to sufficient
resources to tackle diabetes.

There are significant regional differences in the
prevalence of diabetes in people over 65. Regions
included in the top five places remained the same
in 2024 compared with 2019, but the MENA region
had the highest prevalence at (32.3%). The lowest
prevalence remains in the AFR region (7.8%). This is
generally true for 2050 as well (Table 3.7). However,
the EUR region will fall to 6th place in the table with
the SEA region taking its place. Overall, the projected
diabetes prevalence in 2050 in this age group does not
forecast significant increases. As an example, in the
SACA Region the figures are 23.2% in 2024 and 23.6%
in 2050, and in AFR 7.8% in 2024 and 8.3% in 2050.

48 | IDF Diabetes Atlas 11th Edition - 2025 | diabetesatlas.org"
large-local-384,idf_en_global_prevalence,5,IDF_Diabetes_Atlas_11th_Edition_2025_WEB_p49_c67,unjudged,,,unjudged,unjudged,,not_relevant,IDF_Diabetes_Atlas_11th_Edition_2025_WEB.pdf,49,3.1 Diabetes prevalence in 2024 and projection to 2050 (20–79 years),0.8291,"Variation in diabetes prevalence across age, sex and setting

The estimated diabetes prevalence is similar in women
and men aged 20–79 (10.9% vs 11.3%). In 2024, the
IDF estimates that 9.8 million more men than women
were living with diabetes (Figure 3.2).

Age is an important risk factor for diabetes. Ageing of
the world’s population contributes to higher diabetes
prevalence that results in an increasing proportion of
people with diabetes over the age of 60.

Prevalence was lowest among adults aged 20–24
(1.9% in 2024 and 2.2% in 2050). Conversely, it was
highest among adults aged 75–79, with an estimated
prevalence of 24.8% in 2024, which is expected to rise
to 25.4% by 2050.

Map 3.2 Estimated age-standardised country prevalence of diabetes in adults (20–79 years), 2024.

<4%

4-<5%

5-<7%

7-<9%

9-<12%

≥ 12%

No estimates

44 | IDF Diabetes Atlas 11th Edition - 2025 | diabetesatlas.org"
large-local-384,idf_ar_projection_2050,1,IDF_Diabetes_Atlas_11th_Edition_2025_WEB_p47_c63,unjudged,,,unjudged,unjudged,,not_relevant,IDF_Diabetes_Atlas_11th_Edition_2025_WEB.pdf,47,3.1 Diabetes prevalence in 2024 and projection to 2050 (20–79 years),0.837,"While the world’s population is estimated to grow
25% over the next 25 years, the number of people
with diabetes is estimated to increase by 45%
(Map 3.1, Table 3.1, Map 3.2).

This 11th edition of the IDF Diabetes Atlas provides
estimates for diabetes in 2024 and projected
estimates for 2050. The estimates include diagnosed
and undiagnosed diabetes for adults aged 20–79.

Worldwide, a total of 589 million adults aged 20–79
are estimated to have diabetes (11.1% of all adults in
this age group). By 2050, the number of adults living
with diabetes will rise to a projected 852.5 million.

Map 3.1 Estimated number of adults (20–79 years) with diabetes by country, 2024.

< 100 thousand

100-<500 thousand

500 thousand-<1 million

1 - <10 million
10-<20 million
≥ 20 million
No estimates

3.1 Diabetes prevalence in 2024 and projection to 2050 (20–79 years)

Our projection for 2050 predicts a growth of 17% in
the prevalence of diabetes due to the ageing of the
population and increased urbanisation across the
globe. It is estimated that 95% of the increase in the
number of people with diabetes by 2050 will occur in
low- and middle-income countries, where population
growth is expected to be greater than in high-income
countries (Table 3.2).

The estimates in the 11th edition of the IDF Diabetes
Atlas are provided for 215 countries and territories,
grouped into the seven IDF Regions: Africa (AFR),
Europe (EUR), Middle East and North Africa (MENA),
North America and Caribbean (NAC), South and
Central America (SACA), South-East Asia (SEA) and
Western Pacific (WP). In total, 246 data sources from
153 countries and territories were included in the
analyses (See Resources www.diabetesatlas.org). 1
Data are presented considering each country´s current
age structure and, after adjustment to reflect the
prevalence, the age structure of the world population.

42 | IDF Diabetes Atlas 11th Edition - 2025 | diabetesatlas.org"
large-local-384,idf_ar_projection_2050,2,IDF_Diabetes_Atlas_11th_Edition_2025_WEB_p46_c62,unjudged,,,unjudged,unjudged,,relevant,IDF_Diabetes_Atlas_11th_Edition_2025_WEB.pdf,46,Key messages:,0.8195,"Key messages:

An estimated 589 million adults aged 20–79 years
are living with diabetes. This represents 11.1% of
the world’s population in this age group.

The total number of adults living with diabetes is
predicted to rise to 853 million (13%) by 2050.

An estimated 252 million adults living with diabetes
are unaware they have the condition.

One in four adults (158 million) living with diabetes
are aged over 65.

An estimated 635 million adults aged 20–79 years
are living with impaired glucose tolerance (12%).

Over USD 1 trillion was spent on diabetes in 2024.
This represents 12% of global health expenditure.

Over 3.4 million people died as a result of diabetes
in 2024. This corresponds to 9.3% of global deaths
from all causes.

An estimated 9.1 million people are living with type
1 diabetes. The majority (69%) are aged 20-59.

An estimated 1 in 5 live births (23 million) are
affected by some form of hyperglycaemia
in pregnancy.

IDF Diabetes Atlas 11th Edition - 2025 | diabetesatlas.org | 41
IDF Diabetes Atlas 11th Edition - 2025 | diabetesatlas.org | 41"
large-local-384,idf_ar_projection_2050,3,IDF_Diabetes_Atlas_11th_Edition_2025_WEB_p88_c141,unjudged,,,unjudged,unjudged,,not_relevant,IDF_Diabetes_Atlas_11th_Edition_2025_WEB.pdf,88,"Figure 4.5 Estimated prevalence (%) of diabetes by age and sex, IDF South and Central America
Region 2024.",0.8133,"m = million | b = billion

Highlights

●
1 in 10 adults have diabetes – 35 million.

●
The number of adults with diabetes
is expected to increase by 46% to 52
million by 2050.

●
1 in 3 adults living with diabetes
(30.4%) are undiagnosed.

●
Diabetes is responsible for 224,000
deaths in 2024.

●
797,000 people live with type 1 diabetes.

●
Diabetes-related expenditure totals
USD 81 billion in 2024.

●
1 in 6 live births are affected by
hyperglycaemia in pregnancy.

IDF Diabetes Atlas 11th Edition - 2025 | diabetesatlas.org | 83"
large-local-384,idf_ar_projection_2050,4,IDF_Diabetes_Atlas_11th_Edition_2025_WEB_p53_c75,unjudged,,,unjudged,unjudged,,not_relevant,IDF_Diabetes_Atlas_11th_Edition_2025_WEB.pdf,53,"Figure 3.2 Prevalence of diabetes among men and women (20–79 years), 2024.",0.8108,"|  | 2024 | 2050 |
| --- | --- | --- |
| Adult population (65-99 years) | 667.8 million | 1.1 billion |
| Prevalence (65-99 years) | 23.7% | 24.3% |
| Number of people over 65 with diabetes (65–99 years) | 158.3 million | 278 million |"
large-local-384,idf_ar_projection_2050,5,IDF_Diabetes_Atlas_11th_Edition_2025_WEB_p53_c73,unjudged,,,unjudged,unjudged,,not_relevant,IDF_Diabetes_Atlas_11th_Edition_2025_WEB.pdf,53,"Figure 3.2 Prevalence of diabetes among men and women (20–79 years), 2024.",0.8009,"Table 3.5 Top 10 countries or territories with age-standardised diabetes prevalence in adults
(20–79 years) in 2024 and 2050.

i. Countries without in-country data sources. Estimates are extrapolated.

Table 3.6 Global diabetes estimates in people (65-99 years) in 2024 and 2050.

3.2 Diabetes prevalence in older adults in 2024 and projection to 2050

Regional distribution

Diabetes prevalence increases with age. Therefore,
the highest estimated prevalence is in people over
65 (Figure 3.1). In 2024, the estimated number of
people with diabetes aged 65–99 years was 158.3
million (23.7%). If the current trend continues, the
number of people aged 65-99 years with diabetes will
be 278 million in 2050 (Table 3.6). These data point
to a significant increase in the diabetes population of
ageing societies in the next 25 years and the inevitable
public health and economic challenges this will bring.
It will require all countries to commit to sufficient
resources to tackle diabetes.

There are significant regional differences in the
prevalence of diabetes in people over 65. Regions
included in the top five places remained the same
in 2024 compared with 2019, but the MENA region
had the highest prevalence at (32.3%). The lowest
prevalence remains in the AFR region (7.8%). This is
generally true for 2050 as well (Table 3.7). However,
the EUR region will fall to 6th place in the table with
the SEA region taking its place. Overall, the projected
diabetes prevalence in 2050 in this age group does not
forecast significant increases. As an example, in the
SACA Region the figures are 23.2% in 2024 and 23.6%
in 2050, and in AFR 7.8% in 2024 and 8.3% in 2050.

48 | IDF Diabetes Atlas 11th Edition - 2025 | diabetesatlas.org"
large-local-384,idf_en_undiagnosed,1,IDF_Diabetes_Atlas_11th_Edition_2025_WEB_p73_c113,unjudged,,,unjudged,unjudged,,not_relevant,IDF_Diabetes_Atlas_11th_Edition_2025_WEB.pdf,73,3.8 Type 1 diabetes estimates in children and adults,0.7661,"3.8 Type 1 diabetes estimates in children and adults Findings Previous editions of the IDF Diabetes Atlas were
restricted to children and adolescents living with
type 1 diabetes (T1D) and did not consider potential
changes in incidence and mortality in the interval
between the study dates of the respective individual
country data and publication dates of the Atlas. In 2024, there were an estimated 9.15 million
individuals worldwide living with diagnosed clinical
T1D, 17 with 22.3% (2.04 million) of these living in
low-income and lower-middle-income countries. Of this total population of 9.15 million, 1.81 million
(19.8%), were younger than 20 years, 6.28 million
(68.6%) were between 20 and 59 and 1.06 million
(11.8%) were 60 or older. Development of the Type 1 Diabetes Index (T1D Index)
has enabled more current and accurate estimates to
be calculated for all ages across all countries. 15–17 The
T1D Index is a joint initiative of Breakthrough T1D, Life
for a Child, The International Diabetes Federation, and
the International Society for Paediatric and Adolescent
Diabetes. The Index uses a Markov model with
machine learning and all available population-based
incidence, prevalence and mortality data to produce
national and, thereby, global estimates. 17 Figure 3.13 shows the number of people with T1D
in each of these age brackets by IDF Region. The IDF
Europe Region has the highest number of cases,
followed by the IDF North America and Caribbean
Region. The lowest number of people with T1D was
observed in the Africa Region. Figure 3.13 Number of individuals with type 1 diabetes in each world region in 2024. 3,000,000 Number of people with T1D 2,500,000 2,000,000 1,500,000 1,000,000 500,000 - AFR
EUR
MENA
NAC
SACA
SEA
WP IDF Region All ages
<20 years of age
20 - 59 years of age
>=60 years of age IDF: International Diabetes Federation; AFR: Africa; EUR: Europe; MENA: Middle East and North Africa; NAC: North America and Caribbean; SACA:
South and Central America; SEA: South-East Asia; WP: Western Pacific For the 83 countries with published data from recent
years, the ten countries with the highest estimated
incidence in children under 15 years of age in 2024
were Finland, Saudi Arabia, Kuwait, Qatar, Estonia,
Algeria, Sweden, Canada, Norway and Libya, ranked
in order of highest incidence. In 2024, there were 503,000 new cases of T1D
diagnosed at all ages, with 219,000 of these new cases
in children and young adults under 20 years of age. The T1D Index numbers clearly show that T1D is not
just a condition that affects children and youth. With
good care, people developing T1D in childhood live
to older ages, adding to the number of adults with
diabetes. Furthermore, adult onset of T1D is common.
In 2024, 284,000 (56.5%) of all new clinically diagnosed
T1D cases occurred in people aged 20 years or older.
The current mean age of a person living with T1D
is 35 years."
large-local-384,idf_en_undiagnosed,2,IDF_Diabetes_Atlas_11th_Edition_2025_WEB_p57_c83,unjudged,,,unjudged,unjudged,,not_relevant,IDF_Diabetes_Atlas_11th_Edition_2025_WEB.pdf,57,3.3 Undiagnosed diabetes,0.7586,"Map 3.4 Proportion of adults (20–79 years) with undiagnosed diabetes by country in 2024.

<24%

35-<45%

45-<55%

55-<64%
≥ 65%
No estimates

Table 3.11 Top 10 countries with the largest number of adults (20–79 years) with undiagnosed
diabetes in 2024.

52 | IDF Diabetes Atlas 11th Edition - 2025 | diabetesatlas.org"
large-local-384,idf_en_undiagnosed,3,IDF_Diabetes_Atlas_11th_Edition_2025_WEB_p46_c62,unjudged,,,unjudged,unjudged,,relevant,IDF_Diabetes_Atlas_11th_Edition_2025_WEB.pdf,46,Key messages:,0.7569,"Key messages:

An estimated 589 million adults aged 20–79 years
are living with diabetes. This represents 11.1% of
the world’s population in this age group.

The total number of adults living with diabetes is
predicted to rise to 853 million (13%) by 2050.

An estimated 252 million adults living with diabetes
are unaware they have the condition.

One in four adults (158 million) living with diabetes
are aged over 65.

An estimated 635 million adults aged 20–79 years
are living with impaired glucose tolerance (12%).

Over USD 1 trillion was spent on diabetes in 2024.
This represents 12% of global health expenditure.

Over 3.4 million people died as a result of diabetes
in 2024. This corresponds to 9.3% of global deaths
from all causes.

An estimated 9.1 million people are living with type
1 diabetes. The majority (69%) are aged 20-59.

An estimated 1 in 5 live births (23 million) are
affected by some form of hyperglycaemia
in pregnancy.

IDF Diabetes Atlas 11th Edition - 2025 | diabetesatlas.org | 41
IDF Diabetes Atlas 11th Edition - 2025 | diabetesatlas.org | 41"
large-local-384,idf_en_undiagnosed,4,Guidance_on_global_monitoring_for_diabet_p61_c106,unjudged,,,unjudged,unjudged,,not_relevant,"Guidance on global monitoring for diabetes prevention and control Framework, indicators and application.pdf",61,Risk factors,0.7499,"Risk factors

General population. Population with diabetes.

49"
large-local-384,idf_en_undiagnosed,5,Guidance_on_global_monitoring_for_diabet_p71_c126,unjudged,,,unjudged,unjudged,,not_relevant,"Guidance on global monitoring for diabetes prevention and control Framework, indicators and application.pdf",71,Outcomes and impacts,0.749,"Outcomes and impacts

General population. Population with diabetes.

59"
large-local-384,idf_ar_expenditure,1,IDF_Diabetes_Atlas_11th_Edition_2025_WEB_p66_c100,unjudged,,,unjudged,unjudged,,relevant,IDF_Diabetes_Atlas_11th_Edition_2025_WEB.pdf,66,"In 2024, the total global
diabetes-related health
expenditure exceeded
one trillion USD for the
first time.",0.8372,"Figure 3.7 Total diabetes-related health expenditure for adults (20–79 years) with diabetes from
2006 to 2050.

1200

1000

800

USD billion

600

400

200

0

2006
2009
2011
2013
2015
2017
2019
2021
2024
2050

Year

Regional distribution

Expenditure due to diabetes has a substantial
impact on total health expenditure worldwide,
representing 11.9% of total global health spending.
In the SACA Region, an average of 22.4% of the
total health expenditure was due to diabetes, the
highest percentage of the IDF Regions, followed by
17.0% in the MENA Region. The lowest percentage
of health expenditure due to diabetes was
observed in the EUR Region (8.8%) (Figure 3.10).

The NAC Region has the highest total diabetes-related
health expenditure of the seven IDF Regions (USD
438.6 billion) and accounts for 43.2% of total global
diabetes-related health expenditure in 2024. The
second highest is the WP Region, with USD 246.3
billion, followed by the EUR Region (USD 192.9 billion),
corresponding to 24.3% and 19.0% of total global
diabetes-related health expenditure, respectively.
Despite being home to 42.7% of people with
diabetes in the world, the SACA, MENA, SEA, and AFR
Regions collectively account for only 13.5% of global
diabetes-related health expenditure (Figure 3.8).

The NAC Region also has the highest diabetes-related
health expenditure per adult with diabetes (USD
7,811), followed by the EUR Region (USD 2,950),
SACA Region (USD 2,417) and WP Region (USD 1,173)
(Figure 3.9). Health expenditure is USD 429 per person
with diabetes in the MENA region, USD 414 in the AFR
region, and USD 108 in the SEA region (Figure 3.9).
In 2024, diabetes-related health expenditure per
adult with diabetes varied across IDF regions by
more than 70-fold.

IDF Diabetes Atlas 11th Edition - 2025 | diabetesatlas.org | 61"
large-local-384,idf_ar_expenditure,2,IDF_Diabetes_Atlas_11th_Edition_2025_WEB_p71_c110,unjudged,,,unjudged,unjudged,,not_relevant,IDF_Diabetes_Atlas_11th_Edition_2025_WEB.pdf,71,"Map 3.8 Total diabetes-related health expenditure (USD) by country for adults (20–79 years) with
diabetes in 2024.",0.8201,"Map 3.8 Total diabetes-related health expenditure (USD) by country for adults (20–79 years) with
diabetes in 2024.

<50 million

10-<50 million

50-<200 million

200 million-<1 billion
≥ 1 billion

No estimates

Map 3.9 Diabetes-related health expenditure (USD) by country per adult (20–79 years) with
diabetes in 2024.

<250

250-<500

500-<1,000

1,000-<2,000

2,000-<5,000
≥ 5,000
No estimates

66 | IDF Diabetes Atlas 11th Edition - 2025 | diabetesatlas.org"
large-local-384,idf_ar_expenditure,3,IDF_Diabetes_Atlas_11th_Edition_2025_WEB_p48_c65,unjudged,,,unjudged,unjudged,,not_relevant,IDF_Diabetes_Atlas_11th_Edition_2025_WEB.pdf,48,3.1 Diabetes prevalence in 2024 and projection to 2050 (20–79 years),0.7958,"| At a glance |  | 2024 | 2050 |
| --- | --- | --- | --- |
| World Population Total Adults (20-79 years) |  | 8.1 billion 5.3 billion | 9.7 billion 6.6 billion |
| All diabetes (20–79 years) Number of people with diabetes Prevalencei Number of deaths attributed to diabetes Total health expenditure due to diabetesii (2024 USD) |  | 588.7 million 11.1% 3.4 million 1.015 trillion | 852.5 million 13.0% - 1.043 trillion |
| Type 1 diabetes Number of people with type 1 diabetes (all age groups) Number of people with type 1 diabetes (>20 years) |  | 9.2 million 1.8 million |  |
| Intermediate Hyperglycaemia Impaired glucose tolerance (20–79 years) Number of people Prevalencei Impaired fasting glucose (20–79 years) Number of people with impaired fasting glucose Prevalencei |  | 634.8 million 12.0% 487.7 million 9.2% | 846.5 million 12.9% 647.5 million 9.8% |
| Hyperglycaemia in pregnancy (20–49 years) Number of live births affected Proportion of live births affected |  | 23 million 19.7% |  |"
large-local-384,idf_ar_expenditure,4,IDF_Diabetes_Atlas_11th_Edition_2025_WEB_p43_c59,unjudged,,,unjudged,unjudged,,not_relevant,IDF_Diabetes_Atlas_11th_Edition_2025_WEB.pdf,43,References,0.7947,"(CURES - 150).
PLoS One 13 , e0197376 (2018). 10. The World Bank . World Bank Income Group
Classification ; 2024. 11. Sun, H. et al . IDF Diabetes Atlas: Global, regional
and country-level diabetes prevalence estimates
for 2021 and projections for 2045. Diabetes Res
Clin Pract 183 , 109119 (2022). 23. Ganna, A. & Ingelsson, E. 5 year mortality
predictors in 498,103 UK Biobank participants: a
prospective population-based study. Lancet 386 ,
533–540 (2015). 12. Ahmad OB, Boschi-Pinto C, Lopez AD, Murray CJ,
Lozano R, Inoue M. Age Standardization of Rates:
A new WHO Standard. :14. 24. Kondal, D. et al . Cohort Profile: The Center for
Cardiometabolic Risk Reduction in South Asia
(CARRS). Int J Epidemiol 51 , e358–e371 (2022). 13. NCD Risk Factor Collaboration (NCD-RisC). Global
variation in diabetes diagnosis and prevalence
based on fasting glucose and hemoglobin A1c.
Nat Med 29 , 2885–2901 (2023). 25. Follow-up of Indian Council of Medical Research-
India Diabetes (ICMR-INDIAB) study Phase-I &
Northeast (Tamil Nadu & Arunachal Pradesh) -
Changes in prevalence of diabetes/prediabetes,
Incidence risk and rates of complications/
mortality. Grant number: No.57/3/INDIAB/
Ph-II/21-NCD-III (Unpublished data). 14. Yuen, L. et al . Projections of the prevalence of
hyperglycaemia in pregnancy in 2019 and beyond:
Results from the International Diabetes Federation
Diabetes Atlas, 9th edition. Diabetes Res Clin Pract
157 , 107841 (2019). 38 | IDF Diabetes Atlas 11th Edition - 2025 | diabetesatlas.org"
large-local-384,idf_ar_expenditure,5,IDF_Diabetes_Atlas_11th_Edition_2025_WEB_p1_c0,unjudged,,,unjudged,unjudged,,not_relevant,IDF_Diabetes_Atlas_11th_Edition_2025_WEB.pdf,1,"11th Edition | 2025
Diabetes Atlas",0.7903,"11th Edition | 2025
Diabetes Atlas

589

million

people worldwide

have diabetes"
large-local-384,idf_en_regions,1,IDF_Diabetes_Atlas_11th_Edition_2025_WEB_p117_c192,unjudged,,,unjudged,unjudged,,not_relevant,IDF_Diabetes_Atlas_11th_Edition_2025_WEB.pdf,117,"Country summary in IDF South and Central America Region
2024",0.8364,"Country summary in IDF South and Central America Region
2024

South and Central America

112 | IDF Diabetes Atlas 11th Edition - 2025 | diabetesatlas.org"
large-local-384,idf_en_regions,2,IDF_Diabetes_Atlas_11th_Edition_2025_WEB_p119_c196,unjudged,,,unjudged,unjudged,,not_relevant,IDF_Diabetes_Atlas_11th_Edition_2025_WEB.pdf,119,"Country summary in IDF South-East Asia Region
2024",0.8329,"Country summary in IDF South-East Asia Region
2024

South-East Asia

114 | IDF Diabetes Atlas 11th Edition - 2025 | diabetesatlas.org"
large-local-384,idf_en_regions,3,IDF_Diabetes_Atlas_11th_Edition_2025_WEB_p109_c176,unjudged,,,unjudged,unjudged,,not_relevant,IDF_Diabetes_Atlas_11th_Edition_2025_WEB.pdf,109,"Country summary in IDF Europe Region
2024",0.8248,"Country summary in IDF Europe Region
2024

Europe

104 | IDF Diabetes Atlas 11th Edition - 2025 | diabetesatlas.org"
large-local-384,idf_en_regions,4,IDF_Diabetes_Atlas_11th_Edition_2025_WEB_p32_c45,unjudged,,,unjudged,unjudged,,not_relevant,IDF_Diabetes_Atlas_11th_Edition_2025_WEB.pdf,32,Key messages:,0.8211,"Key messages:

246 data sources from 153 countries were selected
to estimate diabetes prevalence for the current IDF
Diabetes Atlas.

Data sources come from countries which comprise
over 93% of the global population.

Other sources, such as registries, have also been
included, but only after rigorous scrutiny of their
quality, just as for the peer-reviewed publications.

Future projections have been calculated using the
United Nations population predictions and degree
of urbanisation. These predictions only take into
account changes in the distribution of age, sex
and urban/rural residence ratio.

IDF Diabetes Atlas 11th Edition - 2025 | diabetesatlas.org | 27"
large-local-384,idf_en_regions,5,IDF_Diabetes_Atlas_11th_Edition_2025_WEB_p9_c9,unjudged,,,unjudged,unjudged,,not_relevant,IDF_Diabetes_Atlas_11th_Edition_2025_WEB.pdf,9,"Foreword by the IDF Diabetes
Atlas Chairs",0.8205,"Foreword by the IDF Diabetes
Atlas Chairs span for the estimate of numbers of persons globally
with diabetes, ranging from approximately 500 to
800 million in 2021-2024. Along this range, the GBD
and IDF estimates fall close to 500 million, while the
NCD-RisC estimate is at the upper end of the range.
A critical examination of differing methodologies
is needed to better inform healthcare planning
regarding the magnitude of the diabetes problem. It gives us great pleasure to present to you the 11th
Edition of the IDF Diabetes Atlas. The IDF Atlas has now been in production for over two
decades and delivers valuable and realistic summary
data on the state of diabetes for each nation and the
world population. Initially designed as a data resource
for individual countries and to advance the interests of
global health, it has since evolved and demonstrated
itself to be a valuable advocacy tool as well. In this edition, 62 out of 215 countries or territories
(29%) lack in-country data. While this is an
improvement on previous editions, it is still grossly
inadequate, and data from Africa is still worryingly
sparse. It should be noted that many older studies
cannot be used to predict diabetes prevalence given
that the epidemic has continued to rise since the
first edition of the IDF Diabetes Atlas, such that older
research will almost certainly underestimate current
conditions. We have, therefore, elected not to use
studies conducted before 2005 in the estimations.
We have also instituted some new aspects of data
inclusion and have elected to exclusively use regular
national surveys, like the National Health and
Nutrition Examination Survey (NHANES) and the
Korean National Health and Nutrition Examination
Survey (KHANES) in the countries where these were
conducted. Further, technological advances now
allow access to the whole-of-population data of
diabetes prevalence by way of national registries
and administrative sources. National compulsory
health insurance organisations also provide excellent
unbiased estimates. Notably, these sources only
capture known diabetes, but estimates are corrected
with recent estimates of undiagnosed diabetes to
derive a credible unbiased estimate of total diabetes
prevalence for those nations. We can expect that
the future expansion of diabetes registry data will
enhance national estimates. WHO STEPS studies still
have a strong place in the Atlas. This year, we have
included over 60 WHO STEPS surveys in our estimates. Our new data confirm that diabetes prevalence is still
increasing globally and provide strong evidence that
should promote action and initiatives to improve the
lives of people with diabetes."
large-local-384,who_ar_recommendation_count,1,WHO_recommendations_on_care_for_women_wi_p1_c0,unjudged,,,unjudged,unjudged,,not_relevant,WHO recommendations on care for women with diabetes during pregnancy.pdf,1,,0.8101,"WHO recommendations on
care for women with diabetes

during pregnancy"
large-local-384,who_ar_recommendation_count,2,WHO_recommendations_on_care_for_women_wi_p3_c1,unjudged,,,unjudged,unjudged,,not_relevant,WHO recommendations on care for women with diabetes during pregnancy.pdf,3,,0.8101,"WHO recommendations on
care for women with diabetes

during pregnancy"
large-local-384,who_ar_recommendation_count,3,WHO_recommendations_on_care_for_women_wi_p72_c99,unjudged,,,unjudged,unjudged,,not_relevant,WHO recommendations on care for women with diabetes during pregnancy.pdf,72,"Annex 3.
Summary and management
of declared interests from
GDG members",0.804,"WHO recommendations on care for women with diabetes during pregnancy

56"
large-local-384,who_ar_recommendation_count,4,WHO_recommendations_on_care_for_women_wi_p22_c29,unjudged,,,unjudged,unjudged,,not_relevant,WHO recommendations on care for women with diabetes during pregnancy.pdf,22,"2.2.2 Evidence on values, resource use and cost–effectiveness, equity and
human rights, acceptability and feasibility",0.7928,"WHO recommendations on care for women with diabetes during pregnancy

2.2 Evidence identification and retrieval

Evidence to support the development of the guideline recommendations was derived from several sources by

the systematic review teams working in collaboration with the WHO Steering Group.

2.2.1 Evidence on effectiveness

To inform the development of the recommendations, WHO commissioned a set of three de novo systematic

reviews on the management of diabetes during pregnancy, one of which covered nine priority questions.

External groups of systematic reviewers were asked to prepare review protocols with clear PICO questions

and criteria for identification of studies, including search strategies for different bibliographic databases,

methods for assessing risk of bias and a data analysis plan (19–21). The WHO Steering Group and the guideline

methodologists reviewed and endorsed the protocols before the systematic reviews were conducted.

The search strategies employed to identify the studies and the specific criteria for inclusion and exclusion

of studies are described in the individual systematic reviews. Studies from low-, middle- and high-

income countries were considered and there were no language restrictions. The entire systematic review

development process was iterative, with the systematic reviewers and guideline methodologists constantly

communicating with the WHO Steering Group to discuss challenges and agree on solutions.

2.2.2 Evidence on values, resource use and cost–effectiveness, equity and
human rights, acceptability and feasibility

6

Values, equity and human rights, acceptability and feasibility

Two qualitative evidence syntheses (QES) explored the views and experiences of women with type 1 or

type 2 diabetes during their encounters with maternity services (17) and those of health-care providers caring

for women with diabetes during the maternity phase (16).

Evidence on the views and experiences of women with GDM was obtained from previously published systematic

reviews of qualitative evidence. Existing reviews identified by a systematic search were appraised using the

Joanna Briggs Institute Checklist for Systematic Reviews, and 14 high-quality reviews were referenced.

These reviews were the primary source of evidence on values, equity and human rights, acceptability, and

feasibility.

Resource use and cost–effectiveness

The evidence synthesis team initiated a new systematic review of economic evaluations for the screening,

management and treatment for women with diabetes during pregnancy (18). The review aimed to:

•
synthesize the available evidence from economic evaluations of interventions to screen/diagnose, treat

and/or manage diabetes during pregnancy;

•
assess the methodological quality of the economic evaluation studies;

•
identify the gaps in the evidence from economic evaluations of interventions to manage diabetes during

pregnancy."
large-local-384,who_ar_recommendation_count,5,WHO_recommendations_on_care_for_women_wi_p27_c36,unjudged,,,unjudged,unjudged,,relevant,WHO recommendations on care for women with diabetes during pregnancy.pdf,27,3,0.7846,"3

Recommendations
and supporting
evidence

The GDG issued 27 recommendations – four on care for all women with diabetes (type 1, type 2 or gestational)

during pregnancy, six on glucose monitoring, two on pharmacological treatment for pregnant women with

type 1 diabetes, four on pharmacological treatment for pregnant women with type 2 diabetes and two on

pharmacological treatment for women with GDM, and nine on additional monitoring and assessments. This

section outlines the recommendations corresponding to the priority questions.

To ensure that the recommendations are correctly understood and appropriately implemented in

11

practice, additional ‘remarks’ reflecting the summary of the discussions by the GDG are included. The

recommendations should be applied in conjunction with the implementation considerations.

The EtD frameworks – presenting the available effectiveness evidence, the balance between the desirable

and undesirable effects, values of stakeholders, resource requirements, cost–effectiveness, acceptability,

feasibility and equity, and human rights that were considered in formulating each recommendation – are

presented separately in the web annexes to this guideline.

3.1 Recommendations

3.1.1
Core practices in caring for women with diabetes during pregnancy

Advice on diet, physical activity and weight management

Recommendation

1
For pregnant women with type 1, type 2 or gestational diabetes, provide individualized advice on diet, physical

activity and weight management based on existing WHO guidance, including:

•
dietary advice for the general adult population;

•
physical activity advice for the general pregnant population;

•
weight management advice based on the above dietary and physical activity advice, with a focus on appropriate

gestational weight gain."
large-local-384,who_en_monitoring_scope,1,WHO_recommendations_on_care_for_women_wi_p61_c83,unjudged,,,unjudged,unjudged,,not_relevant,WHO recommendations on care for women with diabetes during pregnancy.pdf,61,References,0.8268,"19.
Burk J, Sweeting A. The impact of self-monitoring of blood glucose and continuous glucose monitoring on perinatal and health
system outcomes in individuals with diabetes in pregnancy: a systematic review and meta-analysis. PROSPERO. 2024;https://
www.crd.york.ac.uk/PROSPERO/view/CRD42024594987. 20.
Hurley A, Makama M, Vogel J, Sultana S. Antepartum fetal monitoring in diabetic and high-risk women: A systematic review.
PROSPERO. 2024;https://www.crd.york.ac.uk/PROSPERO/view/CRD42024557435. 21.
Villanueva G, Cogo E, Sguassero Y, Buckley B, Probyn K, Bergman H, et al. Diabetes management during pregnancy. PROSPERO.
2025;https://www.crd.york.ac.uk/PROSPERO/view/CRD42025630036. 22.
Weibel S, Popp M, Reis S, Skoetz N, Garner P, Sydenham E. Identifying and managing problematic trials: A research integrity
assessment tool for randomized controlled trials in evidence synthesis. Res Synth Methods. 2023;14(3):357–69. doi: https://doi.
org/10.1002/jrsm.1599. 23.
Lewin S, Booth A, Glenton C, Munthe-Kaas H, Rashidian A, Wainwright M, et al. Applying GRADE-CERQual to qualitative evidence
synthesis findings: introduction to the series. Implement Sci. 2018;13(Suppl 1):2. doi: https://doi.org/10.1186/s13012-017-0688-3. 24.
Evers S, Goossens M, de Vet H, van Tulder M, Ament A. Criteria list for assessment of methodological quality of economic
evaluations: Consensus on Health Economic Criteria. Int J Technol Assess Health Care. 2005;21(2):240–5. doi: PMID: https://
pubmed.ncbi.nlm.nih.gov/15921065/. 25.
GRADEpro GDT. GRADEpro Guideline Development Tool [Software]. McMaster University and Evidence Prime, 2024. Available from:
gradepro.org. 26.
Alonso-Coello P, Schünemann HJ, Moberg J, Brignardello-Petersen R, Akl EA, Davoli M, et al. [GRADE Evidence to Decision (EtD)
frameworks: a systematic and transparent approach to making well informed healthcare choices. 1: Introduction]. Gac Sanit.
2018;32(2):166.e1–.e10. doi: https://doi.org/10.1016/j.gaceta.2017.02.010. 27.
WHO guideline on physical activity and sedentary behaviour. Geneva: World Health Organization; 2020. (https://iris.who.int/
handle/10665/336656, accessed 18 September 2025). 45 28.
Diagnosis and management of type 2 diabetes (HEARTS-D). Geneva: World Health Organization; 2020. (https://iris.who.int/
handle/10665/331710, accessed 18 September 2025). 29.
Saturated fatty acid and trans-fatty acid intake for adults and children: WHO guideline. Geneva: World Health Organization; 2023.
(https://iris.who.int/handle/10665/370419, accessed 18 September 2025). 30.
Total fat intake for prevention of unhealthy weight gain in adults and children: WHO guideline. Geneva: World Health Organization;
2023. (https://iris.who.int/handle/10665/370421, accessed 18 September 2025). 31.
Carbohydrate intake for adults and children: WHO guideline. Geneva: World Health Organization; 2023. (https://iris.who.int/
handle/10665/370420, accessed 18 September 2025)."
large-local-384,who_en_monitoring_scope,2,WHO_recommendations_on_care_for_women_wi_p36_c48,unjudged,,,unjudged,unjudged,,not_relevant,WHO recommendations on care for women with diabetes during pregnancy.pdf,36,"3.1.2
Glucose monitoring",0.8215,"WHO recommendations on care for women with diabetes during pregnancy

•
Although findings vary, some women with GDM find blood glucose monitoring to be a useful way of

managing their condition without the use of insulin ( moderate confidence ) (37). However, some women

with GDM find blood glucose monitoring to be time consuming and socially isolating ( moderate confidence )

(33), with some expressing concern about the associated pain and potential bleeding ( moderate

confidence ) (33, 35). In addition, for women unused to the routine of blood glucose monitoring, there was

a tendency to forget to test at regular intervals ( moderate confidence ) (38). The use of smartphone apps or

health centre reminders sometimes negated this problem ( low confidence ) (38).

Feasibility

•
While the QES found no direct evidence regarding the feasibility of different monitoring systems from the

perspective of health-care providers (16), indirect evidence suggests that some may require additional

training to better understand the management of diabetes during pregnancy ( moderate confidence )

and that some find guidelines and protocols for diabetes management (including monitoring) during

pregnancy to be inconsistent, confusing and occasionally outdated ( moderate confidence ).

Glycated haemoglobin (HbA1c)

Recommendations

8
For pregnant women with type 1 or type 2 diabetes, measure HbA1c in the first trimester or as soon as antenatal

care is initiated.

20

9
For women with gestational diabetes, do not routinely measure HbA1c.

Rationale

•
HbA1c is used to reflect average plasma glucose over the last 8 to 12 weeks and is recommended by

WHO to establish the diagnosis of type 2 diabetes and monitor glycaemic control in people with diabetes

outside of pregnancy (28).

•
In light of a lack of empirical evidence on health benefits of measuring HbA1c for pregnant women with

diabetes, the GDG developed recommendations based on the capacity for testing of HbA1c early in

pregnancy for women with type 1 or type 2 diabetes to act as an adjunct to risk stratification (e.g. in

identifying risk for serious complications). The GDG acknowledged that HbA1c is not useful in caring for

women with GDM.

Remarks

Availability

•
The availability and affordability of HbA1c testing varies between countries and health-care settings (43).

Follow-up after testing

•
Follow-up after HbA1c testing will depend on the individual woman’s results and available resources.

Routine use

•
While Recommendation 9 advises against routinely recommending HbA1c measurement in women with

GDM, this does not preclude its use in clinical contexts where its use could potentially improve outcomes."
large-local-384,who_en_monitoring_scope,3,WHO_recommendations_on_care_for_women_wi_p34_c46,unjudged,,,unjudged,unjudged,,not_relevant,WHO recommendations on care for women with diabetes during pregnancy.pdf,34,"3.1.2
Glucose monitoring",0.7979,"WHO recommendations on care for women with diabetes during pregnancy

–
support the woman in monitoring blood glucose;

–
support the woman in maintaining target glucose levels;

–
effectively manage the use of insulin and/or oral glucose-lowering agents in pregnancy;

–
provide individualized dietary and activity advice, education and support;

–
undertake and respond to appropriate fetal surveillance.

Equity and human rights

•
Indirect evidence from the QES (16) indicates that specialized services may not be available in all settings,

particularly in low-income contexts ( l ow confidence ).

•
In addition, where specialized services are available, the additional costs associated with attendance

(transportation, childcare, time away from work) may be prohibitive for some women, especially those on

low incomes and/or those requiring extra clinic visits to support other aspects of their antenatal care and/

or diabetic management ( low confidence ).

Feasibility

•
Indirect evidence from the QES (16) suggests that health-care providers recognize the importance of inter-

professional collaboration and a multidisciplinary team approach to care ( moderate confidence ).

•
Indirect evidence from the same review (16) suggests that some health-care providers would like more

18

specialized training to better understand diabetes management during pregnancy ( moderate confidence ).

3.1.2
Glucose monitoring

Mode of glucose monitoring

Recommendations

5
For pregnant women with type 1, type 2 or gestational diabetes, recommend SMBG in addition to routine care,

where feasible.

6
For pregnant women with type 1 diabetes, recommend the use of a CGM system, where feasible.

7
For pregnant women with type 2 or gestational diabetes, do not routinely recommend use of a CGM system.

Rationale

•
Regular monitoring of blood glucose levels, and recognizing when they are low or high, is crucial to

managing diabetes during pregnancy and preventing complications. Women using insulin or other

glucose-lowering agents require more frequent monitoring.

•
The GDG noted that SMBG has been standard care for people with type 1 diabetes since the mid- to late-

1980s and it is unethical not to offer it in this population.

•
In the context of potential harm to the developing baby from both hypoglycaemia and hyperglycaemia

and limited empirical evidence on the harms and benefits of different modes of glucose monitoring during

pregnancy, these recommendations provide guidance on the appropriate mode of monitoring for the

different types of diabetes."
large-local-384,who_en_monitoring_scope,4,WHO_recommendations_on_care_for_women_wi_p3_c1,unjudged,,,unjudged,unjudged,,not_relevant,WHO recommendations on care for women with diabetes during pregnancy.pdf,3,,0.7816,"WHO recommendations on
care for women with diabetes

during pregnancy"
large-local-384,who_en_monitoring_scope,5,WHO_recommendations_on_care_for_women_wi_p1_c0,unjudged,,,unjudged,unjudged,,not_relevant,WHO recommendations on care for women with diabetes during pregnancy.pdf,1,,0.7816,"WHO recommendations on
care for women with diabetes

during pregnancy"
large-local-384,who_ar_individualized_care,1,WHO_recommendations_on_care_for_women_wi_p44_c60,unjudged,,,unjudged,unjudged,,not_relevant,WHO recommendations on care for women with diabetes during pregnancy.pdf,44,"3.1.3
Pharmacological treatment",0.6963,"considered (e.g. when a woman refuses insulin and metformin is not tolerated or is ineffective in achieving the woman’s glycaemic control). In these circumstances other agents, such as a sulfonylurea, may be considered after discussion of potential benefits and harms. Dosage of glucose-lowering agent •
Titration of medications for glycaemic control is individualized and guided by regular blood glucose monitoring. Stopping treatment with glucose-lowering agents •
The GDG acknowledged that usual clinical practice is to stop treatment with glucose-lowering agents soon after the birth of the baby. Due to the increased risk of type 2 diabetes in women who have experienced GDM (7), follow-up assessment of glucose tolerance is essential 6 to 12 weeks postnatally."
large-local-384,who_ar_individualized_care,2,WHO_recommendations_on_care_for_women_wi_p43_c58,unjudged,,,unjudged,unjudged,,not_relevant,WHO recommendations on care for women with diabetes during pregnancy.pdf,43,"3.1.3
Pharmacological treatment",0.6575,"metformin and insulin to optimize blood glucose control and outcomes for the woman and baby. Rationale •
The GDG acknowledged that, while some women with GDM may maintain optimal blood glucose levels with diet and physical activity alone, other women may need to initiate a glucose-lowering agent to optimize blood glucose control and outcomes for the woman and baby."
large-local-384,who_ar_individualized_care,3,IDF_Diabetes_Atlas_11th_Edition_2025_WEB_p21_c26,unjudged,,,unjudged,unjudged,,not_relevant,IDF_Diabetes_Atlas_11th_Edition_2025_WEB.pdf,21,1.1 Type 1 diabetes,0.646,"appropriate range.
Without insulin replacement therapy, they would
not survive. However, with daily insulin treatment,
regular blood or interstitial fluid glucose monitoring,
education and support, they can live healthy lives and
delay or prevent many of the complications associated
with diabetes. Clinical (stage 3) type 1 diabetes is diagnosed by an
elevated blood glucose concentration (Figure 1.1) in
the presence of some or, rarely, all the symptoms
listed in Figure 1.2. However, diagnosing the type of
diabetes is sometimes difficult, and additional testing
may be required to distinguish between type 1, type 2,
and rarer forms of monogenic diabetes. 9,10 Figure 1.2 The typical symptoms of type 1 diabetes Constant hunger Excessive thirst Frequent urination Lack of energy or bedwetting or fatigue Diabetic
ketoacidosis Blurred vision Sudden weight Loss 16 | IDF Diabetes Atlas 11th Edition - 2025 | diabetesatlas.org"
large-local-384,who_ar_individualized_care,4,Availability__price_and_affordability_of_p53_c89,unjudged,,,unjudged,unjudged,,not_relevant,"Availability, price and affordability of health technologies for the management of diabetes.pdf",53,Annex 3. List of publications compiled by this scoping review,0.64,"Annex 3. List of publications compiled by this scoping review

Annexes

1
Insulin Availability Among
International Diabetes
Federation Member
Associations Report of
the Task Force on Insulin
Distribution

Deeb
1994
60 coun­
tries

Mainly insulin. Availability of syringes 42% of the
countries. Glucometers were used in 49 countries (81%).

DM
Survey

2
Home monitoring of blood
glucose (HMBG) in Type-
2 Diabetes mellitus in a
developing country

Kibriya
1999
Bangla­
desh

Home Monitoring of Blood Glucose pack. Glucometer
cost: 131.3 USD Test strips cost: 12.62 for 25 strips (1 strip
0.5 USD), 100 strips 50.5 USD (1 USD = 49.5 Taka).

T2DM
Cost-
effectiveness
evaluation

3
Excess costs of medical care
1 and 8 years after diagnosis
of diabetes: estimates from
young and middle-aged
incidence cohorts in Sweden

Jonsson
2000
Sweden
Excess cost. Use. Annual cost strips. Strips' cost exceeds
the cost of insulin. The use of blood glucose test strips
was $321 in women compared to $177 USD in men

T1DM
and
T2DM

Cohort study

4
Is access to Insulin, Insulin
supplies and Education
a Democratic Right for
All People Affected by
Diabetes?

Murray
2000
16 coun­
tries Cen­
tral and
Eastern
Europe

Insulin and glucose strip cost. 50 strips 14-57 USD.
Cost per strip 0.28–1.14 USD. Cost Barriers: access
in rural areas was a concern, cost, supply shortages,
transportation difficulties, lack of education for patients,
lack of trained personnel. Syringes and pens were
reported to be available for free. Insulin cost was 5-18
USD.

DM
Survey

5
Final report of the
International Insulin
Foundation on the rapid
assessment protocol for
insulin access in Zambia

International
Insulin
Foundation

2004
Zambia
Syringe cost $0.15-1.15 USD. Glucometer availability 42-
61% of facilities. Strips availability 17-32% of facilities.
Cost per strip $0.58-0.74 USD. Blood glucose test cost
$1.06-51.06 USD per month. Barriers: long distance to
care and additional travel expenses, health workers and
patients lack knowledge of diabetes. Recommendations:
Improve acquisition process to ensure lowest possible
cost. Relative success of DAZ Diabetes Association of
Zambia increasing access to diabetes care (RAPIA)

T1DM
Report

41"
large-local-384,who_ar_individualized_care,5,Regional_Commemoration_of_World_Diabetes_p18_c18,unjudged,,,unjudged,unjudged,,not_relevant,Regional Commemoration of World Diabetes Day 2024.pdf,18,2 Summary of the proceedings,0.628,"diabetes, across all levels of the healthcare system. These frameworks ensure the
utilization of analogue insulin in both public and private healthcare sectors.

(2)	 Discussing the India’s advancements in producing biosimilars and glucometers, which

are widely used and available at all health facilities, Dr Anupam Prakash highlighted that
country employs an integrated drug distribution system and has introduced a digital
forecasting tool to prevent drug stock-outs. However, challenges remain in accurately
forecasting the needs of newly diagnosed diabetes cases, which require frequent updates
to avoid shortages.

(3)	 Dr Helder Juvinal Not da Silva from Timor-Leste shared the country’s progress in

addressing insulin shortages. Until 2024, Timor-Leste had no insulin, but it has since
started importing insulin from Indonesia and India, including short-acting, mixtard, and
long-acting analogues. The country has also established a national regulatory directorate
to ensure the quality of imported medicines, including insulin. The primary challenge
lies in selecting reliable suppliers.

(4)	 Important aspect of high expenditure on analogue insulin in the South-East Asia region,

and exclusion of insulin and fixed drug combinations for diabetes from national essential
medicines lists was indicated by Ms Kim Uhjin from WHO SEARO. She brought the point
that this leads to irrational drug use, as private practitioners frequently prescribe newer,
more expensive drugs outside the essential list. Weak public procurement processes
further exacerbate the issue. Ms Uhjin proposed four key interventions: strengthening
public procurement, regulating medical prices, promoting rational drug use, and
increasing public spending.

Following were Key takeaways from this session.


strengthen the capacity of national regulatory authorities to ensure all diabetes
products on the market are quality-assured (including the evaluation of biosimilar
insulins).


adopt robust forecasting tools for realistic quantification of requirements as per
treatment protocol (including up-to-date patient registries).


strengthening national procurement mechanisms by incorporating market
assessments, supplier prequalification, centralized tendering and other best practices
for goods procurement.


strengthen distribution systems, including the use of digitalized systems and
monitoring stock-outs.


scale up the cold chain infrastructure to ensure the quality of insulin.


regulate prices and distribution mark-ups, and eliminating taxes on essential diabetes
medicines, blood glucose monitoring devices and testing strips.


monitor availability and prices in facilities.


in addition to testing blood glucose using a meter and test strips, prioritize access
to HbA1c testing at primary health care facilities.

Regional Commemoration of World Diabetes Day 2024
12"
large-local-384,who_en_gdm_lifestyle_trial,1,WHO_recommendations_on_care_for_women_wi_p44_c59,unjudged,,,unjudged,unjudged,,relevant,WHO recommendations on care for women with diabetes during pregnancy.pdf,44,"3.1.3
Pharmacological treatment",0.7765,"WHO recommendations on care for women with diabetes during pregnancy Remarks Commencement of pharmacotherapy •
The GDG acknowledged that a two-week trial of diet and physical activity to achieve glycaemic control is typically conducted before considering commencement of blood glucose-lowering medication for GDM. The trials comparing different pharmacological agents included in the systematic review used a range of lengths of diet/activity (when described this ranged from 3 to 28 days, most commonly seven days). However, in some settings and for some clinical presentations (e.g. based on level of glycaemic control or maternal/fetal concerns), medication may be commenced without a trial of diet/activity. Trigger for treatment initiation or change •
In the trials comparing different pharmacological agents included in the systematic review, thresholds used for insulin initiation, treatment agent switch and dose escalation were poorly and inconsistently reported. In most studies, the trigger for FPG was 5.0 to 5.5 mmol/L (90 to 100 mg/dL), with some using stricter (3.4 to 5.0 mmol/L [60 to 90 mg/dL]) or looser (<6.1 mmol/L [<110 mg/dL]) targets. One-hour postprandial targets ranged from <6.5 to <9.0 mmol/L (<117 to <162 mg/dL) and most studies used a two- hour postprandial target of <6.7 mmol/L (120 mg/dL), ranging between <5.6 and <7.8 mmol/L (<100 mg/dL and <140 mg/dL). •
In clinical practice, a flexible approach may be appropriate and triggers for treatment initiation or change will likely be based on a woman’s blood glucose control and clinical criteria that reflect local realities 28 (e.g. food insecurity, challenges in monitoring or follow-up), aiming to balance safety and feasibility. Choice of glucose-lowering agent •
The GDG acknowledged that although there is some indication of possible benefits of commencing with metformin, overall the evidence does not strongly support metformin over insulin as a first-line medicine. Many women who begin pharmacotherapy with metformin will go on to need insulin. Clinical practices and the availability of medications are highly variable. The choice of glucose-lowering agent for women with GDM will be based on the woman’s glycaemic control, local availability and expertise, and her values and preferences. •
Many blood-glucose lowering agents are either not recommended for use in pregnancy or do not have adequate safety data in pregnancy (e.g. GLP-1Ras and SGLT2 inhibitors). However, the GDG acknowledged that there may be situations where a blood-glucose lowering agent other than insulin or metformin needs to be considered (e.g. when a woman refuses insulin and metformin is not tolerated or is ineffective in achieving the woman’s glycaemic control). In these circumstances other agents, such as a sulfonylurea, may be considered after discussion of potential benefits and harms. Dosage of glucose-lowering agent"
large-local-384,who_en_gdm_lifestyle_trial,2,WHO_recommendations_on_care_for_women_wi_p38_c50,unjudged,,,unjudged,unjudged,,not_relevant,WHO recommendations on care for women with diabetes during pregnancy.pdf,38,"3.1.2
Glucose monitoring",0.7502,"WHO recommendations on care for women with diabetes during pregnancy available, a target fasting blood glucose of ≤7 mmol/L (126 mg/dl) and a postprandial plasma glucose of ≤9 mmol/L (45) can serve as surrogates. However, an individualized approach is encouraged in setting the patient’s target level for glycaemic control, taking into account their comorbidities, risks from medication side-effects and likely benefit from tight glycaemic control in view of life expectancy (46). •
In the context of limited empirical evidence, the GDG developed this recommendation based on the potential harm to the developing baby from hypoglycaemia and hyperglycaemia and the importance of glucose monitoring as noted in Recommendation 5. Remarks Benefits and harms •
The systematic review conducted to inform this guideline found that for women with type 1 diabetes: –
for very tight glycaemic targets (fasting plasma glucose [FPG] 3.33 to 5.00 mmol/L [60 to 90 mg/dL]) versus moderately tight glycaemic targets (FPG 5.27 to 6.38 mmol/L [95 to 115 mg/dL]), there was no evidence of benefit and possible increases in the percentage of days with maternal hypoglycaemia (n=22 women) and increased length of postnatal hospitalization (n=137 women) ( low certainty ); –
for tight glycaemic targets (FPG <5.6 mmol/L [<101 mg/dL]) versus moderate (FPG 5.6 to 6.7 mmol/L glycaemic targets [101 to 121 mg/dL]) there was no evidence of benefit or harm; –
for moderate glycaemic targets (FPG target 5.6 to 6.7 mmol/L [101 to 121 mg/dL]) versus loose 22 glycaemic targets (FPG 6.7 to 8.9 mmol/L [121 mg/dL to 160 mg/dL]), there were possible reductions in caesarean birth (n=44 women), large-for-gestational age (n=44 babies) and respiratory distress syndrome (n=44 babies) ( low certainty ) and no certain evidence of harm. •
For tight versus moderate glycaemic targets or moderate versus loose glycaemic targets, the lack of harm is not established as many outcomes were of very low certainty. •
For women with GDM, with tight versus moderate glycaemic targets there was little to no difference in effect on induction of labour (n=1097 women), mean birthweight (n=1202 babies), large-for-gestational age (n=1202 babies), length of maternal antenatal hospitalization (n=1097 women), length of neonatal hospitalization (n=1097 babies), and length of postnatal hospitalization (n=1097 women) ( high certainty ), suggesting a lack of harm. Individualized care •
The low certainty evidence identified through the review challenges the assumption that stricter glycaemic control always leads to better outcomes. In type 1 diabetes, tight control may increase harm (hypoglycaemia), highlighting the need for individualized targets that balance safety, benefits and resource use. In addition, the use of an individualized target allows for consistency in approach and ease of use in clinical practice. Other considerations include the woman’s values and preferences, her ability to manage a"
large-local-384,who_en_gdm_lifestyle_trial,3,IDF_Diabetes_Atlas_11th_Edition_2025_WEB_p29_c41,unjudged,,,unjudged,unjudged,,not_relevant,IDF_Diabetes_Atlas_11th_Edition_2025_WEB.pdf,29,References,0.7433,"54. Saravanan, P. et al . Early pregnancy HbA1c as
the first screening test for gestational diabetes:
results from three prospective cohorts. Lancet
Diabetes Endocrinol 12 , 535–544 (2024). 44. Simmons, D. et al . Treatment of Gestational
Diabetes Mellitus Diagnosed Early in Pregnancy.
N Engl J Med 388 , 2132–2144 (2023). 45. Seifu, C. N. et al . Association Between Immediate
Treatment of Early Gestational Diabetes Mellitus
and Breastfeeding Outcomes: Findings From the
TOBOGM Study. Diabetes Care dc231635 (2024)
doi:10.2337/dc23-1635. 55. Guariguata, L., Linnenkamp, U., Beagley, J.,
Whiting, D. R. & Cho, N. H. Global estimates of
the prevalence of hyperglycaemia in pregnancy.
Diabetes Res. Clin. Pract. 103 , 176–185 (2014). 56. Hivert, M.-F. et al . Pathophysiology from
preconception, during pregnancy, and beyond.
Lancet 404 , 158–174 (2024). 46. Haque, M. M. et al . Cost-effectiveness of
diagnosis and treatment of early gestational
diabetes mellitus: economic evaluation of the
TOBOGM study, an international multicenter
randomized controlled trial. EClinicalMedicine
71 , 102610 (2024). 57. Bellamy, L., Casas, J.-P., Hingorani, A. D. & Williams,
D. Type 2 diabetes mellitus after gestational
diabetes: a systematic review and meta-analysis.
Lancet 373 , 1773–1779 (2009). 47. American Diabetes Association. Diagnosis and
classification of diabetes mellitus. Diabetes Care
37 Suppl 1 , S81-90 (2014). 58. Fetita, L.-S., Sobngwi, E., Serradas, P., Calvo, F. &
Gautier, J.-F. Consequences of fetal exposure to
maternal diabetes in offspring. J. Clin. Endocrinol.
Metab. 91 , 3718–3724 (2006). 48. Chivese, T. et al . IDF Diabetes Atlas: The
prevalence of pre-existing diabetes in pregnancy
- A systematic reviewand meta-analysis of studies
published during 2010-2020. Diabetes Res Clin
Pract 183 , 109049 (2022). 59. World Health Organization. Classification of
diabetes mellitus [Internet]. World Health
Organization; 2019 [cited 2019 Jul 16].
Available from: https://apps.who.int/iris/
handle/10665/325182. 49. Diagnostic criteria and classification of
hyperglycaemia first detected in pregnancy: a
World Health Organization Guideline. Diabetes
Res. Clin. Pract . 103 , 341–363 (2014). 60. Hattersley, A. T. et al . ISPAD Clinical Practice
Consensus Guidelines 2018: The diagnosis and
management of monogenic diabetes in children
and adolescents. Pediatr Diabetes 19 Suppl 27 ,
47–63 (2018). 50. International Association of Diabetes and
Pregnancy Study Groups Consensus Panel et
al . International association of diabetes and
pregnancy study groups recommendations on
the diagnosis and classification of hyperglycaemia
in pregnancy. Diabetes Care 33 , 676–682 (2010). 61. Vaxillaire, M., Bonnefond, A. & Froguel, P. The
lessons of early-onset monogenic diabetes for
the understanding of diabetes pathogenesis.
Best Pract Res Clin Endocrinol Metab 26 ,
171–187 (2012)."
large-local-384,who_en_gdm_lifestyle_trial,4,WHO_recommendations_on_care_for_women_wi_p1_c0,unjudged,,,unjudged,unjudged,,not_relevant,WHO recommendations on care for women with diabetes during pregnancy.pdf,1,,0.7373,"WHO recommendations on
care for women with diabetes

during pregnancy"
large-local-384,who_en_gdm_lifestyle_trial,5,WHO_recommendations_on_care_for_women_wi_p3_c1,unjudged,,,unjudged,unjudged,,not_relevant,WHO recommendations on care for women with diabetes during pregnancy.pdf,3,,0.7373,"WHO recommendations on
care for women with diabetes

during pregnancy"
large-local-384,who_ar_care_actions,1,WHO_recommendations_on_care_for_women_wi_p3_c1,unjudged,,,unjudged,unjudged,,not_relevant,WHO recommendations on care for women with diabetes during pregnancy.pdf,3,,0.9075,"WHO recommendations on
care for women with diabetes

during pregnancy"
large-local-384,who_ar_care_actions,2,WHO_recommendations_on_care_for_women_wi_p1_c0,unjudged,,,unjudged,unjudged,,not_relevant,WHO recommendations on care for women with diabetes during pregnancy.pdf,1,,0.9075,"WHO recommendations on
care for women with diabetes

during pregnancy"
large-local-384,who_ar_care_actions,3,WHO_recommendations_on_care_for_women_wi_p72_c99,unjudged,,,unjudged,unjudged,,not_relevant,WHO recommendations on care for women with diabetes during pregnancy.pdf,72,"Annex 3.
Summary and management
of declared interests from
GDG members",0.8922,"WHO recommendations on care for women with diabetes during pregnancy

56"
large-local-384,who_ar_care_actions,4,WHO_recommendations_on_care_for_women_wi_p34_c46,unjudged,,,unjudged,unjudged,,relevant,WHO recommendations on care for women with diabetes during pregnancy.pdf,34,"3.1.2
Glucose monitoring",0.7936,"WHO recommendations on care for women with diabetes during pregnancy

–
support the woman in monitoring blood glucose;

–
support the woman in maintaining target glucose levels;

–
effectively manage the use of insulin and/or oral glucose-lowering agents in pregnancy;

–
provide individualized dietary and activity advice, education and support;

–
undertake and respond to appropriate fetal surveillance.

Equity and human rights

•
Indirect evidence from the QES (16) indicates that specialized services may not be available in all settings,

particularly in low-income contexts ( l ow confidence ).

•
In addition, where specialized services are available, the additional costs associated with attendance

(transportation, childcare, time away from work) may be prohibitive for some women, especially those on

low incomes and/or those requiring extra clinic visits to support other aspects of their antenatal care and/

or diabetic management ( low confidence ).

Feasibility

•
Indirect evidence from the QES (16) suggests that health-care providers recognize the importance of inter-

professional collaboration and a multidisciplinary team approach to care ( moderate confidence ).

•
Indirect evidence from the same review (16) suggests that some health-care providers would like more

18

specialized training to better understand diabetes management during pregnancy ( moderate confidence ).

3.1.2
Glucose monitoring

Mode of glucose monitoring

Recommendations

5
For pregnant women with type 1, type 2 or gestational diabetes, recommend SMBG in addition to routine care,

where feasible.

6
For pregnant women with type 1 diabetes, recommend the use of a CGM system, where feasible.

7
For pregnant women with type 2 or gestational diabetes, do not routinely recommend use of a CGM system.

Rationale

•
Regular monitoring of blood glucose levels, and recognizing when they are low or high, is crucial to

managing diabetes during pregnancy and preventing complications. Women using insulin or other

glucose-lowering agents require more frequent monitoring.

•
The GDG noted that SMBG has been standard care for people with type 1 diabetes since the mid- to late-

1980s and it is unethical not to offer it in this population.

•
In the context of potential harm to the developing baby from both hypoglycaemia and hyperglycaemia

and limited empirical evidence on the harms and benefits of different modes of glucose monitoring during

pregnancy, these recommendations provide guidance on the appropriate mode of monitoring for the

different types of diabetes."
large-local-384,who_ar_care_actions,5,WHO_recommendations_on_care_for_women_wi_p50_c69,unjudged,,,unjudged,unjudged,,not_relevant,WHO recommendations on care for women with diabetes during pregnancy.pdf,50,"3.1.4
Additional monitoring",0.7812,"WHO recommendations on care for women with diabetes during pregnancy •
Indirect evidence highlights the importance of teamwork, especially for women receiving additional (or enhanced) services (16). Some health-care providers felt there were gaps in the system caused by poor communication between different disciplines and/or departments and stressed the importance of ‘joined up’ care and efficient, multidisciplinary teamworking ( moderate confidence ). Feasibility •
Indirect evidence from the QES suggests that some health systems may struggle to cope with enhanced services for pregnant diabetic women given the extra demands (in terms of resources, staff training and equipment) required to support these services in already overstretched health systems ( high confidence ) (16). Renal assessment Recommendations 25
For pregnant women with type 1 or type 2 diabetes, assess renal function when antenatal care is initiated and arrange specialist follow-up for women if impaired renal function is identified. 26
For women with GDM, do not routinely assess renal function. 27
For pregnant women with type 1 or type 2 diabetes with impaired renal function, emphasize the importance of maintaining blood pressure levels below 130/80 mmHg during pregnancy and offer antihypertensives known to be safe in pregnancy as indicated. Advise women to modify major risk factors for cardiovascular disease (e.g. smoking, 34 unhealthy diet, sedentary behaviour) and to seek specialist postnatal follow-up. Rationale •
Diabetic nephropathy is the most common cause of chronic kidney disease and end-stage renal disease worldwide. It arises as a microvascular complication of chronic hyperglycaemia, leading to structural damage within the glomeruli and progressive loss of kidney function (60). The early stages of diabetic nephropathy, characterized by microalbuminuria, signal systemic endothelial dysfunction and serve as a critical marker of poor metabolic control. Importantly, the progression of renal disease often mirrors the overall status of diabetes management – individuals with worsening nephropathy typically exhibit persistent hyperglycaemia, hypertension and dyslipidaemia (61). •
Laboratory assessment for renal function during pregnancy includes measurement of serum creatinine and protein in urine. Tests for proteinuria include spot albumin, protein/creatinine ratio, and 24-hour urine collection for albumin/protein. While estimated glomerular filtration rate (eGFR) is used in assessing renal function outside of pregnancy, its accuracy is reduced during pregnancy (62, 63). The GDG acknowledged that the different tests may not be available in all settings. •
Early and aggressive interventions targeting hyperglycaemia, blood pressure control, and renin- angiotensin-aldosterone system inhibition are now the foundation of management (64). •
In the light of a lack of empirical evidence on renal assessment for women with diabetes, the GDG based"
large-local-384,no_evidence_en_malaria,1,Prevention_and_control_of_diabetes_melli_p57_c76,unjudged,,,unjudged,unjudged,,not_relevant,Prevention and control of diabetes mellitus Lessons for service delivery from countries in the WHO South-East Asia Region.pdf,57,Case study 4,0.4161,"|  | INDONESIA Improving integrated screening and management of tuberculosis and diabetes Background and rationale: Like many other Objectives: The main objective of the project countries, Indonesia is in an epidemiological was to strengthen bidirectional screening and transition with a high burden of infectious integrated management of TB and diabetes, diseases, including tuberculosis (TB), and as bidirectional screening and treatment is a rising NCD burden. The country has an vital to control both conditions. It focused on estimated diabetes prevalence of 10.8%, developing practical guidelines and training accounting for 19 465 102 adults (28). In 2022, modules, tailored for doctors, nurses and the estimated prevalence of TB in Indonesia community health workers, and facilitated was approximately 312 cases per 100 000 training of health-care professionals and population. Both TB and diabetes prevalence community health workers in co-management places Indonesia among the seven countries protocols. The project also promoted with the highest burden of these two diseases early identification of TB and diabetes by (34). introducing diabetes checks among TB patients and TB screening for individuals with Indonesian Family Life Survey (IFLS) 2014 data diabetes. It also strengthened health-seeking show that only 54% of public health centres behaviour through community education and (puskesmas) can test blood glucose and patient awareness activities. only 47% reported the ability to test urine. The capacity of primary care to undertake Project setting, population and timeline: diagnostic testing also varies among urban Building on earlier work in North Moluccas, and rural areas and across provinces. Urban East Kalimantan and Jakarta, this project capacity was higher than rural capacity, extended the scope across five provinces: while the eastern provinces demonstrated North Moluccas (North Maluku), North lower capacity compared with the western Celebes (now North Sulawesi), Jakarta, provinces. West Java and East Nusa Tenggara, with a |
| --- | --- |"
large-local-384,no_evidence_en_malaria,2,Availability__price_and_affordability_of_p54_c91,unjudged,,,unjudged,unjudged,,not_relevant,"Availability, price and affordability of health technologies for the management of diabetes.pdf",54,Annex 3. List of publications compiled by this scoping review,0.4058,"Availability, price and affordability of health technologies for the management of diabetes

6
Final report of the
international insulin
foundation on the rapid
assessment protocol for
insulin access in Mali

International
Insulin
Foundation

2004
Mali
Glucometer availability 16-100% availability. Cost of
glucose test for the patient 0.08–3.00 Euro.  Barriers:
unavailability of diagnostics tools and the appropriate
level of care, supply issues for reagents and other
laboratory materials. Recommendations: removing 5%
VAT and mark-ups for technologies needed for diabetes
management, develop a national priority devices list
for each level within the health system, develop supply
chain for laboratory materials.

T1DM
Report

7
Report of the international
insulin foundation on the
rapid assessment protocol
for insulin access in
Mozambique

International
Insulin
Foundation

2004
Mozam­
bique

Glucometer availability 21% of facilities. Strips availability
6% of facilities. Blood glucose test fee 0.21 USD. Barriers:
unavailability of diagnostics tools at the Hospital, lack
of training for healthcare providers, self-monitoring
equipment out of reach for patients. Recommendations:
Improve access to diagnostics tools, develop diabetes
care guidelines, and improve training for laboratory
technicians.

T1DM
Report

8
Assessing health systems
for type 1 diabetes in sub-
Saharan Africa: Developing
a 'Rapid Assessment
Protocol for Insulin Access'

Beran
2006
Mozam­
bique,
Mali and
Zambia

System barriers. Availability and pricing of insulin,
syringes and monitoring equipment. Levels of provision
in the system classified as macro, meso, and micro
(RAPIA)

T1DM
Assessment
development
and piloting

9
Diabetes care in sub-
Saharan Africa

Beran
2006
Africa
Mainly insulin cost and availability. Glucometer
availability in Mozambique 18%. Recommendations.
RAPIA

DM
Review

10
The cost burden of diabetes
mellitus: The evidence from
Germany - The CoDiM study

Köster
2006
Germany
Excess cost. Annual cost. Excess cost on only medical
devices 229 Euros.

T1DM
and
T2DM

Secondary
data analysis

11
Report on the rapid
assessment protocol for
insulin access in Nicaragua

Beran
2007
Nicaragua
Barriers: availability and supply issues with test strips
reagents and other devices for diagnostics. High cost
of self-monitoring equipment. Strip cost 0.20 USD.
Glucometer cost 120 USD. Blood glucose test cost
2.5 USD. Brands of available glucometers: ACON and
Roche. Glucometer availability 95% of facilities. Strips
availability 72% of the facilities. Recommendations:
Improve supplies mechanisms for strips and reagents,
development of a diabetes toolkit, limit number of
available glucometer brands in the public sector to limit
the type of strips needed, provide education to health
workers regarding the use of self-monitoring equipment.

T1DM
Report

42"
large-local-384,no_evidence_en_malaria,3,EJOS_Volume_4_Issue_13_Pages_5_24_p3_c2,unjudged,,,unjudged,unjudged,,not_relevant,EJOS_Volume 4_Issue 13_Pages 5-24.pdf,3,,0.3992,"THE IMPACT OF THE USE OF PLANTS STEVIA ON

LABORATORY RATS INDUCED DIABETIC

The control and treatment of diabetes and its
complications
mainly
depend
on
the
chemical
or
biochemical agents . There are new trend to use traditional
natural medicines mainly originated in herbs, that is
showing a bright future in the therapy of diabetes mellitus
(DM) and its complications (Li et al, 2004).

Stevia rebaudiana (Bertoni) is an herb of the 950
genera of Asteraceae family. It is also known as sweet herb,
sweet leaf, honey leaf, candy leaf and honey yerba
(Carakostas et al., 2008).

Stevia rebaudiana(Bertoni) has been used for the
treatment of diabetes in many countries. Although, a
positive effect on antidiabetic and its complications has not
been unequivocally demonstrated.This herb has been proven
safe and effective over hundreds of years.

Accordingly, this study aimed to study the effect of
different doses of Stevia rebaudianaplants on blood glucose,
lipid profile, kidney and liver functions level in induced
diabetic rats.

Materials and Methods
Biological Experiment:

Male albino rats Sprague Dawley strainweighing 110-
120g were maintained under standard conditions for one
week before starting the experimental for acclimatization.

After acclimatization period for one week, rats will
feeding balance diet and inject by aloxan150 mg/Kg body

7"
large-local-384,no_evidence_en_malaria,4,Regional_Commemoration_of_World_Diabetes_p32_c33,unjudged,,,unjudged,unjudged,,not_relevant,Regional Commemoration of World Diabetes Day 2024.pdf,32,2 Summary of the proceedings,0.3939,"Identified solutions, cross-learning, field experiences, and shared knowledge will guide
future actions. The Colombo Call to Action provides a framework for coordinated efforts,
and the government is fully committed to combating diabetes and other NCDs.

He mentioned that Sri Lanka will implement catalytic actions outlined in Call to Action,
stressing the need for serious commitment from all stakeholders. The country has already
initiated SEAHEARTS, ensuring universal access to diagnostics, treatment, and essential
medicines. The focus is not just on policies and programs but on making a real impact on
the millions living with diabetes. Increased engagement and networking are essential for
achieving these goals.

The event was officially closed by Dr P. G. Mahipala, Secretary of the Ministry of Health,
Sri Lanka.

Regional Commemoration of World Diabetes Day 2024
26"
large-local-384,no_evidence_en_malaria,5,Availability__price_and_affordability_of_p66_c115,unjudged,,,unjudged,unjudged,,not_relevant,"Availability, price and affordability of health technologies for the management of diabetes.pdf",66,Annex 3. List of publications compiled by this scoping review,0.3863,"Availability, price and affordability of health technologies for the management of diabetes

66
Diabetes CarePak: Creating
& testing a bundling solution
to improve access to safe
insulin administration in
Kenya

Guy
2022
Kenya
Provision. Cost-benefit. Barriers. Availability (70% of
PLWD do not own a glucometer). COVID-19 effects.
Reuse of syringes.

T1DM
and
T2DM

Implementa­
tion research

67
Closing the Type 1 Diabetes
gap in South-East Asia
through government
partnership working
with non-government
organisations

May
2022
Lao Peo­
ple's Dem­
ocratic
Republic,
Malaysia,
Viet Nam,
Cambodia
and Myan­
mar

Barriers: unavailability of blood glucose monitoring
supplies, lack of transport, poverty, food insecurity,
varying policies, lack of price transparency, complexity
in supply chains, lack of market competition.
Epidemiological trends.

T1DM
Health facility
surveillance

68
An integrated diabetes
ecosystem to address
patient barriers in low-
income communities in
Philippines

Praveen
2022
Philippines
Example of an integrated diabetes care program with
awareness, screening, diagnosis, affordable treatment,
and medical education. Success story.

T2DM
Program
evaluation

69
Sharing ‘‘a.ma.dia’’
Experiences of how the
Institution Have Faced
COVID-19 Issues

Ramamon­
jisoaa

2022
Madagas­
car

COVID-19 effects: increased number of diabetes
complications, lack of oxygen, PPE, and medicines. The
price of equipment increased 800%. 18% of diabetic
patients with Covid-19 died. 55% of patients coming for
Diabetes consultation missed treatment.

DM
Retrospective
analysis

70
MedevIS
World Health
Organization

2022
NA
Glucometer inclusion across all units
NA
WHO
guidance

54"
large-local-384,no_evidence_ar_quantum,1,The_Global_Diabetes_Compact_progress_in__p2_c1,unjudged,,,unjudged,unjudged,,not_relevant,The Global Diabetes Compact progress in supporting its workstreams technical report.pdf,2,,0.693,"The Global

Diabetes
Compact -
progress in
supporting its

workstreams

Technical report"
large-local-384,no_evidence_ar_quantum,2,The_Global_Diabetes_Compact_progress_in__p1_c0,unjudged,,,unjudged,unjudged,,not_relevant,The Global Diabetes Compact progress in supporting its workstreams technical report.pdf,1,,0.693,"The Global

Diabetes
Compact -
progress in
supporting its

workstreams

Technical report"
large-local-384,no_evidence_ar_quantum,3,Guidance_on_global_monitoring_for_diabet_p33_c50,unjudged,,,unjudged,unjudged,,not_relevant,"Guidance on global monitoring for diabetes prevention and control Framework, indicators and application.pdf",33,Health system determinants,0.6733,"Indicators and metadata

4. Existence of national guidelines for diabetes management

21"
large-local-384,no_evidence_ar_quantum,4,Prevention_and_control_of_diabetes_melli_p16_c17,unjudged,,,unjudged,unjudged,,not_relevant,Prevention and control of diabetes mellitus Lessons for service delivery from countries in the WHO South-East Asia Region.pdf,16,Executive summary,0.658,"| The Global Diabetes Compact what you need to know |  |
| --- | --- |"
large-local-384,no_evidence_ar_quantum,5,IDF_Diabetes_Atlas_11th_Edition_2025_WEB_p114_c187,unjudged,,,unjudged,unjudged,,not_relevant,IDF_Diabetes_Atlas_11th_Edition_2025_WEB.pdf,114,Middle-East and North Africa,0.6565,IDF Diabetes Atlas 11th Edition - 2025 | diabetesatlas.org | 109
