run_id,case_id,rank,chunk_id,relevance,reviewer_a,reviewer_b,reviewer_a_label,reviewer_b_label,rationale,label_method,suggested_relevance,document_name,page_number,section_title,score,text
small-local-384,idf_en_global_prevalence,1,IDF_Diabetes_Atlas_11th_Edition_2025_WEB_p46_c118,relevant,,,unjudged,unjudged,deterministic certified source/page/section/anchor match,certified_anchor_oracle,relevant,IDF_Diabetes_Atlas_11th_Edition_2025_WEB.pdf,46,Key messages:,0.8629,"Key messages:

An estimated 589 million adults aged 20–79 years
are living with diabetes. This represents 11.1% of
the world’s population in this age group.

The total number of adults living with diabetes is
predicted to rise to 853 million (13%) by 2050.

An estimated 252 million adults living with diabetes
are unaware they have the condition.

One in four adults (158 million) living with diabetes
are aged over 65.

An estimated 635 million adults aged 20–79 years
are living with impaired glucose tolerance (12%).

Over USD 1 trillion was spent on diabetes in 2024.
This represents 12% of global health expenditure.

Over 3.4 million people died as a result of diabetes
in 2024. This corresponds to 9.3% of global deaths
from all causes.

An estimated 9.1 million people are living with type
1 diabetes. The majority (69%) are aged 20-59.

An estimated 1 in 5 live births (23 million) are
affected by some form of hyperglycaemia
in pregnancy.

IDF Diabetes Atlas 11th Edition - 2025 | diabetesatlas.org | 41
IDF Diabetes Atlas 11th Edition - 2025 | diabetesatlas.org | 41"
small-local-384,idf_en_global_prevalence,2,IDF_Diabetes_Atlas_11th_Edition_2025_WEB_p53_c136,not_relevant,,,unjudged,unjudged,deterministic certified source/page/section/anchor match,certified_anchor_oracle,not_relevant,IDF_Diabetes_Atlas_11th_Edition_2025_WEB.pdf,53,"Figure 3.2 Prevalence of diabetes among men and women (20–79 years), 2024.",0.8336,"|  | 2024 | 2050 |
| --- | --- | --- |
| Adult population (65-99 years) | 667.8 million | 1.1 billion |
| Prevalence (65-99 years) | 23.7% | 24.3% |
| Number of people over 65 with diabetes (65–99 years) | 158.3 million | 278 million |"
small-local-384,idf_en_global_prevalence,3,IDF_Diabetes_Atlas_11th_Edition_2025_WEB_p92_c229,not_relevant,,,unjudged,unjudged,deterministic certified source/page/section/anchor match,certified_anchor_oracle,not_relevant,IDF_Diabetes_Atlas_11th_Edition_2025_WEB.pdf,92,"Figure 4.5 Estimated prevalence (%) of diabetes by age and sex, IDF South and Central America
Region 2024.",0.832,"| At a glance |  |  |
| --- | --- | --- |
|  | 2024 | 2050 |
| Adult population (20-79 years) | 1.74b | 1.72b |
| Diabetes (20-79 years) |  |  |
| Regional prevalence | 12.4% | 14.7% |
| Age-standardised prevalence | 11.1% | 12.8% |
| Number of people with diabetes (20-79 years) | 215m | 254m |
| Number of deaths due to diabetes (20-79 years) | 1.2m |  |
| Healthcare expenditure due to diabetes (20-79 years) |  |  |
| Total healthcare expenditure, USD | 246.3b | 237.7b |
| Impaired glucose tolerance (20-79 years) |  |  |
| Regional prevalence | 14.4% | 15.5% |
| Age-standardised prevalence | 13.5% | 14.3% |
| Number of people with impaired glucose tolerance | 251m | 268m |
| Impaired fasting glucose (20-79 years) |  |  |
| Regional prevalence | 9.1% | 9.9% |
| Age-standardised prevalence | 8.6% | 9.2% |
| Number of people with impaired glucose tolerance | 160m | 171m |
| Undiagnosed diabetes (20-79 years) |  |  |
| Regional proportion | 50.0% |  |
| Number of people with undiagnosed diabetes | 108m |  |
| Type 1 diabetes (all age groups) |  |  |
| Number of people with type 1 diabetes | 991,000 |  |"
small-local-384,idf_en_global_prevalence,4,IDF_Diabetes_Atlas_11th_Edition_2025_WEB_p53_c133,not_relevant,,,unjudged,unjudged,deterministic certified source/page/section/anchor match,certified_anchor_oracle,not_relevant,IDF_Diabetes_Atlas_11th_Edition_2025_WEB.pdf,53,"Figure 3.2 Prevalence of diabetes among men and women (20–79 years), 2024.",0.8293,"Table 3.5 Top 10 countries or territories with age-standardised diabetes prevalence in adults
(20–79 years) in 2024 and 2050. i. Countries without in-country data sources. Estimates are extrapolated. Table 3.6 Global diabetes estimates in people (65-99 years) in 2024 and 2050. 3.2 Diabetes prevalence in older adults in 2024 and projection to 2050 Regional distribution Diabetes prevalence increases with age. Therefore,
the highest estimated prevalence is in people over
65 (Figure 3.1). In 2024, the estimated number of
people with diabetes aged 65–99 years was 158.3
million (23.7%). If the current trend continues, the
number of people aged 65-99 years with diabetes will
be 278 million in 2050 (Table 3.6). These data point
to a significant increase in the diabetes population of
ageing societies in the next 25 years and the inevitable
public health and economic challenges this will bring.
It will require all countries to commit to sufficient
resources to tackle diabetes."
small-local-384,idf_en_global_prevalence,5,IDF_Diabetes_Atlas_11th_Edition_2025_WEB_p49_c124,not_relevant,,,unjudged,unjudged,deterministic certified source/page/section/anchor match,certified_anchor_oracle,not_relevant,IDF_Diabetes_Atlas_11th_Edition_2025_WEB.pdf,49,3.1 Diabetes prevalence in 2024 and projection to 2050 (20–79 years),0.8291,"Variation in diabetes prevalence across age, sex and setting

The estimated diabetes prevalence is similar in women
and men aged 20–79 (10.9% vs 11.3%). In 2024, the
IDF estimates that 9.8 million more men than women
were living with diabetes (Figure 3.2).

Age is an important risk factor for diabetes. Ageing of
the world’s population contributes to higher diabetes
prevalence that results in an increasing proportion of
people with diabetes over the age of 60.

Prevalence was lowest among adults aged 20–24
(1.9% in 2024 and 2.2% in 2050). Conversely, it was
highest among adults aged 75–79, with an estimated
prevalence of 24.8% in 2024, which is expected to rise
to 25.4% by 2050.

Map 3.2 Estimated age-standardised country prevalence of diabetes in adults (20–79 years), 2024.

<4%

4-<5%

5-<7%

7-<9%

9-<12%

≥ 12%

No estimates

44 | IDF Diabetes Atlas 11th Edition - 2025 | diabetesatlas.org"
small-local-384,idf_ar_projection_2050,1,IDF_Diabetes_Atlas_11th_Edition_2025_WEB_p47_c120,not_relevant,,,unjudged,unjudged,deterministic certified source/page/section/anchor match,certified_anchor_oracle,not_relevant,IDF_Diabetes_Atlas_11th_Edition_2025_WEB.pdf,47,3.1 Diabetes prevalence in 2024 and projection to 2050 (20–79 years),0.8583,"Our projection for 2050 predicts a growth of 17% in
the prevalence of diabetes due to the ageing of the
population and increased urbanisation across the
globe. It is estimated that 95% of the increase in the
number of people with diabetes by 2050 will occur in
low- and middle-income countries, where population
growth is expected to be greater than in high-income
countries (Table 3.2). The estimates in the 11th edition of the IDF Diabetes
Atlas are provided for 215 countries and territories,
grouped into the seven IDF Regions: Africa (AFR),
Europe (EUR), Middle East and North Africa (MENA),
North America and Caribbean (NAC), South and
Central America (SACA), South-East Asia (SEA) and
Western Pacific (WP). In total, 246 data sources from
153 countries and territories were included in the
analyses (See Resources www.diabetesatlas.org). 1
Data are presented considering each country´s current
age structure and, after adjustment to reflect the
prevalence, the age structure of the world population. 42 | IDF Diabetes Atlas 11th Edition - 2025 | diabetesatlas.org"
small-local-384,idf_ar_projection_2050,2,IDF_Diabetes_Atlas_11th_Edition_2025_WEB_p47_c119,not_relevant,,,unjudged,unjudged,deterministic certified source/page/section/anchor match,certified_anchor_oracle,not_relevant,IDF_Diabetes_Atlas_11th_Edition_2025_WEB.pdf,47,3.1 Diabetes prevalence in 2024 and projection to 2050 (20–79 years),0.837,"While the world’s population is estimated to grow
25% over the next 25 years, the number of people
with diabetes is estimated to increase by 45%
(Map 3.1, Table 3.1, Map 3.2). This 11th edition of the IDF Diabetes Atlas provides
estimates for diabetes in 2024 and projected
estimates for 2050. The estimates include diagnosed
and undiagnosed diabetes for adults aged 20–79. Worldwide, a total of 589 million adults aged 20–79
are estimated to have diabetes (11.1% of all adults in
this age group). By 2050, the number of adults living
with diabetes will rise to a projected 852.5 million. Map 3.1 Estimated number of adults (20–79 years) with diabetes by country, 2024. < 100 thousand 100-<500 thousand 500 thousand-<1 million 1 - <10 million
10-<20 million
≥ 20 million
No estimates 3.1 Diabetes prevalence in 2024 and projection to 2050 (20–79 years)"
small-local-384,idf_ar_projection_2050,3,IDF_Diabetes_Atlas_11th_Edition_2025_WEB_p12_c26,not_relevant,,,unjudged,unjudged,deterministic certified source/page/section/anchor match,certified_anchor_oracle,not_relevant,IDF_Diabetes_Atlas_11th_Edition_2025_WEB.pdf,12,Summary,0.8324,"There is a large and growing population at high risk
of developing diabetes. In 2024, 635 million people
were estimated to have impaired glucose tolerance
and 488 million were estimated to have impaired
fasting glucose. It was also estimated that over 3.4
million people aged 20–79 died from diabetes-related
causes in 2024. Direct health expenditures due to
diabetes surpassed one trillion USD for the first time
and will continue to rise over the coming years."
small-local-384,idf_ar_projection_2050,4,IDF_Diabetes_Atlas_11th_Edition_2025_WEB_p46_c118,relevant,,,unjudged,unjudged,deterministic certified source/page/section/anchor match,certified_anchor_oracle,relevant,IDF_Diabetes_Atlas_11th_Edition_2025_WEB.pdf,46,Key messages:,0.8195,"Key messages:

An estimated 589 million adults aged 20–79 years
are living with diabetes. This represents 11.1% of
the world’s population in this age group.

The total number of adults living with diabetes is
predicted to rise to 853 million (13%) by 2050.

An estimated 252 million adults living with diabetes
are unaware they have the condition.

One in four adults (158 million) living with diabetes
are aged over 65.

An estimated 635 million adults aged 20–79 years
are living with impaired glucose tolerance (12%).

Over USD 1 trillion was spent on diabetes in 2024.
This represents 12% of global health expenditure.

Over 3.4 million people died as a result of diabetes
in 2024. This corresponds to 9.3% of global deaths
from all causes.

An estimated 9.1 million people are living with type
1 diabetes. The majority (69%) are aged 20-59.

An estimated 1 in 5 live births (23 million) are
affected by some form of hyperglycaemia
in pregnancy.

IDF Diabetes Atlas 11th Edition - 2025 | diabetesatlas.org | 41
IDF Diabetes Atlas 11th Edition - 2025 | diabetesatlas.org | 41"
small-local-384,idf_ar_projection_2050,5,IDF_Diabetes_Atlas_11th_Edition_2025_WEB_p88_c221,not_relevant,,,unjudged,unjudged,deterministic certified source/page/section/anchor match,certified_anchor_oracle,not_relevant,IDF_Diabetes_Atlas_11th_Edition_2025_WEB.pdf,88,"Figure 4.5 Estimated prevalence (%) of diabetes by age and sex, IDF South and Central America
Region 2024.",0.8133,"m = million | b = billion

Highlights

●
1 in 10 adults have diabetes – 35 million.

●
The number of adults with diabetes
is expected to increase by 46% to 52
million by 2050.

●
1 in 3 adults living with diabetes
(30.4%) are undiagnosed.

●
Diabetes is responsible for 224,000
deaths in 2024.

●
797,000 people live with type 1 diabetes.

●
Diabetes-related expenditure totals
USD 81 billion in 2024.

●
1 in 6 live births are affected by
hyperglycaemia in pregnancy.

IDF Diabetes Atlas 11th Edition - 2025 | diabetesatlas.org | 83"
small-local-384,idf_en_undiagnosed,1,IDF_Diabetes_Atlas_11th_Edition_2025_WEB_p56_c146,not_relevant,,,unjudged,unjudged,deterministic certified source/page/section/anchor match,certified_anchor_oracle,not_relevant,IDF_Diabetes_Atlas_11th_Edition_2025_WEB.pdf,56,3.3 Undiagnosed diabetes,0.8397,"Globally, more than four in ten adults with diabetes
in 2024 were unaware that they have the condition.
This translates to 252 million people living with
undiagnosed – and therefore untreated – diabetes,
placing them at increased risk of complications and
premature death. Thus, there is a clear need to scale
up screening programmes and high-quality, person-
centred health services, especially in low- and middle-
income countries, where over 85% of people with
undiagnosed diabetes live. Table 3.10 Adults (20–79 years) with undiagnosed diabetes in IDF Regions in 2024, sorted by
proportion undiagnosed from highest to lowest. IDF: International Diabetes Federation; AFR: Africa; EUR: Europe; MENA: Middle East and North Africa; NAC: North America and Caribbean; SACA:
South and Central America; SEA: South-East Asia; WP: Western Pacific IDF Diabetes Atlas 11th Edition - 2025 | diabetesatlas.org | 51"
small-local-384,idf_en_undiagnosed,2,IDF_Diabetes_Atlas_11th_Edition_2025_WEB_p55_c141,not_relevant,,,unjudged,unjudged,deterministic certified source/page/section/anchor match,certified_anchor_oracle,not_relevant,IDF_Diabetes_Atlas_11th_Edition_2025_WEB.pdf,55,3.2 Diabetes prevalence in older adults in 2024 and projection to 2050,0.7849,"Across low-income, middle-income, and high-income
countries, 58.7%, 45.5%, and 28.9% of adults living
with diabetes are undiagnosed (Table 3.9). Globally,
86.9% of all people with undiagnosed diabetes live in
low- and middle-income countries, home to four-fifths
of the world’s population. 5 Early diagnosis and the timely initiation of treatment
are crucial for individuals with diabetes to prevent
or delay complications, avoid premature death, 50 | IDF Diabetes Atlas 11th Edition - 2025 | diabetesatlas.org"
small-local-384,idf_en_undiagnosed,3,IDF_Diabetes_Atlas_11th_Edition_2025_WEB_p73_c183,not_relevant,,,unjudged,unjudged,deterministic certified source/page/section/anchor match,certified_anchor_oracle,not_relevant,IDF_Diabetes_Atlas_11th_Edition_2025_WEB.pdf,73,3.8 Type 1 diabetes estimates in children and adults,0.7661,"3.8 Type 1 diabetes estimates in children and adults Findings Previous editions of the IDF Diabetes Atlas were
restricted to children and adolescents living with
type 1 diabetes (T1D) and did not consider potential
changes in incidence and mortality in the interval
between the study dates of the respective individual
country data and publication dates of the Atlas. In 2024, there were an estimated 9.15 million
individuals worldwide living with diagnosed clinical
T1D, 17 with 22.3% (2.04 million) of these living in
low-income and lower-middle-income countries. Of this total population of 9.15 million, 1.81 million
(19.8%), were younger than 20 years, 6.28 million
(68.6%) were between 20 and 59 and 1.06 million
(11.8%) were 60 or older."
small-local-384,idf_en_undiagnosed,4,IDF_Diabetes_Atlas_11th_Edition_2025_WEB_p57_c148,not_relevant,,,unjudged,unjudged,deterministic certified source/page/section/anchor match,certified_anchor_oracle,not_relevant,IDF_Diabetes_Atlas_11th_Edition_2025_WEB.pdf,57,3.3 Undiagnosed diabetes,0.7586,"Map 3.4 Proportion of adults (20–79 years) with undiagnosed diabetes by country in 2024.

<24%

35-<45%

45-<55%

55-<64%
≥ 65%
No estimates

Table 3.11 Top 10 countries with the largest number of adults (20–79 years) with undiagnosed
diabetes in 2024.

52 | IDF Diabetes Atlas 11th Edition - 2025 | diabetesatlas.org"
small-local-384,idf_en_undiagnosed,5,IDF_Diabetes_Atlas_11th_Edition_2025_WEB_p46_c118,relevant,,,unjudged,unjudged,deterministic certified source/page/section/anchor match,certified_anchor_oracle,relevant,IDF_Diabetes_Atlas_11th_Edition_2025_WEB.pdf,46,Key messages:,0.7569,"Key messages:

An estimated 589 million adults aged 20–79 years
are living with diabetes. This represents 11.1% of
the world’s population in this age group.

The total number of adults living with diabetes is
predicted to rise to 853 million (13%) by 2050.

An estimated 252 million adults living with diabetes
are unaware they have the condition.

One in four adults (158 million) living with diabetes
are aged over 65.

An estimated 635 million adults aged 20–79 years
are living with impaired glucose tolerance (12%).

Over USD 1 trillion was spent on diabetes in 2024.
This represents 12% of global health expenditure.

Over 3.4 million people died as a result of diabetes
in 2024. This corresponds to 9.3% of global deaths
from all causes.

An estimated 9.1 million people are living with type
1 diabetes. The majority (69%) are aged 20-59.

An estimated 1 in 5 live births (23 million) are
affected by some form of hyperglycaemia
in pregnancy.

IDF Diabetes Atlas 11th Edition - 2025 | diabetesatlas.org | 41
IDF Diabetes Atlas 11th Edition - 2025 | diabetesatlas.org | 41"
small-local-384,idf_ar_expenditure,1,IDF_Diabetes_Atlas_11th_Edition_2025_WEB_p66_c169,not_relevant,,,unjudged,unjudged,deterministic certified source/page/section/anchor match,certified_anchor_oracle,not_relevant,IDF_Diabetes_Atlas_11th_Edition_2025_WEB.pdf,66,"In 2024, the total global
diabetes-related health
expenditure exceeded
one trillion USD for the
first time.",0.8372,"Figure 3.7 Total diabetes-related health expenditure for adults (20–79 years) with diabetes from
2006 to 2050. 1200 1000 800 USD billion 600 400 200 0 2006
2009
2011
2013
2015
2017
2019
2021
2024
2050 Year Regional distribution Expenditure due to diabetes has a substantial
impact on total health expenditure worldwide,
representing 11.9% of total global health spending.
In the SACA Region, an average of 22.4% of the
total health expenditure was due to diabetes, the
highest percentage of the IDF Regions, followed by
17.0% in the MENA Region. The lowest percentage
of health expenditure due to diabetes was
observed in the EUR Region (8.8%) (Figure 3.10)."
small-local-384,idf_ar_expenditure,2,IDF_Diabetes_Atlas_11th_Edition_2025_WEB_p65_c168,not_relevant,,,unjudged,unjudged,deterministic certified source/page/section/anchor match,certified_anchor_oracle,not_relevant,IDF_Diabetes_Atlas_11th_Edition_2025_WEB.pdf,65,3.7 The economic impact of diabetes,0.8236,"This represents a 338% increase over 17 years. Part
of this increase can be attributed to improved data
quality. The direct costs of diabetes are expected to
continue to grow. IDF estimates that total diabetes-
related health expenditure will reach USD 1.043
trillion by 2050. This projection is conservative as
it considers only population size, ageing, changes
in sex distribution and urbanisation and assumes
that age and sex-specific diabetes prevalence and
diabetes-related expenditure remain constant. 60 | IDF Diabetes Atlas 11th Edition - 2025 | diabetesatlas.org"
small-local-384,idf_ar_expenditure,3,IDF_Diabetes_Atlas_11th_Edition_2025_WEB_p71_c180,not_relevant,,,unjudged,unjudged,deterministic certified source/page/section/anchor match,certified_anchor_oracle,not_relevant,IDF_Diabetes_Atlas_11th_Edition_2025_WEB.pdf,71,"Map 3.8 Total diabetes-related health expenditure (USD) by country for adults (20–79 years) with
diabetes in 2024.",0.8201,"Map 3.8 Total diabetes-related health expenditure (USD) by country for adults (20–79 years) with
diabetes in 2024.

<50 million

10-<50 million

50-<200 million

200 million-<1 billion
≥ 1 billion

No estimates

Map 3.9 Diabetes-related health expenditure (USD) by country per adult (20–79 years) with
diabetes in 2024.

<250

250-<500

500-<1,000

1,000-<2,000

2,000-<5,000
≥ 5,000
No estimates

66 | IDF Diabetes Atlas 11th Edition - 2025 | diabetesatlas.org"
small-local-384,idf_ar_expenditure,4,IDF_Diabetes_Atlas_11th_Edition_2025_WEB_p48_c122,not_relevant,,,unjudged,unjudged,deterministic certified source/page/section/anchor match,certified_anchor_oracle,not_relevant,IDF_Diabetes_Atlas_11th_Edition_2025_WEB.pdf,48,3.1 Diabetes prevalence in 2024 and projection to 2050 (20–79 years),0.7958,"| At a glance |  | 2024 | 2050 |
| --- | --- | --- | --- |
| World Population Total Adults (20-79 years) |  | 8.1 billion 5.3 billion | 9.7 billion 6.6 billion |
| All diabetes (20–79 years) Number of people with diabetes Prevalencei Number of deaths attributed to diabetes Total health expenditure due to diabetesii (2024 USD) |  | 588.7 million 11.1% 3.4 million 1.015 trillion | 852.5 million 13.0% - 1.043 trillion |
| Type 1 diabetes Number of people with type 1 diabetes (all age groups) Number of people with type 1 diabetes (>20 years) |  | 9.2 million 1.8 million |  |
| Intermediate Hyperglycaemia Impaired glucose tolerance (20–79 years) Number of people Prevalencei Impaired fasting glucose (20–79 years) Number of people with impaired fasting glucose Prevalencei |  | 634.8 million 12.0% 487.7 million 9.2% | 846.5 million 12.9% 647.5 million 9.8% |
| Hyperglycaemia in pregnancy (20–49 years) Number of live births affected Proportion of live births affected |  | 23 million 19.7% |  |"
small-local-384,idf_ar_expenditure,5,IDF_Diabetes_Atlas_11th_Edition_2025_WEB_p1_c0,not_relevant,,,unjudged,unjudged,deterministic certified source/page/section/anchor match,certified_anchor_oracle,not_relevant,IDF_Diabetes_Atlas_11th_Edition_2025_WEB.pdf,1,"11th Edition | 2025
Diabetes Atlas",0.7903,"11th Edition | 2025
Diabetes Atlas

589

million

people worldwide

have diabetes"
small-local-384,idf_en_regions,1,IDF_Diabetes_Atlas_11th_Edition_2025_WEB_p117_c290,not_relevant,,,unjudged,unjudged,deterministic certified source/page/section/anchor match,certified_anchor_oracle,not_relevant,IDF_Diabetes_Atlas_11th_Edition_2025_WEB.pdf,117,"Country summary in IDF South and Central America Region
2024",0.8364,"Country summary in IDF South and Central America Region
2024

South and Central America

112 | IDF Diabetes Atlas 11th Edition - 2025 | diabetesatlas.org"
small-local-384,idf_en_regions,2,IDF_Diabetes_Atlas_11th_Edition_2025_WEB_p119_c294,not_relevant,,,unjudged,unjudged,deterministic certified source/page/section/anchor match,certified_anchor_oracle,not_relevant,IDF_Diabetes_Atlas_11th_Edition_2025_WEB.pdf,119,"Country summary in IDF South-East Asia Region
2024",0.8329,"Country summary in IDF South-East Asia Region
2024

South-East Asia

114 | IDF Diabetes Atlas 11th Edition - 2025 | diabetesatlas.org"
small-local-384,idf_en_regions,3,IDF_Diabetes_Atlas_11th_Edition_2025_WEB_p109_c274,not_relevant,,,unjudged,unjudged,deterministic certified source/page/section/anchor match,certified_anchor_oracle,not_relevant,IDF_Diabetes_Atlas_11th_Edition_2025_WEB.pdf,109,"Country summary in IDF Europe Region
2024",0.8248,"Country summary in IDF Europe Region
2024

Europe

104 | IDF Diabetes Atlas 11th Edition - 2025 | diabetesatlas.org"
small-local-384,idf_en_regions,4,IDF_Diabetes_Atlas_11th_Edition_2025_WEB_p32_c84,not_relevant,,,unjudged,unjudged,deterministic certified source/page/section/anchor match,certified_anchor_oracle,not_relevant,IDF_Diabetes_Atlas_11th_Edition_2025_WEB.pdf,32,Key messages:,0.8211,"Key messages:

246 data sources from 153 countries were selected
to estimate diabetes prevalence for the current IDF
Diabetes Atlas.

Data sources come from countries which comprise
over 93% of the global population.

Other sources, such as registries, have also been
included, but only after rigorous scrutiny of their
quality, just as for the peer-reviewed publications.

Future projections have been calculated using the
United Nations population predictions and degree
of urbanisation. These predictions only take into
account changes in the distribution of age, sex
and urban/rural residence ratio.

IDF Diabetes Atlas 11th Edition - 2025 | diabetesatlas.org | 27"
small-local-384,idf_en_regions,5,IDF_Diabetes_Atlas_11th_Edition_2025_WEB_p9_c17,not_relevant,,,unjudged,unjudged,deterministic certified source/page/section/anchor match,certified_anchor_oracle,not_relevant,IDF_Diabetes_Atlas_11th_Edition_2025_WEB.pdf,9,"Foreword by the IDF Diabetes
Atlas Chairs",0.8205,"Foreword by the IDF Diabetes
Atlas Chairs span for the estimate of numbers of persons globally
with diabetes, ranging from approximately 500 to
800 million in 2021-2024. Along this range, the GBD
and IDF estimates fall close to 500 million, while the
NCD-RisC estimate is at the upper end of the range.
A critical examination of differing methodologies
is needed to better inform healthcare planning
regarding the magnitude of the diabetes problem. It gives us great pleasure to present to you the 11th
Edition of the IDF Diabetes Atlas. The IDF Atlas has now been in production for over two
decades and delivers valuable and realistic summary
data on the state of diabetes for each nation and the
world population. Initially designed as a data resource
for individual countries and to advance the interests of
global health, it has since evolved and demonstrated
itself to be a valuable advocacy tool as well. In this edition, 62 out of 215 countries or territories (29%) lack in-country data. While this is an improvement on previous editions, it is still grossly inadequate, and data from Africa is still worryingly sparse. It should be noted that many older studies"
small-local-384,who_ar_recommendation_count,1,WHO_recommendations_on_care_for_women_wi_p3_c1,not_relevant,,,unjudged,unjudged,deterministic certified source/page/section/anchor match,certified_anchor_oracle,not_relevant,WHO recommendations on care for women with diabetes during pregnancy.pdf,3,,0.8101,"WHO recommendations on
care for women with diabetes

during pregnancy"
small-local-384,who_ar_recommendation_count,2,WHO_recommendations_on_care_for_women_wi_p1_c0,not_relevant,,,unjudged,unjudged,deterministic certified source/page/section/anchor match,certified_anchor_oracle,not_relevant,WHO recommendations on care for women with diabetes during pregnancy.pdf,1,,0.8101,"WHO recommendations on
care for women with diabetes

during pregnancy"
small-local-384,who_ar_recommendation_count,3,WHO_recommendations_on_care_for_women_wi_p72_c189,not_relevant,,,unjudged,unjudged,deterministic certified source/page/section/anchor match,certified_anchor_oracle,not_relevant,WHO recommendations on care for women with diabetes during pregnancy.pdf,72,"Annex 3.
Summary and management
of declared interests from
GDG members",0.804,"WHO recommendations on care for women with diabetes during pregnancy

56"
small-local-384,who_ar_recommendation_count,4,WHO_recommendations_on_care_for_women_wi_p22_c47,not_relevant,,,unjudged,unjudged,deterministic certified source/page/section/anchor match,certified_anchor_oracle,not_relevant,WHO recommendations on care for women with diabetes during pregnancy.pdf,22,"2.2.2 Evidence on values, resource use and cost–effectiveness, equity and
human rights, acceptability and feasibility",0.7928,"WHO recommendations on care for women with diabetes during pregnancy 2.2 Evidence identification and retrieval Evidence to support the development of the guideline recommendations was derived from several sources by the systematic review teams working in collaboration with the WHO Steering Group. 2.2.1 Evidence on effectiveness To inform the development of the recommendations, WHO commissioned a set of three de novo systematic reviews on the management of diabetes during pregnancy, one of which covered nine priority questions. External groups of systematic reviewers were asked to prepare review protocols with clear PICO questions and criteria for identification of studies, including search strategies for different bibliographic databases, methods for assessing risk of bias and a data analysis plan (19–21). The WHO Steering Group and the guideline methodologists reviewed and endorsed the protocols before the systematic reviews were conducted. The search strategies employed to identify the studies and the specific criteria for inclusion and exclusion of studies are described in the individual systematic reviews. Studies from low-, middle- and high-"
small-local-384,who_ar_recommendation_count,5,WHO_recommendations_on_care_for_women_wi_p27_c61,relevant,,,unjudged,unjudged,deterministic certified source/page/section/anchor match,certified_anchor_oracle,relevant,WHO recommendations on care for women with diabetes during pregnancy.pdf,27,3,0.7846,"3 Recommendations
and supporting
evidence The GDG issued 27 recommendations – four on care for all women with diabetes (type 1, type 2 or gestational) during pregnancy, six on glucose monitoring, two on pharmacological treatment for pregnant women with type 1 diabetes, four on pharmacological treatment for pregnant women with type 2 diabetes and two on pharmacological treatment for women with GDM, and nine on additional monitoring and assessments. This section outlines the recommendations corresponding to the priority questions. To ensure that the recommendations are correctly understood and appropriately implemented in 11 practice, additional ‘remarks’ reflecting the summary of the discussions by the GDG are included. The recommendations should be applied in conjunction with the implementation considerations. The EtD frameworks – presenting the available effectiveness evidence, the balance between the desirable and undesirable effects, values of stakeholders, resource requirements, cost–effectiveness, acceptability, feasibility and equity, and human rights that were considered in formulating each recommendation – are presented separately in the web annexes to this guideline."
small-local-384,who_en_monitoring_scope,1,WHO_recommendations_on_care_for_women_wi_p34_c85,not_relevant,,,unjudged,unjudged,deterministic certified source/page/section/anchor match,certified_anchor_oracle,not_relevant,WHO recommendations on care for women with diabetes during pregnancy.pdf,34,"3.1.2
Glucose monitoring",0.8683,"and limited empirical evidence on the harms and benefits of different modes of glucose monitoring during pregnancy, these recommendations provide guidance on the appropriate mode of monitoring for the different types of diabetes."
small-local-384,who_en_monitoring_scope,2,WHO_recommendations_on_care_for_women_wi_p61_c162,not_relevant,,,unjudged,unjudged,deterministic certified source/page/section/anchor match,certified_anchor_oracle,not_relevant,WHO recommendations on care for women with diabetes during pregnancy.pdf,61,References,0.8268,"19.
Burk J, Sweeting A. The impact of self-monitoring of blood glucose and continuous glucose monitoring on perinatal and health
system outcomes in individuals with diabetes in pregnancy: a systematic review and meta-analysis. PROSPERO. 2024;https://
www.crd.york.ac.uk/PROSPERO/view/CRD42024594987. 20.
Hurley A, Makama M, Vogel J, Sultana S. Antepartum fetal monitoring in diabetic and high-risk women: A systematic review.
PROSPERO. 2024;https://www.crd.york.ac.uk/PROSPERO/view/CRD42024557435. 21.
Villanueva G, Cogo E, Sguassero Y, Buckley B, Probyn K, Bergman H, et al. Diabetes management during pregnancy. PROSPERO.
2025;https://www.crd.york.ac.uk/PROSPERO/view/CRD42025630036. 22.
Weibel S, Popp M, Reis S, Skoetz N, Garner P, Sydenham E. Identifying and managing problematic trials: A research integrity
assessment tool for randomized controlled trials in evidence synthesis. Res Synth Methods. 2023;14(3):357–69. doi: https://doi.
org/10.1002/jrsm.1599."
small-local-384,who_en_monitoring_scope,3,WHO_recommendations_on_care_for_women_wi_p36_c89,not_relevant,,,unjudged,unjudged,deterministic certified source/page/section/anchor match,certified_anchor_oracle,not_relevant,WHO recommendations on care for women with diabetes during pregnancy.pdf,36,"3.1.2
Glucose monitoring",0.8215,"WHO recommendations on care for women with diabetes during pregnancy •
Although findings vary, some women with GDM find blood glucose monitoring to be a useful way of managing their condition without the use of insulin ( moderate confidence ) (37). However, some women with GDM find blood glucose monitoring to be time consuming and socially isolating ( moderate confidence ) (33), with some expressing concern about the associated pain and potential bleeding ( moderate confidence ) (33, 35). In addition, for women unused to the routine of blood glucose monitoring, there was a tendency to forget to test at regular intervals ( moderate confidence ) (38). The use of smartphone apps or health centre reminders sometimes negated this problem ( low confidence ) (38). Feasibility •
While the QES found no direct evidence regarding the feasibility of different monitoring systems from the perspective of health-care providers (16), indirect evidence suggests that some may require additional training to better understand the management of diabetes during pregnancy ( moderate confidence ) and that some find guidelines and protocols for diabetes management (including monitoring) during"
small-local-384,who_en_monitoring_scope,4,WHO_recommendations_on_care_for_women_wi_p34_c84,not_relevant,,,unjudged,unjudged,deterministic certified source/page/section/anchor match,certified_anchor_oracle,not_relevant,WHO recommendations on care for women with diabetes during pregnancy.pdf,34,"3.1.2
Glucose monitoring",0.8088,"•
Indirect evidence from the same review (16) suggests that some health-care providers would like more 18 specialized training to better understand diabetes management during pregnancy ( moderate confidence ). 3.1.2
Glucose monitoring Mode of glucose monitoring Recommendations 5
For pregnant women with type 1, type 2 or gestational diabetes, recommend SMBG in addition to routine care, where feasible. 6
For pregnant women with type 1 diabetes, recommend the use of a CGM system, where feasible. 7
For pregnant women with type 2 or gestational diabetes, do not routinely recommend use of a CGM system. Rationale •
Regular monitoring of blood glucose levels, and recognizing when they are low or high, is crucial to managing diabetes during pregnancy and preventing complications. Women using insulin or other glucose-lowering agents require more frequent monitoring. •
The GDG noted that SMBG has been standard care for people with type 1 diabetes since the mid- to late- 1980s and it is unethical not to offer it in this population. •
In the context of potential harm to the developing baby from both hypoglycaemia and hyperglycaemia"
small-local-384,who_en_monitoring_scope,5,WHO_recommendations_on_care_for_women_wi_p34_c83,not_relevant,,,unjudged,unjudged,deterministic certified source/page/section/anchor match,certified_anchor_oracle,not_relevant,WHO recommendations on care for women with diabetes during pregnancy.pdf,34,"3.1.2
Glucose monitoring",0.7979,"WHO recommendations on care for women with diabetes during pregnancy –
support the woman in monitoring blood glucose; –
support the woman in maintaining target glucose levels; –
effectively manage the use of insulin and/or oral glucose-lowering agents in pregnancy; –
provide individualized dietary and activity advice, education and support; –
undertake and respond to appropriate fetal surveillance. Equity and human rights •
Indirect evidence from the QES (16) indicates that specialized services may not be available in all settings, particularly in low-income contexts ( l ow confidence ). •
In addition, where specialized services are available, the additional costs associated with attendance (transportation, childcare, time away from work) may be prohibitive for some women, especially those on low incomes and/or those requiring extra clinic visits to support other aspects of their antenatal care and/ or diabetic management ( low confidence ). Feasibility •
Indirect evidence from the QES (16) suggests that health-care providers recognize the importance of inter- professional collaboration and a multidisciplinary team approach to care ( moderate confidence )."
small-local-384,who_ar_individualized_care,1,IDF_Diabetes_Atlas_11th_Edition_2025_WEB_p23_c56,not_relevant,,,unjudged,unjudged,deterministic certified source/page/section/anchor match,certified_anchor_oracle,not_relevant,IDF_Diabetes_Atlas_11th_Edition_2025_WEB.pdf,23,1.2 Type 2 diabetes,0.7304,"Beyond controlling blood glucose levels, it is critically
important to manage blood pressure (BP) and
blood cholesterol (LDL-c) levels and assess control
of these risk factors on a regular basis (at least
annually). Regular screening for the development
of early diabetes-related complications, such as
kidney disease, retinopathy, neuropathy, peripheral
artery disease and foot ulceration, helps prevent the
development and progression of these complications.
With regular check-ups and effective lifestyle
management – along with medication as needed and
support in the form of diabetes education – people
with type 2 diabetes can lead long and healthy lives. 1.4 Diagnostic criteria for diabetes Most guidelines use the standard diagnostic criteria
proposed by IDF and the World Health Organization
(WHO) Figure 1.1. The footnote in Figure 1.1 mentions
the American Diabetes Association (ADA) inclusion of
HbA1c as part of the diagnostic criteria of diabetes
and prediabetes. WHO supports the use of HbA1c
≥ 6.5% for diabetes diagnosis but not for intermediate
hyperglycaemia, partly on the grounds that quality-
assured HbA1c measurement is not available on a
global scale. 27"
small-local-384,who_ar_individualized_care,2,IDF_Diabetes_Atlas_11th_Edition_2025_WEB_p126_c313,not_relevant,,,unjudged,unjudged,deterministic certified source/page/section/anchor match,certified_anchor_oracle,not_relevant,IDF_Diabetes_Atlas_11th_Edition_2025_WEB.pdf,126,I,0.6996,"Blood glucose that is higher than normal but below
the diagnostic threshold for diabetes, after ingesting
a standard amount of glucose during an oral glucose
tolerance test. Fasting and two-hour glucose values
are needed for its diagnosis. An oral therapy for type 2 diabetes, and one of a
group of drugs known as biguanides. These lower
blood glucose levels in people with type 2 diabetes by
increasing the sensitivity of muscle cells to insulin,
and by reducing the amount of glucose produced
by the liver. Incidence Microvascular complications The number of new cases of a disease or condition
among a group of people without the disease who are
at risk of developing this condition during a specified
time period. Complications of diabetes that include diabetic
nephropathy, neuropathy and retinopathy, which
are caused by pathological changes in
the microvasculature. Insulin Monogenic diabetes A hormone produced in the pancreas, as a response to
glucose. Insulin triggers cells to take up glucose from
the blood stream and convert it to energy. Less common types of diabetes, resulting from
single genetic mutations. Examples include MODY
and Neonatal Diabetes Mellitus. Insulin resistance"
small-local-384,who_ar_individualized_care,3,IDF_Diabetes_Atlas_11th_Edition_2025_WEB_p23_c55,not_relevant,,,unjudged,unjudged,deterministic certified source/page/section/anchor match,certified_anchor_oracle,not_relevant,IDF_Diabetes_Atlas_11th_Edition_2025_WEB.pdf,23,1.2 Type 2 diabetes,0.6878,"Insulin injections may be necessary to control
hyperglycaemia to recommended levels if non-insulin
medications do not help people with type 2 diabetes
to achieve glycaemic control. and cardiovascular disease. 30,32–35 The detection of
intermediate hyperglycaemia provides a target
population for interventions. 36,37 Progression from IGT or IFG to type 2 diabetes
depends on the degree of hyperglycaemia and
other risk factors, particularly age and excess body
weight. 37,38 The absolute risk for this progression
depends dramatically on individual characteristics
such as age and BMI."
small-local-384,who_ar_individualized_care,4,IDF_Diabetes_Atlas_11th_Edition_2025_WEB_p19_c44,not_relevant,,,unjudged,unjudged,deterministic certified source/page/section/anchor match,certified_anchor_oracle,not_relevant,IDF_Diabetes_Atlas_11th_Edition_2025_WEB.pdf,19,Key messages:,0.6873,"Insulin allows glucose from the bloodstream to enter
the body’s cells, where it is converted into energy or
stored. Insulin is also essential for the metabolism of
protein and fat. A lack of insulin, or the inability of cells
to respond to it, leads to high levels of blood glucose
(hyperglycaemia), which is the clinical indicator of
diabetes. Another important measurement of blood
glucose (glycaemia) is Haemoglobin A1c (HbA1c),
which gives an indication of glucose concentration
in the blood over a period of 90 days prior to the
blood test. Both direct measurement of glucose
concentration in plasma or HbA1c may be used to
diagnose diabetes. The threshold glycaemia levels for
the diagnosis of diabetes can be found in Figure 1.1. 14 | IDF Diabetes Atlas 11th Edition - 2025 | diabetesatlas.org"
small-local-384,who_ar_individualized_care,5,WHO_recommendations_on_care_for_women_wi_p37_c94,not_relevant,,,unjudged,unjudged,deterministic certified source/page/section/anchor match,certified_anchor_oracle,not_relevant,WHO recommendations on care for women with diabetes during pregnancy.pdf,37,"3.1.2
Glucose monitoring",0.6731,"based on hypoglycaemic risk. In contrast, individuals with type 2 diabetes typically retain some endogenous insulin secretion, leading to more stable glycaemic profiles and enabling more aggressive early control, although targets must be moderated in the presence of cardiovascular comorbidities or advanced age. •
The WHO PEN (Package of Essential Noncommunicable Disease Interventions) protocol recommends that most people with diabetes aim for an HbA1c of 7.0% (53 mmol/mol). If HbA1c measurement is not"
small-local-384,who_en_gdm_lifestyle_trial,1,WHO_recommendations_on_care_for_women_wi_p44_c113,relevant,,,unjudged,unjudged,deterministic certified source/page/section/anchor match,certified_anchor_oracle,relevant,WHO recommendations on care for women with diabetes during pregnancy.pdf,44,"3.1.3
Pharmacological treatment",0.7765,"WHO recommendations on care for women with diabetes during pregnancy Remarks Commencement of pharmacotherapy •
The GDG acknowledged that a two-week trial of diet and physical activity to achieve glycaemic control is typically conducted before considering commencement of blood glucose-lowering medication for GDM. The trials comparing different pharmacological agents included in the systematic review used a range of lengths of diet/activity (when described this ranged from 3 to 28 days, most commonly seven days). However, in some settings and for some clinical presentations (e.g. based on level of glycaemic control or maternal/fetal concerns), medication may be commenced without a trial of diet/activity. Trigger for treatment initiation or change •
In the trials comparing different pharmacological agents included in the systematic review, thresholds used for insulin initiation, treatment agent switch and dose escalation were poorly and inconsistently reported. In most studies, the trigger for FPG was 5.0 to 5.5 mmol/L (90 to 100 mg/dL), with some using stricter (3.4 to 5.0 mmol/L [60 to 90 mg/dL]) or looser (<6.1 mmol/L [<110 mg/dL]) targets. One-hour"
small-local-384,who_en_gdm_lifestyle_trial,2,WHO_recommendations_on_care_for_women_wi_p39_c100,not_relevant,,,unjudged,unjudged,deterministic certified source/page/section/anchor match,certified_anchor_oracle,not_relevant,WHO recommendations on care for women with diabetes during pregnancy.pdf,39,"3.1.3
Pharmacological treatment",0.7716,"require additional training to better understand the management of diabetes during pregnancy ( moderate confidence ) (16). Indirect evidence from the same review also suggests that some health-care providers found different guidelines and protocols for diabetes management (including screening and monitoring) during pregnancy to be inconsistent, confusing and occasionally outdated ( moderate confidence ). 3.1.3
Pharmacological treatment Type 1 diabetes Recommendations 11
For pregnant women with type 1 diabetes, recommend continuation of the same type of insulin used before pregnancy unless a change is considered necessary to optimize blood glucose control and outcomes for the woman and baby. 12
For pregnant women with type 1 diabetes, recommend continuation of the method of insulin delivery used before pregnancy unless a change is considered necessary to optimize blood glucose control and outcomes for the woman and baby."
small-local-384,who_en_gdm_lifestyle_trial,3,WHO_recommendations_on_care_for_women_wi_p44_c115,not_relevant,,,unjudged,unjudged,deterministic certified source/page/section/anchor match,certified_anchor_oracle,not_relevant,WHO recommendations on care for women with diabetes during pregnancy.pdf,44,"3.1.3
Pharmacological treatment",0.7675,"•
Many blood-glucose lowering agents are either not recommended for use in pregnancy or do not have adequate safety data in pregnancy (e.g. GLP-1Ras and SGLT2 inhibitors). However, the GDG acknowledged that there may be situations where a blood-glucose lowering agent other than insulin or metformin needs to be considered (e.g. when a woman refuses insulin and metformin is not tolerated or is ineffective in achieving the woman’s glycaemic control). In these circumstances other agents, such as a sulfonylurea, may be considered after discussion of potential benefits and harms. Dosage of glucose-lowering agent •
Titration of medications for glycaemic control is individualized and guided by regular blood glucose monitoring. Stopping treatment with glucose-lowering agents •
The GDG acknowledged that usual clinical practice is to stop treatment with glucose-lowering agents soon after the birth of the baby. Due to the increased risk of type 2 diabetes in women who have experienced GDM (7), follow-up assessment of glucose tolerance is essential 6 to 12 weeks postnatally."
small-local-384,who_en_gdm_lifestyle_trial,4,WHO_recommendations_on_care_for_women_wi_p34_c85,not_relevant,,,unjudged,unjudged,deterministic certified source/page/section/anchor match,certified_anchor_oracle,not_relevant,WHO recommendations on care for women with diabetes during pregnancy.pdf,34,"3.1.2
Glucose monitoring",0.7557,"and limited empirical evidence on the harms and benefits of different modes of glucose monitoring during pregnancy, these recommendations provide guidance on the appropriate mode of monitoring for the different types of diabetes."
small-local-384,who_en_gdm_lifestyle_trial,5,WHO_recommendations_on_care_for_women_wi_p40_c103,not_relevant,,,unjudged,unjudged,deterministic certified source/page/section/anchor match,certified_anchor_oracle,not_relevant,WHO recommendations on care for women with diabetes during pregnancy.pdf,40,"3.1.3
Pharmacological treatment",0.7542,"pregnancy (e.g. before or after meals). Indirect evidence (in non-pregnant type 1 diabetes populations) suggests that insulin before meals is advisable (48). Adjunctive metformin •
Although the GDG prioritized this question, the systematic review identified no randomized trials investigating the use of adjunctive metformin for women with type 1 diabetes in pregnancy. Desirable and undesirable effects of insulin types •
The systematic review conducted to inform this guideline identified the following comparisons and findings. The GDG acknowledged that changes in the market mean that some medications may become unavailable and that new products may become available and trigger review of the guidelines as evidence emerges."
small-local-384,who_ar_care_actions,1,WHO_recommendations_on_care_for_women_wi_p1_c0,not_relevant,,,unjudged,unjudged,deterministic certified source/page/section/anchor match,certified_anchor_oracle,not_relevant,WHO recommendations on care for women with diabetes during pregnancy.pdf,1,,0.9075,"WHO recommendations on
care for women with diabetes

during pregnancy"
small-local-384,who_ar_care_actions,2,WHO_recommendations_on_care_for_women_wi_p3_c1,not_relevant,,,unjudged,unjudged,deterministic certified source/page/section/anchor match,certified_anchor_oracle,not_relevant,WHO recommendations on care for women with diabetes during pregnancy.pdf,3,,0.9075,"WHO recommendations on
care for women with diabetes

during pregnancy"
small-local-384,who_ar_care_actions,3,WHO_recommendations_on_care_for_women_wi_p72_c189,not_relevant,,,unjudged,unjudged,deterministic certified source/page/section/anchor match,certified_anchor_oracle,not_relevant,WHO recommendations on care for women with diabetes during pregnancy.pdf,72,"Annex 3.
Summary and management
of declared interests from
GDG members",0.8922,"WHO recommendations on care for women with diabetes during pregnancy

56"
small-local-384,who_ar_care_actions,4,WHO_recommendations_on_care_for_women_wi_p34_c83,relevant,,,unjudged,unjudged,deterministic certified source/page/section/anchor match,certified_anchor_oracle,relevant,WHO recommendations on care for women with diabetes during pregnancy.pdf,34,"3.1.2
Glucose monitoring",0.7936,"WHO recommendations on care for women with diabetes during pregnancy –
support the woman in monitoring blood glucose; –
support the woman in maintaining target glucose levels; –
effectively manage the use of insulin and/or oral glucose-lowering agents in pregnancy; –
provide individualized dietary and activity advice, education and support; –
undertake and respond to appropriate fetal surveillance. Equity and human rights •
Indirect evidence from the QES (16) indicates that specialized services may not be available in all settings, particularly in low-income contexts ( l ow confidence ). •
In addition, where specialized services are available, the additional costs associated with attendance (transportation, childcare, time away from work) may be prohibitive for some women, especially those on low incomes and/or those requiring extra clinic visits to support other aspects of their antenatal care and/ or diabetic management ( low confidence ). Feasibility •
Indirect evidence from the QES (16) suggests that health-care providers recognize the importance of inter- professional collaboration and a multidisciplinary team approach to care ( moderate confidence )."
small-local-384,who_ar_care_actions,5,WHO_recommendations_on_care_for_women_wi_p50_c132,not_relevant,,,unjudged,unjudged,deterministic certified source/page/section/anchor match,certified_anchor_oracle,not_relevant,WHO recommendations on care for women with diabetes during pregnancy.pdf,50,"3.1.4
Additional monitoring",0.7812,"WHO recommendations on care for women with diabetes during pregnancy •
Indirect evidence highlights the importance of teamwork, especially for women receiving additional (or enhanced) services (16). Some health-care providers felt there were gaps in the system caused by poor communication between different disciplines and/or departments and stressed the importance of ‘joined up’ care and efficient, multidisciplinary teamworking ( moderate confidence ). Feasibility •
Indirect evidence from the QES suggests that some health systems may struggle to cope with enhanced services for pregnant diabetic women given the extra demands (in terms of resources, staff training and equipment) required to support these services in already overstretched health systems ( high confidence ) (16). Renal assessment Recommendations 25
For pregnant women with type 1 or type 2 diabetes, assess renal function when antenatal care is initiated and arrange specialist follow-up for women if impaired renal function is identified. 26
For women with GDM, do not routinely assess renal function. 27
For pregnant women with type 1 or type 2 diabetes with impaired renal function, emphasize the importance of"
small-local-384,no_evidence_en_malaria,1,Prevention_and_control_of_diabetes_melli_p58_c146,not_relevant,,,unjudged,unjudged,deterministic certified source/page/section/anchor match,certified_anchor_oracle,not_relevant,Prevention and control of diabetes mellitus Lessons for service delivery from countries in the WHO South-East Asia Region.pdf,58,Case study 5,0.4339,"Implementation approach: The project
approach was aligned with WHO and
International Union Against Tuberculosis
and Lung Disease (the Union)’s framework
for collaborative activities to address the dual
burden of TB and diabetes. The approach was
based on the establishment of a collaborative
framework for diabetes and TB detection,
management and care at provincial and
district levels, created through roundtable
discussions between the existing TB and
diabetes programmes. TB and diabetes
services are provided at different facilities
and by different health workers. Patients
diagnosed with one condition are screened
for the other and cross-referred between the
two programmes to ensure continuity of care
and follow-up. Prevention and control of diabetes mellitus: Lessons for service delivery from countries in the WHO South-East Asia Region"
small-local-384,no_evidence_en_malaria,2,Prevention_and_control_of_diabetes_melli_p86_c234,not_relevant,,,unjudged,unjudged,deterministic certified source/page/section/anchor match,certified_anchor_oracle,not_relevant,Prevention and control of diabetes mellitus Lessons for service delivery from countries in the WHO South-East Asia Region.pdf,86,References,0.4298,"37. Kapur A, Harries AD, Lönnroth K, Wilson P, Sulistyowati LS (2016). Diabetes and tuberculosis
co-epidemic: the Bali Declaration.  Lancet Diabetes Endocrinol. 2016  ;4(1)  :8–10. Available
from : https ://www.thelancet.com/journals/landia/article/PIIS2213-8587(15)00461-1/fulltext,
accessed 23 November 2025. 38. World Health Organization (2025). Noncommunicable diseases country profile: Sri Lanka. Geneva:
World Health Organization; 2025 (https://ncdportal.org/CountryProfile/GHE110/LKA#risk-factor1,
accessed 23 November 2025). 39. Roengrudee Patanavanich (ed). Thailand National Health Examination Survey VII (2024-2025).
Thai National Health Examination Survey (NHES) website. 2025. Available from: https://thai-nhes.
com/, accessed 12 December 2025. 40. Ministry of Public Health (Thailand). Health Data Center (HDC) Service. Nonthanburi (TH): Ministry
of Public Health. Available from: https://hdcservice.moph.go.th, accessed 12 December 2025. 41. World Health Organization (2025). Noncommunicable diseases country profile –Timor-Leste.
Geneva: World Health Organization; 2025 (https://ncdportal.org/CountryProfile/GHE110/TLS,
accessed 23 November 2025). 72"
small-local-384,no_evidence_en_malaria,3,Prevention_and_control_of_diabetes_melli_p57_c144,not_relevant,,,unjudged,unjudged,deterministic certified source/page/section/anchor match,certified_anchor_oracle,not_relevant,Prevention and control of diabetes mellitus Lessons for service delivery from countries in the WHO South-East Asia Region.pdf,57,Case study 4,0.4161,"|  | INDONESIA Improving integrated screening and management of tuberculosis and diabetes Background and rationale: Like many other Objectives: The main objective of the project countries, Indonesia is in an epidemiological was to strengthen bidirectional screening and transition with a high burden of infectious integrated management of TB and diabetes, diseases, including tuberculosis (TB), and as bidirectional screening and treatment is a rising NCD burden. The country has an vital to control both conditions. It focused on estimated diabetes prevalence of 10.8%, developing practical guidelines and training accounting for 19 465 102 adults (28). In 2022, modules, tailored for doctors, nurses and the estimated prevalence of TB in Indonesia community health workers, and facilitated was approximately 312 cases per 100 000 training of health-care professionals and population. Both TB and diabetes prevalence community health workers in co-management places Indonesia among the seven countries protocols. The project also promoted with the highest burden of these two diseases early identification of TB and diabetes by (34). introducing diabetes checks among TB patients and TB screening for individuals with Indonesian Family Life Survey (IFLS) 2014 data diabetes. It also strengthened health-seeking show that only 54% of public health centres behaviour through community education and (puskesmas) can test blood glucose and patient awareness activities. only 47% reported the ability to test urine. The capacity of primary care to undertake Project setting, population and timeline: diagnostic testing also varies among urban Building on earlier work in North Moluccas, and rural areas and across provinces. Urban East Kalimantan and Jakarta, this project capacity was higher than rural capacity, extended the scope across five provinces: while the eastern provinces demonstrated North Moluccas (North Maluku), North lower capacity compared with the western Celebes (now North Sulawesi), Jakarta, provinces. West Java and East Nusa Tenggara, with a |
| --- | --- |"
small-local-384,no_evidence_en_malaria,4,Regional_Commemoration_of_World_Diabetes_p43_c125,not_relevant,,,unjudged,unjudged,deterministic certified source/page/section/anchor match,certified_anchor_oracle,not_relevant,Regional Commemoration of World Diabetes Day 2024.pdf,43,"Annexure 3
Programme",0.4157,"•
Dr Anupam Prakash, Head of Medicine Department, Lady Hardinge  Medical
College, India •
Dr Helder Juvinal Neto da Silva, PEN Unit Officer, Ministry of Health,
Timor-Leste •
Ms Kim Uhjin, Regional Adviser (Essential drugs and medicines), WHO
South-East Asia Regional Office 12:35–12:45
Question and Answer Summarizing catalytic actions by the countries from the session for the
Colombo Call to Action 13:30–13:50
Technical session C: Universal diabetes care: Integrating care and tracking
progress Moderators: •
Mr Saroj Kumar, Director, Ministry of Health and Family Welfare, India •
Dr Gampo Dorji, Team Lead (NCD and Health systems), WHO Nepal Integrating diabetes prevention and management
at primary health care and universal health
coverage: examples from low- and middle-income
countries Dr Hans V Hogerzeil,
Professor, Faculty
of Medical Science,
University of Groningen 37 Regional Commemoration of World Diabetes Day 2024"
small-local-384,no_evidence_en_malaria,5,Availability__price_and_affordability_of_p54_c146,not_relevant,,,unjudged,unjudged,deterministic certified source/page/section/anchor match,certified_anchor_oracle,not_relevant,"Availability, price and affordability of health technologies for the management of diabetes.pdf",54,Annex 3. List of publications compiled by this scoping review,0.4058,"Availability, price and affordability of health technologies for the management of diabetes 6
Final report of the
international insulin
foundation on the rapid
assessment protocol for
insulin access in Mali International
Insulin
Foundation 2004
Mali
Glucometer availability 16-100% availability. Cost of
glucose test for the patient 0.08–3.00 Euro.  Barriers:
unavailability of diagnostics tools and the appropriate
level of care, supply issues for reagents and other
laboratory materials. Recommendations: removing 5%
VAT and mark-ups for technologies needed for diabetes
management, develop a national priority devices list
for each level within the health system, develop supply
chain for laboratory materials. T1DM
Report 7
Report of the international
insulin foundation on the
rapid assessment protocol
for insulin access in
Mozambique International
Insulin
Foundation 2004
Mozam­
bique"
small-local-384,no_evidence_ar_quantum,1,The_Global_Diabetes_Compact_progress_in__p1_c0,not_relevant,,,unjudged,unjudged,deterministic certified source/page/section/anchor match,certified_anchor_oracle,not_relevant,The Global Diabetes Compact progress in supporting its workstreams technical report.pdf,1,,0.693,"The Global

Diabetes
Compact -
progress in
supporting its

workstreams

Technical report"
small-local-384,no_evidence_ar_quantum,2,The_Global_Diabetes_Compact_progress_in__p2_c1,not_relevant,,,unjudged,unjudged,deterministic certified source/page/section/anchor match,certified_anchor_oracle,not_relevant,The Global Diabetes Compact progress in supporting its workstreams technical report.pdf,2,,0.693,"The Global

Diabetes
Compact -
progress in
supporting its

workstreams

Technical report"
small-local-384,no_evidence_ar_quantum,3,Guidance_on_global_monitoring_for_diabet_p21_c49,not_relevant,,,unjudged,unjudged,deterministic certified source/page/section/anchor match,certified_anchor_oracle,not_relevant,"Guidance on global monitoring for diabetes prevention and control Framework, indicators and application.pdf",21,"3.	 The global framework for diabetes
prevention and control",0.6864,"The framework provides a structured and
detailed approach to address diabetes burden
and includes important indicators that are 9"
small-local-384,no_evidence_ar_quantum,4,Guidance_on_global_monitoring_for_diabet_p33_c79,not_relevant,,,unjudged,unjudged,deterministic certified source/page/section/anchor match,certified_anchor_oracle,not_relevant,"Guidance on global monitoring for diabetes prevention and control Framework, indicators and application.pdf",33,Health system determinants,0.6733,"Indicators and metadata

4. Existence of national guidelines for diabetes management

21"
small-local-384,no_evidence_ar_quantum,5,Prevention_and_control_of_diabetes_melli_p16_c32,not_relevant,,,unjudged,unjudged,deterministic certified source/page/section/anchor match,certified_anchor_oracle,not_relevant,Prevention and control of diabetes mellitus Lessons for service delivery from countries in the WHO South-East Asia Region.pdf,16,Executive summary,0.658,"| The Global Diabetes Compact what you need to know |  |
| --- | --- |"
small-local-384,idf_en_prevalence_rephrased,1,IDF_Diabetes_Atlas_11th_Edition_2025_WEB_p46_c118,relevant,,,unjudged,unjudged,deterministic certified source/page/section/anchor match,certified_anchor_oracle,relevant,IDF_Diabetes_Atlas_11th_Edition_2025_WEB.pdf,46,Key messages:,0.884,"Key messages:

An estimated 589 million adults aged 20–79 years
are living with diabetes. This represents 11.1% of
the world’s population in this age group.

The total number of adults living with diabetes is
predicted to rise to 853 million (13%) by 2050.

An estimated 252 million adults living with diabetes
are unaware they have the condition.

One in four adults (158 million) living with diabetes
are aged over 65.

An estimated 635 million adults aged 20–79 years
are living with impaired glucose tolerance (12%).

Over USD 1 trillion was spent on diabetes in 2024.
This represents 12% of global health expenditure.

Over 3.4 million people died as a result of diabetes
in 2024. This corresponds to 9.3% of global deaths
from all causes.

An estimated 9.1 million people are living with type
1 diabetes. The majority (69%) are aged 20-59.

An estimated 1 in 5 live births (23 million) are
affected by some form of hyperglycaemia
in pregnancy.

IDF Diabetes Atlas 11th Edition - 2025 | diabetesatlas.org | 41
IDF Diabetes Atlas 11th Edition - 2025 | diabetesatlas.org | 41"
small-local-384,idf_en_prevalence_rephrased,2,IDF_Diabetes_Atlas_11th_Edition_2025_WEB_p53_c133,not_relevant,,,unjudged,unjudged,deterministic certified source/page/section/anchor match,certified_anchor_oracle,not_relevant,IDF_Diabetes_Atlas_11th_Edition_2025_WEB.pdf,53,"Figure 3.2 Prevalence of diabetes among men and women (20–79 years), 2024.",0.8681,"Table 3.5 Top 10 countries or territories with age-standardised diabetes prevalence in adults
(20–79 years) in 2024 and 2050. i. Countries without in-country data sources. Estimates are extrapolated. Table 3.6 Global diabetes estimates in people (65-99 years) in 2024 and 2050. 3.2 Diabetes prevalence in older adults in 2024 and projection to 2050 Regional distribution Diabetes prevalence increases with age. Therefore,
the highest estimated prevalence is in people over
65 (Figure 3.1). In 2024, the estimated number of
people with diabetes aged 65–99 years was 158.3
million (23.7%). If the current trend continues, the
number of people aged 65-99 years with diabetes will
be 278 million in 2050 (Table 3.6). These data point
to a significant increase in the diabetes population of
ageing societies in the next 25 years and the inevitable
public health and economic challenges this will bring.
It will require all countries to commit to sufficient
resources to tackle diabetes."
small-local-384,idf_en_prevalence_rephrased,3,IDF_Diabetes_Atlas_11th_Edition_2025_WEB_p51_c127,not_relevant,,,unjudged,unjudged,deterministic certified source/page/section/anchor match,certified_anchor_oracle,not_relevant,IDF_Diabetes_Atlas_11th_Edition_2025_WEB.pdf,51,"Figure 3.2 Prevalence of diabetes among men and women (20–79 years), 2024.",0.8571,"The countries with the largest numbers of adults
with diabetes aged 20–79 years in 2024 are China,
India, and the USA. Pakistan is predicted to overtake
the USA in the ranking of the estimated number of
people with diabetes by 2050 (Table 3.4). Because of
differences in population sizes, the countries with
the highest number of people with diabetes do not
necessarily have the highest prevalence. Differences
in age distribution across countries affect rankings of
the number of people with diabetes and the world-
standardised prevalence estimates."
small-local-384,idf_en_prevalence_rephrased,4,IDF_Diabetes_Atlas_11th_Edition_2025_WEB_p47_c119,not_relevant,,,unjudged,unjudged,deterministic certified source/page/section/anchor match,certified_anchor_oracle,not_relevant,IDF_Diabetes_Atlas_11th_Edition_2025_WEB.pdf,47,3.1 Diabetes prevalence in 2024 and projection to 2050 (20–79 years),0.8469,"While the world’s population is estimated to grow
25% over the next 25 years, the number of people
with diabetes is estimated to increase by 45%
(Map 3.1, Table 3.1, Map 3.2). This 11th edition of the IDF Diabetes Atlas provides
estimates for diabetes in 2024 and projected
estimates for 2050. The estimates include diagnosed
and undiagnosed diabetes for adults aged 20–79. Worldwide, a total of 589 million adults aged 20–79
are estimated to have diabetes (11.1% of all adults in
this age group). By 2050, the number of adults living
with diabetes will rise to a projected 852.5 million. Map 3.1 Estimated number of adults (20–79 years) with diabetes by country, 2024. < 100 thousand 100-<500 thousand 500 thousand-<1 million 1 - <10 million
10-<20 million
≥ 20 million
No estimates 3.1 Diabetes prevalence in 2024 and projection to 2050 (20–79 years)"
small-local-384,idf_en_prevalence_rephrased,5,IDF_Diabetes_Atlas_11th_Edition_2025_WEB_p92_c229,not_relevant,,,unjudged,unjudged,deterministic certified source/page/section/anchor match,certified_anchor_oracle,not_relevant,IDF_Diabetes_Atlas_11th_Edition_2025_WEB.pdf,92,"Figure 4.5 Estimated prevalence (%) of diabetes by age and sex, IDF South and Central America
Region 2024.",0.8407,"| At a glance |  |  |
| --- | --- | --- |
|  | 2024 | 2050 |
| Adult population (20-79 years) | 1.74b | 1.72b |
| Diabetes (20-79 years) |  |  |
| Regional prevalence | 12.4% | 14.7% |
| Age-standardised prevalence | 11.1% | 12.8% |
| Number of people with diabetes (20-79 years) | 215m | 254m |
| Number of deaths due to diabetes (20-79 years) | 1.2m |  |
| Healthcare expenditure due to diabetes (20-79 years) |  |  |
| Total healthcare expenditure, USD | 246.3b | 237.7b |
| Impaired glucose tolerance (20-79 years) |  |  |
| Regional prevalence | 14.4% | 15.5% |
| Age-standardised prevalence | 13.5% | 14.3% |
| Number of people with impaired glucose tolerance | 251m | 268m |
| Impaired fasting glucose (20-79 years) |  |  |
| Regional prevalence | 9.1% | 9.9% |
| Age-standardised prevalence | 8.6% | 9.2% |
| Number of people with impaired glucose tolerance | 160m | 171m |
| Undiagnosed diabetes (20-79 years) |  |  |
| Regional proportion | 50.0% |  |
| Number of people with undiagnosed diabetes | 108m |  |
| Type 1 diabetes (all age groups) |  |  |
| Number of people with type 1 diabetes | 991,000 |  |"
small-local-384,idf_ar_prevalence_rephrased,1,IDF_Diabetes_Atlas_11th_Edition_2025_WEB_p46_c118,relevant,,,unjudged,unjudged,deterministic certified source/page/section/anchor match,certified_anchor_oracle,relevant,IDF_Diabetes_Atlas_11th_Edition_2025_WEB.pdf,46,Key messages:,0.8806,"Key messages:

An estimated 589 million adults aged 20–79 years
are living with diabetes. This represents 11.1% of
the world’s population in this age group.

The total number of adults living with diabetes is
predicted to rise to 853 million (13%) by 2050.

An estimated 252 million adults living with diabetes
are unaware they have the condition.

One in four adults (158 million) living with diabetes
are aged over 65.

An estimated 635 million adults aged 20–79 years
are living with impaired glucose tolerance (12%).

Over USD 1 trillion was spent on diabetes in 2024.
This represents 12% of global health expenditure.

Over 3.4 million people died as a result of diabetes
in 2024. This corresponds to 9.3% of global deaths
from all causes.

An estimated 9.1 million people are living with type
1 diabetes. The majority (69%) are aged 20-59.

An estimated 1 in 5 live births (23 million) are
affected by some form of hyperglycaemia
in pregnancy.

IDF Diabetes Atlas 11th Edition - 2025 | diabetesatlas.org | 41
IDF Diabetes Atlas 11th Edition - 2025 | diabetesatlas.org | 41"
small-local-384,idf_ar_prevalence_rephrased,2,IDF_Diabetes_Atlas_11th_Edition_2025_WEB_p53_c136,not_relevant,,,unjudged,unjudged,deterministic certified source/page/section/anchor match,certified_anchor_oracle,not_relevant,IDF_Diabetes_Atlas_11th_Edition_2025_WEB.pdf,53,"Figure 3.2 Prevalence of diabetes among men and women (20–79 years), 2024.",0.8486,"|  | 2024 | 2050 |
| --- | --- | --- |
| Adult population (65-99 years) | 667.8 million | 1.1 billion |
| Prevalence (65-99 years) | 23.7% | 24.3% |
| Number of people over 65 with diabetes (65–99 years) | 158.3 million | 278 million |"
small-local-384,idf_ar_prevalence_rephrased,3,IDF_Diabetes_Atlas_11th_Edition_2025_WEB_p92_c229,not_relevant,,,unjudged,unjudged,deterministic certified source/page/section/anchor match,certified_anchor_oracle,not_relevant,IDF_Diabetes_Atlas_11th_Edition_2025_WEB.pdf,92,"Figure 4.5 Estimated prevalence (%) of diabetes by age and sex, IDF South and Central America
Region 2024.",0.8476,"| At a glance |  |  |
| --- | --- | --- |
|  | 2024 | 2050 |
| Adult population (20-79 years) | 1.74b | 1.72b |
| Diabetes (20-79 years) |  |  |
| Regional prevalence | 12.4% | 14.7% |
| Age-standardised prevalence | 11.1% | 12.8% |
| Number of people with diabetes (20-79 years) | 215m | 254m |
| Number of deaths due to diabetes (20-79 years) | 1.2m |  |
| Healthcare expenditure due to diabetes (20-79 years) |  |  |
| Total healthcare expenditure, USD | 246.3b | 237.7b |
| Impaired glucose tolerance (20-79 years) |  |  |
| Regional prevalence | 14.4% | 15.5% |
| Age-standardised prevalence | 13.5% | 14.3% |
| Number of people with impaired glucose tolerance | 251m | 268m |
| Impaired fasting glucose (20-79 years) |  |  |
| Regional prevalence | 9.1% | 9.9% |
| Age-standardised prevalence | 8.6% | 9.2% |
| Number of people with impaired glucose tolerance | 160m | 171m |
| Undiagnosed diabetes (20-79 years) |  |  |
| Regional proportion | 50.0% |  |
| Number of people with undiagnosed diabetes | 108m |  |
| Type 1 diabetes (all age groups) |  |  |
| Number of people with type 1 diabetes | 991,000 |  |"
small-local-384,idf_ar_prevalence_rephrased,4,IDF_Diabetes_Atlas_11th_Edition_2025_WEB_p86_c215,not_relevant,,,unjudged,unjudged,deterministic certified source/page/section/anchor match,certified_anchor_oracle,not_relevant,IDF_Diabetes_Atlas_11th_Edition_2025_WEB.pdf,86,"Figure 4.4 Estimated prevalence (%) of diabetes by age and sex, IDF North America and
Caribbean Region 2024.",0.8425,"| At a glance |  |  |
| --- | --- | --- |
|  | 2024 | 2050 |
| Adult population (20-79 years) | 373m | 415m |
| Diabetes (20-79 years) |  |  |
| Regional prevalence | 15.1% | 16.4% |
| Age-standardised prevalence | 13.8% | 15.3% |
| Number of people with diabetes (20-79 years) | 56m | 68m |
| Number of deaths due to diabetes (20-79 years) | 526,000 |  |
| Healthcare expenditure due to diabetes (20-79 years) |  |  |
| Total healthcare expenditure, USD | 439b | 446b |
| Impaired glucose tolerance (20-79 years) |  |  |
| Regional prevalence | 12.5% | 13.3% |
| Age-standardised prevalence | 11.6% | 12.6% |
| Number of people with impaired glucose tolerance | 47m | 55m |
| Impaired fasting glucose (20-79 years) |  |  |
| Regional prevalence | 14.2% | 14.8% |
| Age-standardised prevalence | 13.6% | 14.3% |
| Number of people with impaired glucose tolerance | 53m | 62m |
| Undiagnosed diabetes (20-79 years) |  |  |
| Regional proportion | 29.1% |  |
| Number of people with undiagnosed diabetes | 16m |  |
| Type 1 diabetes (all age groups) |  |  |
| Number of people with type 1 diabetes | 1.9m |  |"
small-local-384,idf_ar_prevalence_rephrased,5,IDF_Diabetes_Atlas_11th_Edition_2025_WEB_p82_c205,not_relevant,,,unjudged,unjudged,deterministic certified source/page/section/anchor match,certified_anchor_oracle,not_relevant,IDF_Diabetes_Atlas_11th_Edition_2025_WEB.pdf,82,"Figure 4.2 Estimated prevalence (%) of diabetes by age and sex, IDF Europe Region 2024.",0.8422,"| At a glance |  |  |
| --- | --- | --- |
|  | 2024 | 2050 |
| Adult population (20-79 years) | 672m | 659m |
| Diabetes (20-79 years) |  |  |
| Regional prevalence | 9.8% | 11.0% |
| Age-standardised prevalence | 8.0% | 9.4% |
| Number of people with diabetes (20-79 years) | 66m | 72m |
| Number of deaths due to diabetes (20-79 years) | 433,000 |  |
| Healthcare expenditure due to diabetes (20-79 years) |  |  |
| Total healthcare expenditure, USD | 193b | 179b |
| Impaired glucose tolerance (20-79 years) |  |  |
| Regional prevalence | 6.8% | 7.0% |
| Age-standardised prevalence | 5.9% | 6.2% |
| Number of people with impaired glucose tolerance | 45.9m | 46.2m |
| Impaired fasting glucose (20-79 years) |  |  |
| Regional prevalence | 5.9% | 6.0% |
| Age-standardised prevalence | 5.3% | 5.7% |
| Number of people with impaired glucose tolerance | 39.7m | 40.4m |
| Undiagnosed diabetes (20-79 years) |  |  |
| Regional proportion | 33.6% |  |
| Number of people with undiagnosed diabetes | 22m |  |
| Type 1 diabetes (all age groups) |  |  |
| Number of people with type 1 diabetes | 2.7m |  |"
small-local-384,idf_ar_undiagnosed,1,IDF_Diabetes_Atlas_11th_Edition_2025_WEB_p56_c146,not_relevant,,,unjudged,unjudged,deterministic certified source/page/section/anchor match,certified_anchor_oracle,not_relevant,IDF_Diabetes_Atlas_11th_Edition_2025_WEB.pdf,56,3.3 Undiagnosed diabetes,0.8162,"Globally, more than four in ten adults with diabetes
in 2024 were unaware that they have the condition.
This translates to 252 million people living with
undiagnosed – and therefore untreated – diabetes,
placing them at increased risk of complications and
premature death. Thus, there is a clear need to scale
up screening programmes and high-quality, person-
centred health services, especially in low- and middle-
income countries, where over 85% of people with
undiagnosed diabetes live. Table 3.10 Adults (20–79 years) with undiagnosed diabetes in IDF Regions in 2024, sorted by
proportion undiagnosed from highest to lowest. IDF: International Diabetes Federation; AFR: Africa; EUR: Europe; MENA: Middle East and North Africa; NAC: North America and Caribbean; SACA:
South and Central America; SEA: South-East Asia; WP: Western Pacific IDF Diabetes Atlas 11th Edition - 2025 | diabetesatlas.org | 51"
small-local-384,idf_ar_undiagnosed,2,IDF_Diabetes_Atlas_11th_Edition_2025_WEB_p46_c118,relevant,,,unjudged,unjudged,deterministic certified source/page/section/anchor match,certified_anchor_oracle,relevant,IDF_Diabetes_Atlas_11th_Edition_2025_WEB.pdf,46,Key messages:,0.7782,"Key messages:

An estimated 589 million adults aged 20–79 years
are living with diabetes. This represents 11.1% of
the world’s population in this age group.

The total number of adults living with diabetes is
predicted to rise to 853 million (13%) by 2050.

An estimated 252 million adults living with diabetes
are unaware they have the condition.

One in four adults (158 million) living with diabetes
are aged over 65.

An estimated 635 million adults aged 20–79 years
are living with impaired glucose tolerance (12%).

Over USD 1 trillion was spent on diabetes in 2024.
This represents 12% of global health expenditure.

Over 3.4 million people died as a result of diabetes
in 2024. This corresponds to 9.3% of global deaths
from all causes.

An estimated 9.1 million people are living with type
1 diabetes. The majority (69%) are aged 20-59.

An estimated 1 in 5 live births (23 million) are
affected by some form of hyperglycaemia
in pregnancy.

IDF Diabetes Atlas 11th Edition - 2025 | diabetesatlas.org | 41
IDF Diabetes Atlas 11th Edition - 2025 | diabetesatlas.org | 41"
small-local-384,idf_ar_undiagnosed,3,IDF_Diabetes_Atlas_11th_Edition_2025_WEB_p55_c141,not_relevant,,,unjudged,unjudged,deterministic certified source/page/section/anchor match,certified_anchor_oracle,not_relevant,IDF_Diabetes_Atlas_11th_Edition_2025_WEB.pdf,55,3.2 Diabetes prevalence in older adults in 2024 and projection to 2050,0.7694,"Across low-income, middle-income, and high-income
countries, 58.7%, 45.5%, and 28.9% of adults living
with diabetes are undiagnosed (Table 3.9). Globally,
86.9% of all people with undiagnosed diabetes live in
low- and middle-income countries, home to four-fifths
of the world’s population. 5 Early diagnosis and the timely initiation of treatment
are crucial for individuals with diabetes to prevent
or delay complications, avoid premature death, 50 | IDF Diabetes Atlas 11th Edition - 2025 | diabetesatlas.org"
small-local-384,idf_ar_undiagnosed,4,IDF_Diabetes_Atlas_11th_Edition_2025_WEB_p57_c148,not_relevant,,,unjudged,unjudged,deterministic certified source/page/section/anchor match,certified_anchor_oracle,not_relevant,IDF_Diabetes_Atlas_11th_Edition_2025_WEB.pdf,57,3.3 Undiagnosed diabetes,0.7593,"Map 3.4 Proportion of adults (20–79 years) with undiagnosed diabetes by country in 2024.

<24%

35-<45%

45-<55%

55-<64%
≥ 65%
No estimates

Table 3.11 Top 10 countries with the largest number of adults (20–79 years) with undiagnosed
diabetes in 2024.

52 | IDF Diabetes Atlas 11th Edition - 2025 | diabetesatlas.org"
small-local-384,idf_ar_undiagnosed,5,Guidance_on_global_monitoring_for_diabet_p71_c155,not_relevant,,,unjudged,unjudged,deterministic certified source/page/section/anchor match,certified_anchor_oracle,not_relevant,"Guidance on global monitoring for diabetes prevention and control Framework, indicators and application.pdf",71,Outcomes and impacts,0.747,"Outcomes and impacts

General population. Population with diabetes.

59"
small-local-384,idf_en_expenditure_rephrased,1,IDF_Diabetes_Atlas_11th_Edition_2025_WEB_p66_c169,not_relevant,,,unjudged,unjudged,deterministic certified source/page/section/anchor match,certified_anchor_oracle,not_relevant,IDF_Diabetes_Atlas_11th_Edition_2025_WEB.pdf,66,"In 2024, the total global
diabetes-related health
expenditure exceeded
one trillion USD for the
first time.",0.8258,"Figure 3.7 Total diabetes-related health expenditure for adults (20–79 years) with diabetes from
2006 to 2050. 1200 1000 800 USD billion 600 400 200 0 2006
2009
2011
2013
2015
2017
2019
2021
2024
2050 Year Regional distribution Expenditure due to diabetes has a substantial
impact on total health expenditure worldwide,
representing 11.9% of total global health spending.
In the SACA Region, an average of 22.4% of the
total health expenditure was due to diabetes, the
highest percentage of the IDF Regions, followed by
17.0% in the MENA Region. The lowest percentage
of health expenditure due to diabetes was
observed in the EUR Region (8.8%) (Figure 3.10)."
small-local-384,idf_en_expenditure_rephrased,2,IDF_Diabetes_Atlas_11th_Edition_2025_WEB_p65_c168,not_relevant,,,unjudged,unjudged,deterministic certified source/page/section/anchor match,certified_anchor_oracle,not_relevant,IDF_Diabetes_Atlas_11th_Edition_2025_WEB.pdf,65,3.7 The economic impact of diabetes,0.7921,"This represents a 338% increase over 17 years. Part
of this increase can be attributed to improved data
quality. The direct costs of diabetes are expected to
continue to grow. IDF estimates that total diabetes-
related health expenditure will reach USD 1.043
trillion by 2050. This projection is conservative as
it considers only population size, ageing, changes
in sex distribution and urbanisation and assumes
that age and sex-specific diabetes prevalence and
diabetes-related expenditure remain constant. 60 | IDF Diabetes Atlas 11th Edition - 2025 | diabetesatlas.org"
small-local-384,idf_en_expenditure_rephrased,3,IDF_Diabetes_Atlas_11th_Edition_2025_WEB_p71_c180,not_relevant,,,unjudged,unjudged,deterministic certified source/page/section/anchor match,certified_anchor_oracle,not_relevant,IDF_Diabetes_Atlas_11th_Edition_2025_WEB.pdf,71,"Map 3.8 Total diabetes-related health expenditure (USD) by country for adults (20–79 years) with
diabetes in 2024.",0.788,"Map 3.8 Total diabetes-related health expenditure (USD) by country for adults (20–79 years) with
diabetes in 2024.

<50 million

10-<50 million

50-<200 million

200 million-<1 billion
≥ 1 billion

No estimates

Map 3.9 Diabetes-related health expenditure (USD) by country per adult (20–79 years) with
diabetes in 2024.

<250

250-<500

500-<1,000

1,000-<2,000

2,000-<5,000
≥ 5,000
No estimates

66 | IDF Diabetes Atlas 11th Edition - 2025 | diabetesatlas.org"
small-local-384,idf_en_expenditure_rephrased,4,IDF_Diabetes_Atlas_11th_Edition_2025_WEB_p41_c108,not_relevant,,,unjudged,unjudged,deterministic certified source/page/section/anchor match,certified_anchor_oracle,not_relevant,IDF_Diabetes_Atlas_11th_Edition_2025_WEB.pdf,41,"2.12 Estimating diabetes prevalence
for type 1 diabetes across all
age groups",0.7807,"The diabetes-related health expenditure estimates
are presented in US dollars (USD), and in international
dollars (ID), as well as a percentage of total health
expenditures and of gross domestic product
(GDP). IDs account for local purchasing power and
facilitate direct cross-country comparisons of health
expenditures. Health expenditures for diabetes as a
percentage of total health expenditures and of GDP
reflect the direct economic burden of diabetes to
a national economy. Adult incidence data were derived from 30 studies
from 21 countries and used to estimate incidence as a
function of age, assuming a similar pattern of age of
onset across countries. Estimates for countries in
Sub-Saharan Africa were produced separately due
to the later peak age of onset in that region. 32,34 36 | IDF Diabetes Atlas 11th Edition - 2025 | diabetesatlas.org"
small-local-384,idf_en_expenditure_rephrased,5,Availability__price_and_affordability_of_p46_c122,not_relevant,,,unjudged,unjudged,deterministic certified source/page/section/anchor match,certified_anchor_oracle,not_relevant,"Availability, price and affordability of health technologies for the management of diabetes.pdf",46,References,0.7748,"References 1.
Worldwide trends in diabetes prevalence and treatment from 1990 to 2022: a pooled analysis of 1108 population-
representative studies with 141 million participants. Zhou, Bin et al. The Lancet, Volume 404, Issue 10467, 2077 -
20931. Availability, price and affordability of health technologies for the management of diabetes 2.
World Health Oragnization. Diabetes. 2024. https://www.who.int/news-room/fact-sheets/detail/diabetes (accessed
25 April 2023). 3.
Green A, Hede SM, Patterson CC, et al. Type 1 diabetes in 2017: global estimates of incident and prevalent cases in
children and adults. Diabetologia 2021; 64(12): 2741-50. 4.
Basu S, Yudkin JS, Kehlenbrink S, et al. Estimation of global insulin use for type 2 diabetes, 2018-30: a
microsimulation analysis. The lancet Diabetes & endocrinology 2018. 5.
World Health Oragnization. WHO list of priority medical devices for management of cardiovascular diseases and
diabetes. Geneva: World Health Organization, 2021. https://iris.who.int/handle/10665/341967 6.
World Health Oragnization. Priority Medical Devices Information System. 2024. https://medevis.who-
healthtechnologies.org/ (accessed 4 March 2024)."
small-local-384,idf_ar_regions,1,IDF_Diabetes_Atlas_11th_Edition_2025_WEB_p35_c94,not_relevant,,,unjudged,unjudged,deterministic certified source/page/section/anchor match,certified_anchor_oracle,not_relevant,IDF_Diabetes_Atlas_11th_Edition_2025_WEB.pdf,35,"2.3 Estimating diabetes prevalence
and projections for the future",0.6518,"Country prevalence estimates were then aggregated
to produce estimates for the seven IDF Regions
and for countries in the four World Bank income
classification categories. The UNPD World Population Prospects (2022 Revision)
estimates were used to transform prevalence
estimates into the number of people with diabetes
for each nation. To project diabetes estimates forward
to the year 2050, the population projection for 2050
from the UNPD for each country was used. The 2050
diabetes projection assumes that diabetes prevalence
does not change for each age group but considers the
changes in population age structure and degree of
urbanisation. 7 This approach is likely to underestimate
future diabetes prevalence as it does not take into
account an increasing prevalence of obesity and other
risk factors, independent of age and urbanisation,
known to result in a higher diabetes incidence. 30 | IDF Diabetes Atlas 11th Edition - 2025 | diabetesatlas.org"
small-local-384,idf_ar_regions,2,IDF_Diabetes_Atlas_11th_Edition_2025_WEB_p35_c91,not_relevant,,,unjudged,unjudged,deterministic certified source/page/section/anchor match,certified_anchor_oracle,not_relevant,IDF_Diabetes_Atlas_11th_Edition_2025_WEB.pdf,35,"2.3 Estimating diabetes prevalence
and projections for the future",0.6417,"2.3 Estimating diabetes prevalence
and projections for the future 2.4 Extrapolating data One-third of countries or territories with more than
50,000 habitants (62 countries out of 215 countries or
territories, 29%) do not have in-country data sources
on diabetes prevalence that fulfil the IDF Diabetes
Atlas inclusion criteria. Under such circumstances,
estimates were generated by extrapolation using
diabetes prevalence data from countries that are
similar in ethnicity, 8 language, 9 World Bank income
classification, 10 and geographic location. Smoothed age- and sex-specific prevalence estimates
for each selected data source were produced using
a logistic regression model. If more than one data source was available for
an individual country, the country-level diabetes
estimates were derived as the average prevalence
estimated from the various data sources, each
weighted by the analytical hierarchy process quality
score. This permitted the higher-quality studies to
contribute more to the final country estimate. The
details of the logistic regression model have been
described in a previous publication, 4 ."
small-local-384,idf_ar_regions,3,IDF_Diabetes_Atlas_11th_Edition_2025_WEB_p36_c95,not_relevant,,,unjudged,unjudged,deterministic certified source/page/section/anchor match,certified_anchor_oracle,not_relevant,IDF_Diabetes_Atlas_11th_Edition_2025_WEB.pdf,36,2.6 Standardisation of estimates,0.6374,"2.6 Standardisation of estimates These were produced by standardising 2024
prevalence estimates from each country to the age
structure of the UN Population Division’s estimated
world population (2022 Revision). They are referred
to as age-standardised and indicated with a footnote:
‘standardised to world population’. This latter
standardisation approach removes the effect of
differences in the age structure between countries.
The age-standardised diabetes prevalence in 2050 was
calculated using the UN projected global age structure
for 2050. 6 It is important to appreciate that the IDF Diabetes
Atlas presents two sets of prevalence estimates
for diabetes, impaired glucose tolerance (IGT),
and impaired fasting glucose (IFG) for each country
in 2024. The first set is calculated by applying the computed
age-, sex- and urbanisation-specific prevalence rates
from the literature to the country’s 2024 age-, sex- and
urban/rural setting distribution as estimated by the
UN Population Division, World Population Prospects
(2024 Revision). 6,12"
small-local-384,idf_ar_regions,4,IDF_Diabetes_Atlas_11th_Edition_2025_WEB_p70_c179,not_relevant,,,unjudged,unjudged,deterministic certified source/page/section/anchor match,certified_anchor_oracle,not_relevant,IDF_Diabetes_Atlas_11th_Edition_2025_WEB.pdf,70,"Figure 3.12 Diabetes-related health expenditure as a percentage of Gross Domestic Product
(GDP) by World Bank income classification, 2024.",0.6334,"| Rank | Country or territory | Total diabetes-rel (USD billion) in ad | ated health expenditure in 2024 ults (20-79 years) |
| --- | --- | --- | --- |
| Highest |  |  |  |
| 1 | United States of America |  | 404.5 |
| 2 | China |  | 168.9 |
| 3 | Brazil | 45.1 |  |
| 4 | Germany | 40.4 |  |
| 5 | Japan | 34.0 |  |
| 6 | United Kingdom | 23.6 |  |
| 7 | France | 22.5 |  |
| 8 | Mexico | 19.5 |  |
| 9 | Argentina | 15.4 |  |
| 10 | Italy | 15.4 |  |
| Lowest |  |  |  |
| 1 | Niue | 0.8 |  |
| 2 | Nauru | 1.7 |  |
| 3 | Tuvalu | 2.1 |  |
| 4 | Tonga | 4.5 |  |
| 5 | St Kitts and Nevis | 5.6 |  |
| 6 | St Vincent and the Grenadines | 5.9 |  |
| 7 | Gambia | 5.9 |  |
| 8 | Sao Tome and Principe | 6.3 |  |
| 9 | Seychelles | 6.6 |  |
| 10 | Comoros | 7.1 |  |"
small-local-384,idf_ar_regions,5,IDF_Diabetes_Atlas_11th_Edition_2025_WEB_p79_c198,not_relevant,,,unjudged,unjudged,deterministic certified source/page/section/anchor match,certified_anchor_oracle,not_relevant,IDF_Diabetes_Atlas_11th_Edition_2025_WEB.pdf,79,Key messages:,0.6226,"Diabetes in Africa
2024 Estimates are provided for 49 Sub-Saharan African
countries and territories in the IDF Africa (AFR) Region.
For this edition of the IDF Diabetes Atlas, a total of
35 data sources from 27 countries met the inclusion
criteria. About half (45%) of the countries in the IDF
AFR Region lack high-quality, in-country data sources.
Only three countries (Cape Verde, Gambia and Sao
Tome and Principe) had studies conducted within
the past five years. Map 4.1 Age-standardised prevalence
(%) of diabetes (20–79 years), IDF Africa
Region 2024. Despite the lowest prevalence estimate of 5.0%
among IDF Regions, the expected increase in the
number of people with diabetes by 2050 is the
highest at 142%, reaching 60 million. The AFR Region
is also predicted to have the highest increase in the
number of people with impaired glucose tolerance
and impaired fasting glucose by 2050, reaching 135
million (138% increase) and 88 million (134% increase)
respectively. The proportion of undiagnosed diabetes
is also highest of all the IDF Regions at 72.6%. <5% 5-<6% 6-<7% ≥ 7%"
small-local-384,who_en_recommendation_count,1,WHO_recommendations_on_care_for_women_wi_p22_c47,not_relevant,,,unjudged,unjudged,deterministic certified source/page/section/anchor match,certified_anchor_oracle,not_relevant,WHO recommendations on care for women with diabetes during pregnancy.pdf,22,"2.2.2 Evidence on values, resource use and cost–effectiveness, equity and
human rights, acceptability and feasibility",0.8165,"WHO recommendations on care for women with diabetes during pregnancy 2.2 Evidence identification and retrieval Evidence to support the development of the guideline recommendations was derived from several sources by the systematic review teams working in collaboration with the WHO Steering Group. 2.2.1 Evidence on effectiveness To inform the development of the recommendations, WHO commissioned a set of three de novo systematic reviews on the management of diabetes during pregnancy, one of which covered nine priority questions. External groups of systematic reviewers were asked to prepare review protocols with clear PICO questions and criteria for identification of studies, including search strategies for different bibliographic databases, methods for assessing risk of bias and a data analysis plan (19–21). The WHO Steering Group and the guideline methodologists reviewed and endorsed the protocols before the systematic reviews were conducted. The search strategies employed to identify the studies and the specific criteria for inclusion and exclusion of studies are described in the individual systematic reviews. Studies from low-, middle- and high-"
small-local-384,who_en_recommendation_count,2,WHO_recommendations_on_care_for_women_wi_p1_c0,not_relevant,,,unjudged,unjudged,deterministic certified source/page/section/anchor match,certified_anchor_oracle,not_relevant,WHO recommendations on care for women with diabetes during pregnancy.pdf,1,,0.8136,"WHO recommendations on
care for women with diabetes

during pregnancy"
small-local-384,who_en_recommendation_count,3,WHO_recommendations_on_care_for_women_wi_p3_c1,not_relevant,,,unjudged,unjudged,deterministic certified source/page/section/anchor match,certified_anchor_oracle,not_relevant,WHO recommendations on care for women with diabetes during pregnancy.pdf,3,,0.8136,"WHO recommendations on
care for women with diabetes

during pregnancy"
small-local-384,who_en_recommendation_count,4,WHO_recommendations_on_care_for_women_wi_p72_c189,not_relevant,,,unjudged,unjudged,deterministic certified source/page/section/anchor match,certified_anchor_oracle,not_relevant,WHO recommendations on care for women with diabetes during pregnancy.pdf,72,"Annex 3.
Summary and management
of declared interests from
GDG members",0.8068,"WHO recommendations on care for women with diabetes during pregnancy

56"
small-local-384,who_en_recommendation_count,5,WHO_recommendations_on_care_for_women_wi_p11_c18,not_relevant,,,unjudged,unjudged,deterministic certified source/page/section/anchor match,certified_anchor_oracle,not_relevant,WHO recommendations on care for women with diabetes during pregnancy.pdf,11,Executive Summary,0.8055,"detected in pregnancy, but did not provide recommendations on diabetes management (6). The WHO 2016 antenatal care guidelines identified this as a priority research area, particularly in low- and middle-income countries (10). In a review of pregnancy-specific guidelines, 25 guidelines relating to diabetes in pregnancy were found (25 addressed GDM and four addressed type 1 and/or type 2 diabetes), of which 18 were from upper middle- or high-income countries, two were from low- and middle-income countries, and five were from international societies (11). Given that the disease burden of diabetes is global, with most cases in low- and middle-income countries, guidelines applicable to these environments are needed."
small-local-384,who_ar_monitoring_scope,1,WHO_recommendations_on_care_for_women_wi_p11_c18,not_relevant,,,unjudged,unjudged,deterministic certified source/page/section/anchor match,certified_anchor_oracle,not_relevant,WHO recommendations on care for women with diabetes during pregnancy.pdf,11,Executive Summary,0.8094,"detected in pregnancy, but did not provide recommendations on diabetes management (6). The WHO 2016 antenatal care guidelines identified this as a priority research area, particularly in low- and middle-income countries (10). In a review of pregnancy-specific guidelines, 25 guidelines relating to diabetes in pregnancy were found (25 addressed GDM and four addressed type 1 and/or type 2 diabetes), of which 18 were from upper middle- or high-income countries, two were from low- and middle-income countries, and five were from international societies (11). Given that the disease burden of diabetes is global, with most cases in low- and middle-income countries, guidelines applicable to these environments are needed."
small-local-384,who_ar_monitoring_scope,2,WHO_recommendations_on_care_for_women_wi_p27_c61,relevant,,,unjudged,unjudged,deterministic certified source/page/section/anchor match,certified_anchor_oracle,relevant,WHO recommendations on care for women with diabetes during pregnancy.pdf,27,3,0.8065,"3 Recommendations
and supporting
evidence The GDG issued 27 recommendations – four on care for all women with diabetes (type 1, type 2 or gestational) during pregnancy, six on glucose monitoring, two on pharmacological treatment for pregnant women with type 1 diabetes, four on pharmacological treatment for pregnant women with type 2 diabetes and two on pharmacological treatment for women with GDM, and nine on additional monitoring and assessments. This section outlines the recommendations corresponding to the priority questions. To ensure that the recommendations are correctly understood and appropriately implemented in 11 practice, additional ‘remarks’ reflecting the summary of the discussions by the GDG are included. The recommendations should be applied in conjunction with the implementation considerations. The EtD frameworks – presenting the available effectiveness evidence, the balance between the desirable and undesirable effects, values of stakeholders, resource requirements, cost–effectiveness, acceptability, feasibility and equity, and human rights that were considered in formulating each recommendation – are presented separately in the web annexes to this guideline."
small-local-384,who_ar_monitoring_scope,3,WHO_recommendations_on_care_for_women_wi_p34_c85,not_relevant,,,unjudged,unjudged,deterministic certified source/page/section/anchor match,certified_anchor_oracle,not_relevant,WHO recommendations on care for women with diabetes during pregnancy.pdf,34,"3.1.2
Glucose monitoring",0.7987,"and limited empirical evidence on the harms and benefits of different modes of glucose monitoring during pregnancy, these recommendations provide guidance on the appropriate mode of monitoring for the different types of diabetes."
small-local-384,who_ar_monitoring_scope,4,WHO_recommendations_on_care_for_women_wi_p17_c37,not_relevant,,,unjudged,unjudged,deterministic certified source/page/section/anchor match,certified_anchor_oracle,not_relevant,WHO recommendations on care for women with diabetes during pregnancy.pdf,17,1.1 1 Introduction,0.7825,"of pregnancy-specific guidelines, 25 guidelines relating to diabetes in pregnancy were found (25 addressed GDM and four addressed type 1 and/or type 2 diabetes) of which 18 were from upper middle- or high-income countries, two were from low- and middle-income countries, and five were from international societies (11). Given that the disease burden of diabetes is global, with most cases in low- and middle-income countries, guidelines applicable to these environments are needed."
small-local-384,who_ar_monitoring_scope,5,WHO_recommendations_on_care_for_women_wi_p34_c84,not_relevant,,,unjudged,unjudged,deterministic certified source/page/section/anchor match,certified_anchor_oracle,not_relevant,WHO recommendations on care for women with diabetes during pregnancy.pdf,34,"3.1.2
Glucose monitoring",0.7726,"•
Indirect evidence from the same review (16) suggests that some health-care providers would like more 18 specialized training to better understand diabetes management during pregnancy ( moderate confidence ). 3.1.2
Glucose monitoring Mode of glucose monitoring Recommendations 5
For pregnant women with type 1, type 2 or gestational diabetes, recommend SMBG in addition to routine care, where feasible. 6
For pregnant women with type 1 diabetes, recommend the use of a CGM system, where feasible. 7
For pregnant women with type 2 or gestational diabetes, do not routinely recommend use of a CGM system. Rationale •
Regular monitoring of blood glucose levels, and recognizing when they are low or high, is crucial to managing diabetes during pregnancy and preventing complications. Women using insulin or other glucose-lowering agents require more frequent monitoring. •
The GDG noted that SMBG has been standard care for people with type 1 diabetes since the mid- to late- 1980s and it is unethical not to offer it in this population. •
In the context of potential harm to the developing baby from both hypoglycaemia and hyperglycaemia"
small-local-384,who_en_individualized_care,1,WHO_recommendations_on_care_for_women_wi_p38_c95,relevant,,,unjudged,unjudged,deterministic certified source/page/section/anchor match,certified_anchor_oracle,relevant,WHO recommendations on care for women with diabetes during pregnancy.pdf,38,"3.1.2
Glucose monitoring",0.8005,"WHO recommendations on care for women with diabetes during pregnancy available, a target fasting blood glucose of ≤7 mmol/L (126 mg/dl) and a postprandial plasma glucose of ≤9 mmol/L (45) can serve as surrogates. However, an individualized approach is encouraged in setting the patient’s target level for glycaemic control, taking into account their comorbidities, risks from medication side-effects and likely benefit from tight glycaemic control in view of life expectancy (46). •
In the context of limited empirical evidence, the GDG developed this recommendation based on the potential harm to the developing baby from hypoglycaemia and hyperglycaemia and the importance of glucose monitoring as noted in Recommendation 5. Remarks Benefits and harms •
The systematic review conducted to inform this guideline found that for women with type 1 diabetes: –
for very tight glycaemic targets (fasting plasma glucose [FPG] 3.33 to 5.00 mmol/L [60 to 90 mg/dL]) versus moderately tight glycaemic targets (FPG 5.27 to 6.38 mmol/L [95 to 115 mg/dL]), there was no evidence of benefit and possible increases in the percentage of days with maternal hypoglycaemia"
small-local-384,who_en_individualized_care,2,WHO_recommendations_on_care_for_women_wi_p42_c108,not_relevant,,,unjudged,unjudged,deterministic certified source/page/section/anchor match,certified_anchor_oracle,not_relevant,WHO recommendations on care for women with diabetes during pregnancy.pdf,42,"3.1.3
Pharmacological treatment",0.7592,"•
The GDG acknowledged that, while some women with type 2 diabetes may maintain optimal blood glucose levels with diet and physical activity alone before becoming pregnant, a woman’s insulin requirement increases during the second and third trimesters of pregnancy (47). In this context, some women may need to 26 initiate a glucose-lowering agent to optimize blood glucose control and outcomes for the woman and baby. Remarks Choice of glucose-lowering agent •
The GDG acknowledged that there is no clear difference in benefits and harms between metformin and insulin during pregnancy (see below), and clinical practices and availability of medications are highly variable. The choice of glucose-lowering agent for pregnant women with type 2 diabetes will be based on the woman’s experiences of medication before becoming pregnant, her glycaemic control during pregnancy, local availability and expertise, and her values and preferences. •
The GDG noted that many blood-glucose lowering agents are either not recommended for use in pregnancy or do not have adequate safety data in pregnancy (e.g. glucagon-like peptide-1 receptor"
small-local-384,who_en_individualized_care,3,WHO_recommendations_on_care_for_women_wi_p44_c115,not_relevant,,,unjudged,unjudged,deterministic certified source/page/section/anchor match,certified_anchor_oracle,not_relevant,WHO recommendations on care for women with diabetes during pregnancy.pdf,44,"3.1.3
Pharmacological treatment",0.7591,"•
Many blood-glucose lowering agents are either not recommended for use in pregnancy or do not have adequate safety data in pregnancy (e.g. GLP-1Ras and SGLT2 inhibitors). However, the GDG acknowledged that there may be situations where a blood-glucose lowering agent other than insulin or metformin needs to be considered (e.g. when a woman refuses insulin and metformin is not tolerated or is ineffective in achieving the woman’s glycaemic control). In these circumstances other agents, such as a sulfonylurea, may be considered after discussion of potential benefits and harms. Dosage of glucose-lowering agent •
Titration of medications for glycaemic control is individualized and guided by regular blood glucose monitoring. Stopping treatment with glucose-lowering agents •
The GDG acknowledged that usual clinical practice is to stop treatment with glucose-lowering agents soon after the birth of the baby. Due to the increased risk of type 2 diabetes in women who have experienced GDM (7), follow-up assessment of glucose tolerance is essential 6 to 12 weeks postnatally."
small-local-384,who_en_individualized_care,4,WHO_recommendations_on_care_for_women_wi_p39_c100,not_relevant,,,unjudged,unjudged,deterministic certified source/page/section/anchor match,certified_anchor_oracle,not_relevant,WHO recommendations on care for women with diabetes during pregnancy.pdf,39,"3.1.3
Pharmacological treatment",0.7503,"require additional training to better understand the management of diabetes during pregnancy ( moderate confidence ) (16). Indirect evidence from the same review also suggests that some health-care providers found different guidelines and protocols for diabetes management (including screening and monitoring) during pregnancy to be inconsistent, confusing and occasionally outdated ( moderate confidence ). 3.1.3
Pharmacological treatment Type 1 diabetes Recommendations 11
For pregnant women with type 1 diabetes, recommend continuation of the same type of insulin used before pregnancy unless a change is considered necessary to optimize blood glucose control and outcomes for the woman and baby. 12
For pregnant women with type 1 diabetes, recommend continuation of the method of insulin delivery used before pregnancy unless a change is considered necessary to optimize blood glucose control and outcomes for the woman and baby."
small-local-384,who_en_individualized_care,5,WHO_recommendations_on_care_for_women_wi_p34_c83,not_relevant,,,unjudged,unjudged,deterministic certified source/page/section/anchor match,certified_anchor_oracle,not_relevant,WHO recommendations on care for women with diabetes during pregnancy.pdf,34,"3.1.2
Glucose monitoring",0.738,"WHO recommendations on care for women with diabetes during pregnancy –
support the woman in monitoring blood glucose; –
support the woman in maintaining target glucose levels; –
effectively manage the use of insulin and/or oral glucose-lowering agents in pregnancy; –
provide individualized dietary and activity advice, education and support; –
undertake and respond to appropriate fetal surveillance. Equity and human rights •
Indirect evidence from the QES (16) indicates that specialized services may not be available in all settings, particularly in low-income contexts ( l ow confidence ). •
In addition, where specialized services are available, the additional costs associated with attendance (transportation, childcare, time away from work) may be prohibitive for some women, especially those on low incomes and/or those requiring extra clinic visits to support other aspects of their antenatal care and/ or diabetic management ( low confidence ). Feasibility •
Indirect evidence from the QES (16) suggests that health-care providers recognize the importance of inter- professional collaboration and a multidisciplinary team approach to care ( moderate confidence )."
small-local-384,who_ar_lifestyle_trial,1,WHO_recommendations_on_care_for_women_wi_p44_c113,relevant,,,unjudged,unjudged,deterministic certified source/page/section/anchor match,certified_anchor_oracle,relevant,WHO recommendations on care for women with diabetes during pregnancy.pdf,44,"3.1.3
Pharmacological treatment",0.7297,"WHO recommendations on care for women with diabetes during pregnancy Remarks Commencement of pharmacotherapy •
The GDG acknowledged that a two-week trial of diet and physical activity to achieve glycaemic control is typically conducted before considering commencement of blood glucose-lowering medication for GDM. The trials comparing different pharmacological agents included in the systematic review used a range of lengths of diet/activity (when described this ranged from 3 to 28 days, most commonly seven days). However, in some settings and for some clinical presentations (e.g. based on level of glycaemic control or maternal/fetal concerns), medication may be commenced without a trial of diet/activity. Trigger for treatment initiation or change •
In the trials comparing different pharmacological agents included in the systematic review, thresholds used for insulin initiation, treatment agent switch and dose escalation were poorly and inconsistently reported. In most studies, the trigger for FPG was 5.0 to 5.5 mmol/L (90 to 100 mg/dL), with some using stricter (3.4 to 5.0 mmol/L [60 to 90 mg/dL]) or looser (<6.1 mmol/L [<110 mg/dL]) targets. One-hour"
small-local-384,who_ar_lifestyle_trial,2,WHO_recommendations_on_care_for_women_wi_p42_c108,not_relevant,,,unjudged,unjudged,deterministic certified source/page/section/anchor match,certified_anchor_oracle,not_relevant,WHO recommendations on care for women with diabetes during pregnancy.pdf,42,"3.1.3
Pharmacological treatment",0.7214,"•
The GDG acknowledged that, while some women with type 2 diabetes may maintain optimal blood glucose levels with diet and physical activity alone before becoming pregnant, a woman’s insulin requirement increases during the second and third trimesters of pregnancy (47). In this context, some women may need to 26 initiate a glucose-lowering agent to optimize blood glucose control and outcomes for the woman and baby. Remarks Choice of glucose-lowering agent •
The GDG acknowledged that there is no clear difference in benefits and harms between metformin and insulin during pregnancy (see below), and clinical practices and availability of medications are highly variable. The choice of glucose-lowering agent for pregnant women with type 2 diabetes will be based on the woman’s experiences of medication before becoming pregnant, her glycaemic control during pregnancy, local availability and expertise, and her values and preferences. •
The GDG noted that many blood-glucose lowering agents are either not recommended for use in pregnancy or do not have adequate safety data in pregnancy (e.g. glucagon-like peptide-1 receptor"
small-local-384,who_ar_lifestyle_trial,3,WHO_recommendations_on_care_for_women_wi_p34_c85,not_relevant,,,unjudged,unjudged,deterministic certified source/page/section/anchor match,certified_anchor_oracle,not_relevant,WHO recommendations on care for women with diabetes during pregnancy.pdf,34,"3.1.2
Glucose monitoring",0.7188,"and limited empirical evidence on the harms and benefits of different modes of glucose monitoring during pregnancy, these recommendations provide guidance on the appropriate mode of monitoring for the different types of diabetes."
small-local-384,who_ar_lifestyle_trial,4,WHO_recommendations_on_care_for_women_wi_p44_c115,not_relevant,,,unjudged,unjudged,deterministic certified source/page/section/anchor match,certified_anchor_oracle,not_relevant,WHO recommendations on care for women with diabetes during pregnancy.pdf,44,"3.1.3
Pharmacological treatment",0.7159,"•
Many blood-glucose lowering agents are either not recommended for use in pregnancy or do not have adequate safety data in pregnancy (e.g. GLP-1Ras and SGLT2 inhibitors). However, the GDG acknowledged that there may be situations where a blood-glucose lowering agent other than insulin or metformin needs to be considered (e.g. when a woman refuses insulin and metformin is not tolerated or is ineffective in achieving the woman’s glycaemic control). In these circumstances other agents, such as a sulfonylurea, may be considered after discussion of potential benefits and harms. Dosage of glucose-lowering agent •
Titration of medications for glycaemic control is individualized and guided by regular blood glucose monitoring. Stopping treatment with glucose-lowering agents •
The GDG acknowledged that usual clinical practice is to stop treatment with glucose-lowering agents soon after the birth of the baby. Due to the increased risk of type 2 diabetes in women who have experienced GDM (7), follow-up assessment of glucose tolerance is essential 6 to 12 weeks postnatally."
small-local-384,who_ar_lifestyle_trial,5,WHO_recommendations_on_care_for_women_wi_p39_c100,not_relevant,,,unjudged,unjudged,deterministic certified source/page/section/anchor match,certified_anchor_oracle,not_relevant,WHO recommendations on care for women with diabetes during pregnancy.pdf,39,"3.1.3
Pharmacological treatment",0.7145,"require additional training to better understand the management of diabetes during pregnancy ( moderate confidence ) (16). Indirect evidence from the same review also suggests that some health-care providers found different guidelines and protocols for diabetes management (including screening and monitoring) during pregnancy to be inconsistent, confusing and occasionally outdated ( moderate confidence ). 3.1.3
Pharmacological treatment Type 1 diabetes Recommendations 11
For pregnant women with type 1 diabetes, recommend continuation of the same type of insulin used before pregnancy unless a change is considered necessary to optimize blood glucose control and outcomes for the woman and baby. 12
For pregnant women with type 1 diabetes, recommend continuation of the method of insulin delivery used before pregnancy unless a change is considered necessary to optimize blood glucose control and outcomes for the woman and baby."
small-local-384,who_en_care_actions,1,WHO_recommendations_on_care_for_women_wi_p1_c0,not_relevant,,,unjudged,unjudged,deterministic certified source/page/section/anchor match,certified_anchor_oracle,not_relevant,WHO recommendations on care for women with diabetes during pregnancy.pdf,1,,0.8747,"WHO recommendations on
care for women with diabetes

during pregnancy"
small-local-384,who_en_care_actions,2,WHO_recommendations_on_care_for_women_wi_p3_c1,not_relevant,,,unjudged,unjudged,deterministic certified source/page/section/anchor match,certified_anchor_oracle,not_relevant,WHO recommendations on care for women with diabetes during pregnancy.pdf,3,,0.8747,"WHO recommendations on
care for women with diabetes

during pregnancy"
small-local-384,who_en_care_actions,3,WHO_recommendations_on_care_for_women_wi_p72_c189,not_relevant,,,unjudged,unjudged,deterministic certified source/page/section/anchor match,certified_anchor_oracle,not_relevant,WHO recommendations on care for women with diabetes during pregnancy.pdf,72,"Annex 3.
Summary and management
of declared interests from
GDG members",0.8564,"WHO recommendations on care for women with diabetes during pregnancy

56"
small-local-384,who_en_care_actions,4,WHO_recommendations_on_care_for_women_wi_p36_c89,not_relevant,,,unjudged,unjudged,deterministic certified source/page/section/anchor match,certified_anchor_oracle,not_relevant,WHO recommendations on care for women with diabetes during pregnancy.pdf,36,"3.1.2
Glucose monitoring",0.84,"WHO recommendations on care for women with diabetes during pregnancy •
Although findings vary, some women with GDM find blood glucose monitoring to be a useful way of managing their condition without the use of insulin ( moderate confidence ) (37). However, some women with GDM find blood glucose monitoring to be time consuming and socially isolating ( moderate confidence ) (33), with some expressing concern about the associated pain and potential bleeding ( moderate confidence ) (33, 35). In addition, for women unused to the routine of blood glucose monitoring, there was a tendency to forget to test at regular intervals ( moderate confidence ) (38). The use of smartphone apps or health centre reminders sometimes negated this problem ( low confidence ) (38). Feasibility •
While the QES found no direct evidence regarding the feasibility of different monitoring systems from the perspective of health-care providers (16), indirect evidence suggests that some may require additional training to better understand the management of diabetes during pregnancy ( moderate confidence ) and that some find guidelines and protocols for diabetes management (including monitoring) during"
small-local-384,who_en_care_actions,5,WHO_recommendations_on_care_for_women_wi_p34_c83,relevant,,,unjudged,unjudged,deterministic certified source/page/section/anchor match,certified_anchor_oracle,relevant,WHO recommendations on care for women with diabetes during pregnancy.pdf,34,"3.1.2
Glucose monitoring",0.8063,"WHO recommendations on care for women with diabetes during pregnancy –
support the woman in monitoring blood glucose; –
support the woman in maintaining target glucose levels; –
effectively manage the use of insulin and/or oral glucose-lowering agents in pregnancy; –
provide individualized dietary and activity advice, education and support; –
undertake and respond to appropriate fetal surveillance. Equity and human rights •
Indirect evidence from the QES (16) indicates that specialized services may not be available in all settings, particularly in low-income contexts ( l ow confidence ). •
In addition, where specialized services are available, the additional costs associated with attendance (transportation, childcare, time away from work) may be prohibitive for some women, especially those on low incomes and/or those requiring extra clinic visits to support other aspects of their antenatal care and/ or diabetic management ( low confidence ). Feasibility •
Indirect evidence from the QES (16) suggests that health-care providers recognize the importance of inter- professional collaboration and a multidisciplinary team approach to care ( moderate confidence )."
small-local-384,no_evidence_en_vague,1,Availability__price_and_affordability_of_p5_c7,not_relevant,,,unjudged,unjudged,deterministic certified source/page/section/anchor match,certified_anchor_oracle,not_relevant,"Availability, price and affordability of health technologies for the management of diabetes.pdf",5,Acknowledgemen,0.3954,"|  | Contents |
| --- | --- |"
small-local-384,no_evidence_en_vague,2,Availability__price_and_affordability_of_p43_c111,not_relevant,,,unjudged,unjudged,deterministic certified source/page/section/anchor match,certified_anchor_oracle,not_relevant,"Availability, price and affordability of health technologies for the management of diabetes.pdf",43,"3. Results
3. Results",0.3923,"|  |  | Discussion |
| --- | --- | --- |"
small-local-384,no_evidence_en_vague,3,Regional_Commemoration_of_World_Diabetes_p41_c116,not_relevant,,,unjudged,unjudged,deterministic certified source/page/section/anchor match,certified_anchor_oracle,not_relevant,Regional Commemoration of World Diabetes Day 2024.pdf,41,MALAYSIA,0.3713,"			  ­ 
¦ 		
			
	

 

 
¥  ­  ­ ­ ­ 

  ££  
	





  MONTHS
6 
 


	 

 














DAYS
30


¡§




	





¥
 ¨















­­


­

­
 
 




Regional Commemoration of World Diabetes Day

Regional Commemoration of World Diabetes Day

Colombo Sri Lanka 21-22 November 2024

Colombo Sri Lanka 21-22 November 2024

Introduction of Pro health taxes
on Sugar Sweetened Beverages,

Use of drug forecasting tools
and simplified management

tobacco and alcohol to reduce
diabetes risk factors in Timor Leste

protocols at primary health

care in Timor Leste

TIMOR-LESTE

35

Regional Commemoration of World Diabetes Day 2024"
small-local-384,no_evidence_en_vague,4,WHO_recommendations_on_care_for_women_wi_p71_c188,not_relevant,,,unjudged,unjudged,deterministic certified source/page/section/anchor match,certified_anchor_oracle,not_relevant,WHO recommendations on care for women with diabetes during pregnancy.pdf,71,"Annex 3.
Summary and management
of declared interests from
GDG members",0.3342,55
small-local-384,no_evidence_en_vague,5,Prevention_and_control_of_diabetes_melli_p20_c41,not_relevant,,,unjudged,unjudged,deterministic certified source/page/section/anchor match,certified_anchor_oracle,not_relevant,Prevention and control of diabetes mellitus Lessons for service delivery from countries in the WHO South-East Asia Region.pdf,20,Executive summary,0.3187,"|  |  | 6 |
| --- | --- | --- |"
small-local-384,no_evidence_ar_vague,1,Availability__price_and_affordability_of_p43_c111,not_relevant,,,unjudged,unjudged,deterministic certified source/page/section/anchor match,certified_anchor_oracle,not_relevant,"Availability, price and affordability of health technologies for the management of diabetes.pdf",43,"3. Results
3. Results",0.3829,"|  |  | Discussion |
| --- | --- | --- |"
small-local-384,no_evidence_ar_vague,2,Availability__price_and_affordability_of_p5_c7,not_relevant,,,unjudged,unjudged,deterministic certified source/page/section/anchor match,certified_anchor_oracle,not_relevant,"Availability, price and affordability of health technologies for the management of diabetes.pdf",5,Acknowledgemen,0.346,"|  | Contents |
| --- | --- |"
small-local-384,no_evidence_ar_vague,3,Regional_Commemoration_of_World_Diabetes_p41_c116,not_relevant,,,unjudged,unjudged,deterministic certified source/page/section/anchor match,certified_anchor_oracle,not_relevant,Regional Commemoration of World Diabetes Day 2024.pdf,41,MALAYSIA,0.3302,"			  ­ 
¦ 		
			
	

 

 
¥  ­  ­ ­ ­ 

  ££  
	





  MONTHS
6 
 


	 

 














DAYS
30


¡§




	





¥
 ¨















­­


­

­
 
 




Regional Commemoration of World Diabetes Day

Regional Commemoration of World Diabetes Day

Colombo Sri Lanka 21-22 November 2024

Colombo Sri Lanka 21-22 November 2024

Introduction of Pro health taxes
on Sugar Sweetened Beverages,

Use of drug forecasting tools
and simplified management

tobacco and alcohol to reduce
diabetes risk factors in Timor Leste

protocols at primary health

care in Timor Leste

TIMOR-LESTE

35

Regional Commemoration of World Diabetes Day 2024"
small-local-384,no_evidence_ar_vague,4,WHO_recommendations_on_care_for_women_wi_p71_c188,not_relevant,,,unjudged,unjudged,deterministic certified source/page/section/anchor match,certified_anchor_oracle,not_relevant,WHO recommendations on care for women with diabetes during pregnancy.pdf,71,"Annex 3.
Summary and management
of declared interests from
GDG members",0.3235,55
small-local-384,no_evidence_ar_vague,5,Prevention_and_control_of_diabetes_melli_p20_c41,not_relevant,,,unjudged,unjudged,deterministic certified source/page/section/anchor match,certified_anchor_oracle,not_relevant,Prevention and control of diabetes mellitus Lessons for service delivery from countries in the WHO South-East Asia Region.pdf,20,Executive summary,0.3075,"|  |  | 6 |
| --- | --- | --- |"
small-local-384,no_evidence_en_type2_cross_condition,1,IDF_Diabetes_Atlas_11th_Edition_2025_WEB_p23_c57,not_relevant,,,unjudged,unjudged,deterministic certified source/page/section/anchor match,certified_anchor_oracle,not_relevant,IDF_Diabetes_Atlas_11th_Edition_2025_WEB.pdf,23,1.2 Type 2 diabetes,0.8341,"Globally, the prevalence of type 2 diabetes is high
and rising across all regions. This rise is driven
by population ageing, economic development
and increasing urbanisation – leading to greater
exposure to type 2 diabetes risk factors including
more sedentary lifestyles, greater consumption of
sugar-sweetened beverages, processed and red meat,
unrefined grains, and other unhealthy foods linked
to obesity, and greater exposure to air pollution. 21
However, the beneficial results of early detection and
more effective treatment are helping people with type
2 diabetes to live longer, which also contributes to the
rise in prevalence. Currently, IDF and WHO recommend the use of the
75-gram oral glucose tolerance test (OGTT) with
measurement of both fasting and two-hour plasma
glucose to detect IGT, IFG and diabetes. However,
there is literature favouring the use of the one-hour
75-gram OGTT, which may be a more sensitive method
of identifying intermediate hyperglycaemia. 39"
small-local-384,no_evidence_en_type2_cross_condition,2,IDF_Diabetes_Atlas_11th_Edition_2025_WEB_p95_c236,not_relevant,,,unjudged,unjudged,deterministic certified source/page/section/anchor match,certified_anchor_oracle,not_relevant,IDF_Diabetes_Atlas_11th_Edition_2025_WEB.pdf,95,5.1 Type 2 Diabetes and the risk of cardiovascular diseases,0.8185,"Risk of cardiovascular diseases in people with
type 2 diabetes A systematic review of the latest evidence up
to December 2024 was conducted using major
databases, including MEDLINE, SCOPUS, and Web Findings from these studies indicate that, compared
to those without diabetes, people with T2D face: of developing any form
of CVD
60%
higher
risk of stroke
54%
higher
risk of myocardial infarction
(heart attack)
73%
higher
risk of heart failure
84%
higher
risk greater obesity and longer time to exposure to risk
factors. In people with pre-diabetes and undiagnosed
diabetes in the UK, and after adjustment for classical
risk factors, cardiovascular risks were 11% (2-30%)
and 20% (4-38%) higher relative to those with normal
glycaemia (HbA1c <42 mmol/mol), respectively. 23 Considerable differences between the studies reflect,
in part, adjustments for conventional risk factors, but
other factors are also likely to be relevant, especially
in the context of heart failure, which could reflect
different diagnostic practices across countries."
small-local-384,no_evidence_en_type2_cross_condition,3,IDF_Diabetes_Atlas_11th_Edition_2025_WEB_p94_c233,not_relevant,,,unjudged,unjudged,deterministic certified source/page/section/anchor match,certified_anchor_oracle,not_relevant,IDF_Diabetes_Atlas_11th_Edition_2025_WEB.pdf,94,Key messages:,0.8073,"Key messages:

People with type 2 diabetes are at higher risk of
cardiovascular diseases, including a 72% higher
risk of heart attack, a 52% higher risk of stroke,
and an 84% higher risk of heart failure.

People with diabetes have a 56% higher risk of
dementia compared with people who do not
have diabetes.

The earlier someone develops type 2 diabetes,
the higher their chance of dementia in later life.

Close to one in four adults with diabetes have
some form of diabetes-related retinopathy.

More than one in ten people with some form of
diabetes-related retinopathy are at risk of losing
their vision or have lost it already.

IDF Diabetes Atlas 11th Edition - 2025 | diabetesatlas.org | 89"
small-local-384,no_evidence_en_type2_cross_condition,4,IDF_Diabetes_Atlas_11th_Edition_2025_WEB_p27_c73,not_relevant,,,unjudged,unjudged,deterministic certified source/page/section/anchor match,certified_anchor_oracle,not_relevant,IDF_Diabetes_Atlas_11th_Edition_2025_WEB.pdf,27,References,0.7767,"21. Bellou, V., Belbasis, L., Tzoulaki, I. & Evangelou,
E. Risk factors for type 2 diabetes mellitus: An
exposure-wide umbrella review of meta-analyses.
PLoS One 13 , e0194127 (2018). 10. Flannick, J., Johansson, S. & Njølstad, P. R.
Common and rare forms of diabetes mellitus:
towards a continuum of diabetes subtypes.
Nat Rev Endocrinol 12 , 394–406 (2016). 22. Magliano, D. J. et al . Young-onset type 2 diabetes
mellitus - implications for morbidity and mortality.
Nat Rev Endocrinol 16 , 321–331 (2020). 11. Cherubini, V. et al . Temporal trends in diabetic
ketoacidosis at diagnosis of paediatric type 1
diabetes between 2006 and 2016: results from
13 countries in three continents. Diabetologia
63 , 1530–1541 (2020). 22 | IDF Diabetes Atlas 11th Edition - 2025 | diabetesatlas.org"
small-local-384,no_evidence_en_type2_cross_condition,5,Guidance_on_global_monitoring_for_diabet_p61_c135,not_relevant,,,unjudged,unjudged,deterministic certified source/page/section/anchor match,certified_anchor_oracle,not_relevant,"Guidance on global monitoring for diabetes prevention and control Framework, indicators and application.pdf",61,Risk factors,0.7515,"Risk factors

General population. Population with diabetes.

49"
small-local-384,no_evidence_ar_type1_cross_condition,1,Guidance_on_global_monitoring_for_diabet_p55_c123,not_relevant,,,unjudged,unjudged,deterministic certified source/page/section/anchor match,certified_anchor_oracle,not_relevant,"Guidance on global monitoring for diabetes prevention and control Framework, indicators and application.pdf",55,Service delivery,0.7475,"Indicators and metadata

23. 	Treatment with glucose-lowering medication among people with diabetes

43"
small-local-384,no_evidence_ar_type1_cross_condition,2,Prevention_and_control_of_diabetes_melli_p23_c49,not_relevant,,,unjudged,unjudged,deterministic certified source/page/section/anchor match,certified_anchor_oracle,not_relevant,Prevention and control of diabetes mellitus Lessons for service delivery from countries in the WHO South-East Asia Region.pdf,23,Executive summary,0.7077,"Furthermore, all 11 countries reported that first-line oral diabetes medications –
metformin and sulfonylureas – are “generally available” (available at more than 50%
of public primary care facilities). However, only five countries indicated that insulin is
generally available at primary care facilities of the public sector. In terms of diagnostics, the availability of blood glucose measurement tools is
relatively better. Eleven countries reported that blood glucose testing is available at
both public and private primary health care facilities. However, access to advanced
diagnostic tools such as HbA1c testing and dilated fundus examination remain limited, 9"
small-local-384,no_evidence_ar_type1_cross_condition,3,WHO_recommendations_on_care_for_women_wi_p37_c94,not_relevant,,,unjudged,unjudged,deterministic certified source/page/section/anchor match,certified_anchor_oracle,not_relevant,WHO recommendations on care for women with diabetes during pregnancy.pdf,37,"3.1.2
Glucose monitoring",0.671,"based on hypoglycaemic risk. In contrast, individuals with type 2 diabetes typically retain some endogenous insulin secretion, leading to more stable glycaemic profiles and enabling more aggressive early control, although targets must be moderated in the presence of cardiovascular comorbidities or advanced age. •
The WHO PEN (Package of Essential Noncommunicable Disease Interventions) protocol recommends that most people with diabetes aim for an HbA1c of 7.0% (53 mmol/mol). If HbA1c measurement is not"
small-local-384,no_evidence_ar_type1_cross_condition,4,IDF_Diabetes_Atlas_11th_Edition_2025_WEB_p21_c49,not_relevant,,,unjudged,unjudged,deterministic certified source/page/section/anchor match,certified_anchor_oracle,not_relevant,IDF_Diabetes_Atlas_11th_Edition_2025_WEB.pdf,21,1.1 Type 1 diabetes,0.6657,"The incidence of type 1 diabetes varies around
the world, with some regions having much higher
incidences than others. 5–8 Incidence has been
increasing in the great majority of countries studied,
although there is evidence that this increase is stable
or tailing off in some high-income countries. The
reasons for this are unclear but the rapid increase over
time is most likely due to environmental changes. 5–8 Following clinical diagnosis, people with type 1
diabetes need daily insulin injections to keep their
blood glucose level within an appropriate range.
Without insulin replacement therapy, they would
not survive. However, with daily insulin treatment,
regular blood or interstitial fluid glucose monitoring,
education and support, they can live healthy lives and
delay or prevent many of the complications associated
with diabetes."
small-local-384,no_evidence_ar_type1_cross_condition,5,Guidance_on_global_monitoring_for_diabet_p51_c115,not_relevant,,,unjudged,unjudged,deterministic certified source/page/section/anchor match,certified_anchor_oracle,not_relevant,"Guidance on global monitoring for diabetes prevention and control Framework, indicators and application.pdf",51,Service delivery,0.6653,"Indicators and metadata

19. 	Blood glucose measurement among people with diabetes

39"
small-local-384,no_evidence_en_football,1,Prevention_and_control_of_diabetes_melli_p106_c289,not_relevant,,,unjudged,unjudged,deterministic certified source/page/section/anchor match,certified_anchor_oracle,not_relevant,Prevention and control of diabetes mellitus Lessons for service delivery from countries in the WHO South-East Asia Region.pdf,106,111 000,0.4149,"2.
World Health Organization (2021). Global Health Estimates 2021: deaths by cause, age, sex, by country and by region, 2000–2019.
Geneva: World Health Organization; 2021 (https://www.who.int/data/gho/data/themes/mortality-and-global-health-estimates) 3.
World Health Organization (2024). Noncommunicable Disease data portal. Geneva: World Health Organization; 2024 (https://
ncdportal.org/ ) 4.
World Health Organization (2025). Assessing national capacity for the prevention and control of noncommunicable diseases: report
of the 2023 country capacity survey in the WHO South-East Asia Region. Geneva: World Health Organization (https://iris.who.int/
handle/10665/381772) 92"
small-local-384,no_evidence_en_football,2,Prevention_and_control_of_diabetes_melli_p96_c259,not_relevant,,,unjudged,unjudged,deterministic certified source/page/section/anchor match,certified_anchor_oracle,not_relevant,Prevention and control of diabetes mellitus Lessons for service delivery from countries in the WHO South-East Asia Region.pdf,96,"due to all NCDs 2
6 400 000",0.4149,"2.
World Health Organization (2021). Global Health Estimates 2021: deaths by cause, age, sex, by country and by region, 2000–2019.
Geneva: World Health Organization; 2021 (https://www.who.int/data/gho/data/themes/mortality-and-global-health-estimates) 3.
World Health Organization (2024). Noncommunicable Disease data portal. Geneva: World Health Organization; 2024 (https://
ncdportal.org/ ) 4.
World Health Organization (2025). Assessing national capacity for the prevention and control of noncommunicable diseases: report
of the 2023 country capacity survey in the WHO South-East Asia Region. Geneva: World Health Organization (https://iris.who.int/
handle/10665/381772) 82"
small-local-384,no_evidence_en_football,3,Prevention_and_control_of_diabetes_melli_p104_c283,not_relevant,,,unjudged,unjudged,deterministic certified source/page/section/anchor match,certified_anchor_oracle,not_relevant,Prevention and control of diabetes mellitus Lessons for service delivery from countries in the WHO South-East Asia Region.pdf,104,110 000,0.4149,"2.
World Health Organization (2021). Global Health Estimates 2021: deaths by cause, age, sex, by country and by region, 2000–2019.
Geneva: World Health Organization; 2021 (https://www.who.int/data/gho/data/themes/mortality-and-global-health-estimates) 3.
World Health Organization (2024). Noncommunicable Disease data portal. Geneva: World Health Organization; 2024 (https://
ncdportal.org/ ) 4.
World Health Organization (2025). Assessing national capacity for the prevention and control of noncommunicable diseases: report
of the 2023 country capacity survey in the WHO South-East Asia Region. Geneva: World Health Organization (https://iris.who.int/
handle/10665/381772) 90"
small-local-384,no_evidence_en_football,4,Prevention_and_control_of_diabetes_melli_p102_c277,not_relevant,,,unjudged,unjudged,deterministic certified source/page/section/anchor match,certified_anchor_oracle,not_relevant,Prevention and control of diabetes mellitus Lessons for service delivery from countries in the WHO South-East Asia Region.pdf,102,277 000,0.4149,"2.
World Health Organization (2021). Global Health Estimates 2021: deaths by cause, age, sex, by country and by region, 2000–2019.
Geneva: World Health Organization; 2021 (https://www.who.int/data/gho/data/themes/mortality-and-global-health-estimates) 3.
World Health Organization (2024). Noncommunicable Disease data portal. Geneva: World Health Organization; 2024 (https://
ncdportal.org/ ) 4.
World Health Organization (2025). Assessing national capacity for the prevention and control of noncommunicable diseases: report
of the 2023 country capacity survey in the WHO South-East Asia Region. Geneva: World Health Organization (https://iris.who.int/
handle/10665/381772) 88"
small-local-384,no_evidence_en_football,5,Prevention_and_control_of_diabetes_melli_p92_c247,not_relevant,,,unjudged,unjudged,deterministic certified source/page/section/anchor match,certified_anchor_oracle,not_relevant,Prevention and control of diabetes mellitus Lessons for service delivery from countries in the WHO South-East Asia Region.pdf,92,2710,0.4149,"2.
World Health Organization (2021). Global Health Estimates 2021: deaths by cause, age, sex, by country and by region, 2000–2019.
Geneva: World Health Organization; 2021 (https://www.who.int/data/gho/data/themes/mortality-and-global-health-estimates) 3.
World Health Organization (2024). Noncommunicable Disease data portal. Geneva: World Health Organization; 2024 (https://
ncdportal.org/ ) 4.
World Health Organization (2025). Assessing national capacity for the prevention and control of noncommunicable diseases: report
of the 2023 country capacity survey in the WHO South-East Asia Region. Geneva: World Health Organization (https://iris.who.int/
handle/10665/381772) 78"
small-local-384,no_evidence_ar_out_of_scope,1,Prevention_and_control_of_diabetes_melli_p58_c145,not_relevant,,,unjudged,unjudged,deterministic certified source/page/section/anchor match,certified_anchor_oracle,not_relevant,Prevention and control of diabetes mellitus Lessons for service delivery from countries in the WHO South-East Asia Region.pdf,58,Case study 5,0.264,"total target population of 9.8 million. The
project strengthened integrated DM/TB
service delivery by collaborating closely with
provincial and district health authorities,
reaching both urban and rural populations
through 33 public health centres. The project
was implemented between 2012 and 2016. to the primary-level health-care staff and
community health workers to strengthen
community-level understanding. Government laboratories in primary care
were used for bidirectional screening
and the capability of primary health care
clinics to conduct sputum examination
was strengthened. Interventions such as
establishment of sputum booths outside
primary care facilities to reduce the risk of
nosocomial transmission within the health
facility and administration of expectorants
to patients with dry cough to facilitate the
production of sputum were initiated."
small-local-384,no_evidence_ar_out_of_scope,2,Regional_Commemoration_of_World_Diabetes_p13_c26,not_relevant,,,unjudged,unjudged,deterministic certified source/page/section/anchor match,certified_anchor_oracle,not_relevant,Regional Commemoration of World Diabetes Day 2024.pdf,13,2 Summary of the proceedings,0.2472,"
India – demonstrating strong political commitment with its 75 by 25 initiative,
leveraging Health and Wellness Centers for telehealth and diagnostics. 
Indonesia – integrating TB-DM management in primary healthcare and used HbA1C
testing for treatment monitoring. Maldives reoriented its health system, focusing
on capacity building and population tracking 7 Regional Commemoration of World Diabetes Day 2024"
small-local-384,no_evidence_ar_out_of_scope,3,Guidance_on_global_monitoring_for_diabet_p31_c76,not_relevant,,,unjudged,unjudged,deterministic certified source/page/section/anchor match,certified_anchor_oracle,not_relevant,"Guidance on global monitoring for diabetes prevention and control Framework, indicators and application.pdf",31,Health system determinants,0.2451,"| Indicator name | Existence and implementation of policies and/or legislation for diabetes prevention |
| --- | --- |
| Purpose | To assess the availability of governance mechanisms for diabetes prevention. |
| Definition | Country has adopted policies and/or legislation aimed at preventing diabetes and its risk factors, and the policies and/or legislation are currently being implemented. National diabetes prevention policies include the country’s vision, priorities, budgetary decisions and course of action for diabetes prevention. A policy or legislation may be an independent diabetes prevention policy/legislation or part of a comprehensive noncommunicable diseases policy/legislation. This indicator excludes assessment of tax laws. |
| Numerator | Not applicable |
| Denominator | Not applicable |
| Method of estimation | Country can respond “Yes” to the question “Has the country adopted national policies and/or legislation aimed at preventing diabetes and its risk factors?” and needs to provide a copy of the policies and legislations and the latest report on their implementation. Existence of policies and/or legislation is validated by examining policy/ legislation documents and implementation is validated by examining the latest report detailing the execution of policies and legislations. The indicator is considered “Yes” if the country has adopted policies and/or legislation aimed at preventing diabetes and its risk factors, that are currently being implemented. The indicator is considered “Partially yes” if the country has adopted policies and/or legislation aimed at preventing diabetes and its risk factors, but these are not currently being implemented. The indicator is considered “No” if the country has not adopted policies and/or legislation. |
| Disaggregation | Policy/legislation |
| Sources of data | NCD country capacity survey, other survey, country report |
| Limitations/comments | An acceptable minimum number of policies and/or legislation implemented according to plan must be defined every evaluation period to consider the policies and/or legislation as currently implemented. |
| Related links | WHO Noncommunicable disease surveillance, monitoring and reporting: NCD country capacity survey [website]. Geneva: World Health Organization; 2023 (https://www.who.int/teams/ncds/surveillance/monitoring-capacity/ ncdccs, accessed 26 May 2024). |"
small-local-384,no_evidence_ar_out_of_scope,4,IDF_Diabetes_Atlas_11th_Edition_2025_WEB_p69_c177,not_relevant,,,unjudged,unjudged,deterministic certified source/page/section/anchor match,certified_anchor_oracle,not_relevant,IDF_Diabetes_Atlas_11th_Edition_2025_WEB.pdf,69,"Figure 3.12 Diabetes-related health expenditure as a percentage of Gross Domestic Product
(GDP) by World Bank income classification, 2024.",0.2298,"expenditure as a percentage of GDP is highest
amongst high-income countries (1.4%), followed by
middle income countries (1.3%), and followed distantly
by low-income countries (0.8%) (Figure 3.12).

Diabetes-related health expenditure as a percentage
of Gross Domestic Product (GDP) is highest in the
SACA Region at 2.5%, followed by 1.9% in the NAC
Region (Figure 3.11). When considering World
Bank income classification, diabetes-related health

Figure 3.12 Diabetes-related health expenditure as a percentage of Gross Domestic Product
(GDP) by World Bank income classification, 2024.

1.6

1.4

1.4

1.3

1.2

Percentage of GDP (%)

1.0

0.8

0.8

0.6

0.4

0.2

0.0

High-income countries
Middle-income countries
Low-income countries

World bank income classification

64 | IDF Diabetes Atlas 11th Edition - 2025 | diabetesatlas.org"
small-local-384,no_evidence_ar_out_of_scope,5,Prevention_and_control_of_diabetes_melli_p72_c188,not_relevant,,,unjudged,unjudged,deterministic certified source/page/section/anchor match,certified_anchor_oracle,not_relevant,Prevention and control of diabetes mellitus Lessons for service delivery from countries in the WHO South-East Asia Region.pdf,72,Case study 8,0.229,"total population. The project targeted 54
health facilities, including treatment posts
and community health centres. Aileu was
strategically selected due to its proximity
to the national capital, Dili, allowing for
better referral management of diabetes
complications, improved monitoring and
enhanced supervision by the Ministry of Health
(MoH). The first phase of implementation
was conducted during 2024 and early 2025,
establishing the foundation for a nationwide
scale-up."
balanced-local-384,idf_en_global_prevalence,1,IDF_Diabetes_Atlas_11th_Edition_2025_WEB_p46_c77,relevant,,,unjudged,unjudged,deterministic certified source/page/section/anchor match,certified_anchor_oracle,relevant,IDF_Diabetes_Atlas_11th_Edition_2025_WEB.pdf,46,Key messages:,0.8629,"Key messages:

An estimated 589 million adults aged 20–79 years
are living with diabetes. This represents 11.1% of
the world’s population in this age group.

The total number of adults living with diabetes is
predicted to rise to 853 million (13%) by 2050.

An estimated 252 million adults living with diabetes
are unaware they have the condition.

One in four adults (158 million) living with diabetes
are aged over 65.

An estimated 635 million adults aged 20–79 years
are living with impaired glucose tolerance (12%).

Over USD 1 trillion was spent on diabetes in 2024.
This represents 12% of global health expenditure.

Over 3.4 million people died as a result of diabetes
in 2024. This corresponds to 9.3% of global deaths
from all causes.

An estimated 9.1 million people are living with type
1 diabetes. The majority (69%) are aged 20-59.

An estimated 1 in 5 live births (23 million) are
affected by some form of hyperglycaemia
in pregnancy.

IDF Diabetes Atlas 11th Edition - 2025 | diabetesatlas.org | 41
IDF Diabetes Atlas 11th Edition - 2025 | diabetesatlas.org | 41"
balanced-local-384,idf_en_global_prevalence,2,IDF_Diabetes_Atlas_11th_Edition_2025_WEB_p53_c91,not_relevant,,,unjudged,unjudged,deterministic certified source/page/section/anchor match,certified_anchor_oracle,not_relevant,IDF_Diabetes_Atlas_11th_Edition_2025_WEB.pdf,53,"Figure 3.2 Prevalence of diabetes among men and women (20–79 years), 2024.",0.8336,"|  | 2024 | 2050 |
| --- | --- | --- |
| Adult population (65-99 years) | 667.8 million | 1.1 billion |
| Prevalence (65-99 years) | 23.7% | 24.3% |
| Number of people over 65 with diabetes (65–99 years) | 158.3 million | 278 million |"
balanced-local-384,idf_en_global_prevalence,3,IDF_Diabetes_Atlas_11th_Edition_2025_WEB_p92_c165,not_relevant,,,unjudged,unjudged,deterministic certified source/page/section/anchor match,certified_anchor_oracle,not_relevant,IDF_Diabetes_Atlas_11th_Edition_2025_WEB.pdf,92,"Figure 4.5 Estimated prevalence (%) of diabetes by age and sex, IDF South and Central America
Region 2024.",0.832,"| At a glance |  |  |
| --- | --- | --- |
|  | 2024 | 2050 |
| Adult population (20-79 years) | 1.74b | 1.72b |
| Diabetes (20-79 years) |  |  |
| Regional prevalence | 12.4% | 14.7% |
| Age-standardised prevalence | 11.1% | 12.8% |
| Number of people with diabetes (20-79 years) | 215m | 254m |
| Number of deaths due to diabetes (20-79 years) | 1.2m |  |
| Healthcare expenditure due to diabetes (20-79 years) |  |  |
| Total healthcare expenditure, USD | 246.3b | 237.7b |
| Impaired glucose tolerance (20-79 years) |  |  |
| Regional prevalence | 14.4% | 15.5% |
| Age-standardised prevalence | 13.5% | 14.3% |
| Number of people with impaired glucose tolerance | 251m | 268m |
| Impaired fasting glucose (20-79 years) |  |  |
| Regional prevalence | 9.1% | 9.9% |
| Age-standardised prevalence | 8.6% | 9.2% |
| Number of people with impaired glucose tolerance | 160m | 171m |
| Undiagnosed diabetes (20-79 years) |  |  |
| Regional proportion | 50.0% |  |
| Number of people with undiagnosed diabetes | 108m |  |
| Type 1 diabetes (all age groups) |  |  |
| Number of people with type 1 diabetes | 991,000 |  |"
balanced-local-384,idf_en_global_prevalence,4,IDF_Diabetes_Atlas_11th_Edition_2025_WEB_p53_c89,not_relevant,,,unjudged,unjudged,deterministic certified source/page/section/anchor match,certified_anchor_oracle,not_relevant,IDF_Diabetes_Atlas_11th_Edition_2025_WEB.pdf,53,"Figure 3.2 Prevalence of diabetes among men and women (20–79 years), 2024.",0.8293,"Table 3.5 Top 10 countries or territories with age-standardised diabetes prevalence in adults
(20–79 years) in 2024 and 2050.

i. Countries without in-country data sources. Estimates are extrapolated.

Table 3.6 Global diabetes estimates in people (65-99 years) in 2024 and 2050.

3.2 Diabetes prevalence in older adults in 2024 and projection to 2050

Regional distribution

Diabetes prevalence increases with age. Therefore,
the highest estimated prevalence is in people over
65 (Figure 3.1). In 2024, the estimated number of
people with diabetes aged 65–99 years was 158.3
million (23.7%). If the current trend continues, the
number of people aged 65-99 years with diabetes will
be 278 million in 2050 (Table 3.6). These data point
to a significant increase in the diabetes population of
ageing societies in the next 25 years and the inevitable
public health and economic challenges this will bring.
It will require all countries to commit to sufficient
resources to tackle diabetes.

There are significant regional differences in the
prevalence of diabetes in people over 65. Regions
included in the top five places remained the same
in 2024 compared with 2019, but the MENA region
had the highest prevalence at (32.3%). The lowest
prevalence remains in the AFR region (7.8%). This is
generally true for 2050 as well (Table 3.7). However,
the EUR region will fall to 6th place in the table with
the SEA region taking its place. Overall, the projected
diabetes prevalence in 2050 in this age group does not
forecast significant increases. As an example, in the
SACA Region the figures are 23.2% in 2024 and 23.6%
in 2050, and in AFR 7.8% in 2024 and 8.3% in 2050.

48 | IDF Diabetes Atlas 11th Edition - 2025 | diabetesatlas.org"
balanced-local-384,idf_en_global_prevalence,5,IDF_Diabetes_Atlas_11th_Edition_2025_WEB_p49_c82,not_relevant,,,unjudged,unjudged,deterministic certified source/page/section/anchor match,certified_anchor_oracle,not_relevant,IDF_Diabetes_Atlas_11th_Edition_2025_WEB.pdf,49,3.1 Diabetes prevalence in 2024 and projection to 2050 (20–79 years),0.8291,"Variation in diabetes prevalence across age, sex and setting

The estimated diabetes prevalence is similar in women
and men aged 20–79 (10.9% vs 11.3%). In 2024, the
IDF estimates that 9.8 million more men than women
were living with diabetes (Figure 3.2).

Age is an important risk factor for diabetes. Ageing of
the world’s population contributes to higher diabetes
prevalence that results in an increasing proportion of
people with diabetes over the age of 60.

Prevalence was lowest among adults aged 20–24
(1.9% in 2024 and 2.2% in 2050). Conversely, it was
highest among adults aged 75–79, with an estimated
prevalence of 24.8% in 2024, which is expected to rise
to 25.4% by 2050.

Map 3.2 Estimated age-standardised country prevalence of diabetes in adults (20–79 years), 2024.

<4%

4-<5%

5-<7%

7-<9%

9-<12%

≥ 12%

No estimates

44 | IDF Diabetes Atlas 11th Edition - 2025 | diabetesatlas.org"
balanced-local-384,idf_ar_projection_2050,1,IDF_Diabetes_Atlas_11th_Edition_2025_WEB_p47_c78,not_relevant,,,unjudged,unjudged,deterministic certified source/page/section/anchor match,certified_anchor_oracle,not_relevant,IDF_Diabetes_Atlas_11th_Edition_2025_WEB.pdf,47,3.1 Diabetes prevalence in 2024 and projection to 2050 (20–79 years),0.837,"While the world’s population is estimated to grow
25% over the next 25 years, the number of people
with diabetes is estimated to increase by 45%
(Map 3.1, Table 3.1, Map 3.2).

This 11th edition of the IDF Diabetes Atlas provides
estimates for diabetes in 2024 and projected
estimates for 2050. The estimates include diagnosed
and undiagnosed diabetes for adults aged 20–79.

Worldwide, a total of 589 million adults aged 20–79
are estimated to have diabetes (11.1% of all adults in
this age group). By 2050, the number of adults living
with diabetes will rise to a projected 852.5 million.

Map 3.1 Estimated number of adults (20–79 years) with diabetes by country, 2024.

< 100 thousand

100-<500 thousand

500 thousand-<1 million

1 - <10 million
10-<20 million
≥ 20 million
No estimates

3.1 Diabetes prevalence in 2024 and projection to 2050 (20–79 years)

Our projection for 2050 predicts a growth of 17% in
the prevalence of diabetes due to the ageing of the
population and increased urbanisation across the
globe. It is estimated that 95% of the increase in the
number of people with diabetes by 2050 will occur in
low- and middle-income countries, where population
growth is expected to be greater than in high-income
countries (Table 3.2).

The estimates in the 11th edition of the IDF Diabetes
Atlas are provided for 215 countries and territories,
grouped into the seven IDF Regions: Africa (AFR),
Europe (EUR), Middle East and North Africa (MENA),
North America and Caribbean (NAC), South and
Central America (SACA), South-East Asia (SEA) and
Western Pacific (WP). In total, 246 data sources from
153 countries and territories were included in the
analyses (See Resources www.diabetesatlas.org). 1
Data are presented considering each country´s current
age structure and, after adjustment to reflect the
prevalence, the age structure of the world population.

42 | IDF Diabetes Atlas 11th Edition - 2025 | diabetesatlas.org"
balanced-local-384,idf_ar_projection_2050,2,IDF_Diabetes_Atlas_11th_Edition_2025_WEB_p46_c77,relevant,,,unjudged,unjudged,deterministic certified source/page/section/anchor match,certified_anchor_oracle,relevant,IDF_Diabetes_Atlas_11th_Edition_2025_WEB.pdf,46,Key messages:,0.8195,"Key messages:

An estimated 589 million adults aged 20–79 years
are living with diabetes. This represents 11.1% of
the world’s population in this age group.

The total number of adults living with diabetes is
predicted to rise to 853 million (13%) by 2050.

An estimated 252 million adults living with diabetes
are unaware they have the condition.

One in four adults (158 million) living with diabetes
are aged over 65.

An estimated 635 million adults aged 20–79 years
are living with impaired glucose tolerance (12%).

Over USD 1 trillion was spent on diabetes in 2024.
This represents 12% of global health expenditure.

Over 3.4 million people died as a result of diabetes
in 2024. This corresponds to 9.3% of global deaths
from all causes.

An estimated 9.1 million people are living with type
1 diabetes. The majority (69%) are aged 20-59.

An estimated 1 in 5 live births (23 million) are
affected by some form of hyperglycaemia
in pregnancy.

IDF Diabetes Atlas 11th Edition - 2025 | diabetesatlas.org | 41
IDF Diabetes Atlas 11th Edition - 2025 | diabetesatlas.org | 41"
balanced-local-384,idf_ar_projection_2050,3,IDF_Diabetes_Atlas_11th_Edition_2025_WEB_p88_c159,not_relevant,,,unjudged,unjudged,deterministic certified source/page/section/anchor match,certified_anchor_oracle,not_relevant,IDF_Diabetes_Atlas_11th_Edition_2025_WEB.pdf,88,"Figure 4.5 Estimated prevalence (%) of diabetes by age and sex, IDF South and Central America
Region 2024.",0.8133,"m = million | b = billion

Highlights

●
1 in 10 adults have diabetes – 35 million.

●
The number of adults with diabetes
is expected to increase by 46% to 52
million by 2050.

●
1 in 3 adults living with diabetes
(30.4%) are undiagnosed.

●
Diabetes is responsible for 224,000
deaths in 2024.

●
797,000 people live with type 1 diabetes.

●
Diabetes-related expenditure totals
USD 81 billion in 2024.

●
1 in 6 live births are affected by
hyperglycaemia in pregnancy.

IDF Diabetes Atlas 11th Edition - 2025 | diabetesatlas.org | 83"
balanced-local-384,idf_ar_projection_2050,4,IDF_Diabetes_Atlas_11th_Edition_2025_WEB_p53_c91,not_relevant,,,unjudged,unjudged,deterministic certified source/page/section/anchor match,certified_anchor_oracle,not_relevant,IDF_Diabetes_Atlas_11th_Edition_2025_WEB.pdf,53,"Figure 3.2 Prevalence of diabetes among men and women (20–79 years), 2024.",0.8108,"|  | 2024 | 2050 |
| --- | --- | --- |
| Adult population (65-99 years) | 667.8 million | 1.1 billion |
| Prevalence (65-99 years) | 23.7% | 24.3% |
| Number of people over 65 with diabetes (65–99 years) | 158.3 million | 278 million |"
balanced-local-384,idf_ar_projection_2050,5,IDF_Diabetes_Atlas_11th_Edition_2025_WEB_p13_c20,not_relevant,,,unjudged,unjudged,deterministic certified source/page/section/anchor match,certified_anchor_oracle,not_relevant,IDF_Diabetes_Atlas_11th_Edition_2025_WEB.pdf,13,Key messages:,0.8062,"impact
of diabetes worldwide, but also for reducing that
impact through measures aimed at improving the
long-term consequences of all types of diabetes, as
well as the primary prevention of type 2 diabetes. In 2014, the WHO/NCD-RisC estimate of 422 million
people with diabetes 3 , was very close to the IDF
estimate of 415 million people with diabetes in 2015 4 .
However, the recent WHO/NCD-RisC publication
estimated that 828 million people aged 18 years or
older had diabetes in 2022 5 , considerably more than
estimates provided in this IDF Diabetes Atlas (589
million) for 2024 and the Global Burden of Diseases
Study (GBD) figure of 485 million for ages 20-79 in
2021 6 . As mentioned above, multiple decisions are
required to estimate worldwide diabetes prevalence, The diabetes impact is steadily growing to
alarming levels. The IDF Diabetes Atlas, under the
guidance of a committee of experts from all IDF
regions, remains dedicated to providing the most
accurate possible data based on the available
epidemiological sources and methods of analysis. 8 | IDF Diabetes Atlas 11th Edition - 2025 | diabetesatlas.org"
balanced-local-384,idf_en_undiagnosed,1,IDF_Diabetes_Atlas_11th_Edition_2025_WEB_p73_c131,not_relevant,,,unjudged,unjudged,deterministic certified source/page/section/anchor match,certified_anchor_oracle,not_relevant,IDF_Diabetes_Atlas_11th_Edition_2025_WEB.pdf,73,3.8 Type 1 diabetes estimates in children and adults,0.7661,"3.8 Type 1 diabetes estimates in children and adults Findings Previous editions of the IDF Diabetes Atlas were
restricted to children and adolescents living with
type 1 diabetes (T1D) and did not consider potential
changes in incidence and mortality in the interval
between the study dates of the respective individual
country data and publication dates of the Atlas. In 2024, there were an estimated 9.15 million
individuals worldwide living with diagnosed clinical
T1D, 17 with 22.3% (2.04 million) of these living in
low-income and lower-middle-income countries. Of this total population of 9.15 million, 1.81 million
(19.8%), were younger than 20 years, 6.28 million
(68.6%) were between 20 and 59 and 1.06 million
(11.8%) were 60 or older. Development of the Type 1 Diabetes Index (T1D Index)
has enabled more current and accurate estimates to
be calculated for all ages across all countries. 15–17 The
T1D Index is a joint initiative of Breakthrough T1D, Life
for a Child, The International Diabetes Federation, and
the International Society for Paediatric and Adolescent
Diabetes. The Index uses a Markov model with
machine learning and all available population-based
incidence, prevalence and mortality data to produce
national and, thereby, global estimates. 17 Figure 3.13 shows the number of people with T1D
in each of these age brackets by IDF Region. The IDF
Europe Region has the highest number of cases,
followed by the IDF North America and Caribbean
Region. The lowest number of people with T1D was
observed in the Africa Region. Figure 3.13 Number of individuals with type 1 diabetes in each world region in 2024. 3,000,000 Number of people with T1D 2,500,000 2,000,000 1,500,000 1,000,000 500,000 - AFR
EUR
MENA
NAC
SACA
SEA
WP IDF Region All ages
<20 years of age
20 - 59 years of age
>=60 years of age"
balanced-local-384,idf_en_undiagnosed,2,IDF_Diabetes_Atlas_11th_Edition_2025_WEB_p37_c65,not_relevant,,,unjudged,unjudged,deterministic certified source/page/section/anchor match,certified_anchor_oracle,not_relevant,IDF_Diabetes_Atlas_11th_Edition_2025_WEB.pdf,37,2.6 Standardisation of estimates,0.7629,"participants are
asked whether they were previously diagnosed with
diabetes by a health professional. This helps establish
the proportion of people with diabetes-level blood
glucose who remain undiagnosed. For this edition of the IDF Diabetes Atlas, we
have assembled all published studies reporting
undiagnosed diabetes that met defined selection
criteria (see Chapter 2, “Gathering and selecting
data sources”), regardless of the diabetes biomarker
used. The average of the estimates was calculated
for countries that reported data on estimates of
undiagnosed diabetes. However, in countries without
in-country data sources, the undiagnosed proportion
was approximated by the average of the estimates
from countries with data sources within the same IDF
Region (e.g., Europe IDF Region) or IDF Region and
World Bank Income Group. Estimates of undiagnosed
diabetes were generated using 193 data sources
representing 109 countries (Map 2.2). The proportion of undiagnosed diabetes may differ
greatly across countries, for example, depending on
access to healthcare services, disease awareness,
and socioeconomic context. In a final step, prevalence
estimates and proportions undiagnosed are multiplied
with population size numbers to calculate the total
number of people with undiagnosed diabetes in
a respective country. 32 | IDF Diabetes Atlas 11th Edition - 2025 | diabetesatlas.org"
balanced-local-384,idf_en_undiagnosed,3,IDF_Diabetes_Atlas_11th_Edition_2025_WEB_p57_c100,not_relevant,,,unjudged,unjudged,deterministic certified source/page/section/anchor match,certified_anchor_oracle,not_relevant,IDF_Diabetes_Atlas_11th_Edition_2025_WEB.pdf,57,3.3 Undiagnosed diabetes,0.7586,"Map 3.4 Proportion of adults (20–79 years) with undiagnosed diabetes by country in 2024.

<24%

35-<45%

45-<55%

55-<64%
≥ 65%
No estimates

Table 3.11 Top 10 countries with the largest number of adults (20–79 years) with undiagnosed
diabetes in 2024.

52 | IDF Diabetes Atlas 11th Edition - 2025 | diabetesatlas.org"
balanced-local-384,idf_en_undiagnosed,4,IDF_Diabetes_Atlas_11th_Edition_2025_WEB_p46_c77,relevant,,,unjudged,unjudged,deterministic certified source/page/section/anchor match,certified_anchor_oracle,relevant,IDF_Diabetes_Atlas_11th_Edition_2025_WEB.pdf,46,Key messages:,0.7569,"Key messages:

An estimated 589 million adults aged 20–79 years
are living with diabetes. This represents 11.1% of
the world’s population in this age group.

The total number of adults living with diabetes is
predicted to rise to 853 million (13%) by 2050.

An estimated 252 million adults living with diabetes
are unaware they have the condition.

One in four adults (158 million) living with diabetes
are aged over 65.

An estimated 635 million adults aged 20–79 years
are living with impaired glucose tolerance (12%).

Over USD 1 trillion was spent on diabetes in 2024.
This represents 12% of global health expenditure.

Over 3.4 million people died as a result of diabetes
in 2024. This corresponds to 9.3% of global deaths
from all causes.

An estimated 9.1 million people are living with type
1 diabetes. The majority (69%) are aged 20-59.

An estimated 1 in 5 live births (23 million) are
affected by some form of hyperglycaemia
in pregnancy.

IDF Diabetes Atlas 11th Edition - 2025 | diabetesatlas.org | 41
IDF Diabetes Atlas 11th Edition - 2025 | diabetesatlas.org | 41"
balanced-local-384,idf_en_undiagnosed,5,Guidance_on_global_monitoring_for_diabet_p61_c112,not_relevant,,,unjudged,unjudged,deterministic certified source/page/section/anchor match,certified_anchor_oracle,not_relevant,"Guidance on global monitoring for diabetes prevention and control Framework, indicators and application.pdf",61,Risk factors,0.7499,"Risk factors

General population. Population with diabetes.

49"
balanced-local-384,idf_ar_expenditure,1,IDF_Diabetes_Atlas_11th_Edition_2025_WEB_p66_c118,relevant,,,unjudged,unjudged,deterministic certified source/page/section/anchor match,certified_anchor_oracle,relevant,IDF_Diabetes_Atlas_11th_Edition_2025_WEB.pdf,66,"In 2024, the total global
diabetes-related health
expenditure exceeded
one trillion USD for the
first time.",0.8372,"Figure 3.7 Total diabetes-related health expenditure for adults (20–79 years) with diabetes from
2006 to 2050.

1200

1000

800

USD billion

600

400

200

0

2006
2009
2011
2013
2015
2017
2019
2021
2024
2050

Year

Regional distribution

Expenditure due to diabetes has a substantial
impact on total health expenditure worldwide,
representing 11.9% of total global health spending.
In the SACA Region, an average of 22.4% of the
total health expenditure was due to diabetes, the
highest percentage of the IDF Regions, followed by
17.0% in the MENA Region. The lowest percentage
of health expenditure due to diabetes was
observed in the EUR Region (8.8%) (Figure 3.10).

The NAC Region has the highest total diabetes-related
health expenditure of the seven IDF Regions (USD
438.6 billion) and accounts for 43.2% of total global
diabetes-related health expenditure in 2024. The
second highest is the WP Region, with USD 246.3
billion, followed by the EUR Region (USD 192.9 billion),
corresponding to 24.3% and 19.0% of total global
diabetes-related health expenditure, respectively.
Despite being home to 42.7% of people with
diabetes in the world, the SACA, MENA, SEA, and AFR
Regions collectively account for only 13.5% of global
diabetes-related health expenditure (Figure 3.8).

The NAC Region also has the highest diabetes-related
health expenditure per adult with diabetes (USD
7,811), followed by the EUR Region (USD 2,950),
SACA Region (USD 2,417) and WP Region (USD 1,173)
(Figure 3.9). Health expenditure is USD 429 per person
with diabetes in the MENA region, USD 414 in the AFR
region, and USD 108 in the SEA region (Figure 3.9).
In 2024, diabetes-related health expenditure per
adult with diabetes varied across IDF regions by
more than 70-fold.

IDF Diabetes Atlas 11th Edition - 2025 | diabetesatlas.org | 61"
balanced-local-384,idf_ar_expenditure,2,IDF_Diabetes_Atlas_11th_Edition_2025_WEB_p71_c128,not_relevant,,,unjudged,unjudged,deterministic certified source/page/section/anchor match,certified_anchor_oracle,not_relevant,IDF_Diabetes_Atlas_11th_Edition_2025_WEB.pdf,71,"Map 3.8 Total diabetes-related health expenditure (USD) by country for adults (20–79 years) with
diabetes in 2024.",0.8201,"Map 3.8 Total diabetes-related health expenditure (USD) by country for adults (20–79 years) with
diabetes in 2024.

<50 million

10-<50 million

50-<200 million

200 million-<1 billion
≥ 1 billion

No estimates

Map 3.9 Diabetes-related health expenditure (USD) by country per adult (20–79 years) with
diabetes in 2024.

<250

250-<500

500-<1,000

1,000-<2,000

2,000-<5,000
≥ 5,000
No estimates

66 | IDF Diabetes Atlas 11th Edition - 2025 | diabetesatlas.org"
balanced-local-384,idf_ar_expenditure,3,IDF_Diabetes_Atlas_11th_Edition_2025_WEB_p48_c80,not_relevant,,,unjudged,unjudged,deterministic certified source/page/section/anchor match,certified_anchor_oracle,not_relevant,IDF_Diabetes_Atlas_11th_Edition_2025_WEB.pdf,48,3.1 Diabetes prevalence in 2024 and projection to 2050 (20–79 years),0.7958,"| At a glance |  | 2024 | 2050 |
| --- | --- | --- | --- |
| World Population Total Adults (20-79 years) |  | 8.1 billion 5.3 billion | 9.7 billion 6.6 billion |
| All diabetes (20–79 years) Number of people with diabetes Prevalencei Number of deaths attributed to diabetes Total health expenditure due to diabetesii (2024 USD) |  | 588.7 million 11.1% 3.4 million 1.015 trillion | 852.5 million 13.0% - 1.043 trillion |
| Type 1 diabetes Number of people with type 1 diabetes (all age groups) Number of people with type 1 diabetes (>20 years) |  | 9.2 million 1.8 million |  |
| Intermediate Hyperglycaemia Impaired glucose tolerance (20–79 years) Number of people Prevalencei Impaired fasting glucose (20–79 years) Number of people with impaired fasting glucose Prevalencei |  | 634.8 million 12.0% 487.7 million 9.2% | 846.5 million 12.9% 647.5 million 9.8% |
| Hyperglycaemia in pregnancy (20–49 years) Number of live births affected Proportion of live births affected |  | 23 million 19.7% |  |"
balanced-local-384,idf_ar_expenditure,4,IDF_Diabetes_Atlas_11th_Edition_2025_WEB_p13_c20,not_relevant,,,unjudged,unjudged,deterministic certified source/page/section/anchor match,certified_anchor_oracle,not_relevant,IDF_Diabetes_Atlas_11th_Edition_2025_WEB.pdf,13,Key messages:,0.7935,"impact
of diabetes worldwide, but also for reducing that
impact through measures aimed at improving the
long-term consequences of all types of diabetes, as
well as the primary prevention of type 2 diabetes. In 2014, the WHO/NCD-RisC estimate of 422 million
people with diabetes 3 , was very close to the IDF
estimate of 415 million people with diabetes in 2015 4 .
However, the recent WHO/NCD-RisC publication
estimated that 828 million people aged 18 years or
older had diabetes in 2022 5 , considerably more than
estimates provided in this IDF Diabetes Atlas (589
million) for 2024 and the Global Burden of Diseases
Study (GBD) figure of 485 million for ages 20-79 in
2021 6 . As mentioned above, multiple decisions are
required to estimate worldwide diabetes prevalence, The diabetes impact is steadily growing to
alarming levels. The IDF Diabetes Atlas, under the
guidance of a committee of experts from all IDF
regions, remains dedicated to providing the most
accurate possible data based on the available
epidemiological sources and methods of analysis. 8 | IDF Diabetes Atlas 11th Edition - 2025 | diabetesatlas.org"
balanced-local-384,idf_ar_expenditure,5,IDF_Diabetes_Atlas_11th_Edition_2025_WEB_p1_c0,not_relevant,,,unjudged,unjudged,deterministic certified source/page/section/anchor match,certified_anchor_oracle,not_relevant,IDF_Diabetes_Atlas_11th_Edition_2025_WEB.pdf,1,"11th Edition | 2025
Diabetes Atlas",0.7903,"11th Edition | 2025
Diabetes Atlas

589

million

people worldwide

have diabetes"
balanced-local-384,idf_en_regions,1,IDF_Diabetes_Atlas_11th_Edition_2025_WEB_p117_c215,not_relevant,,,unjudged,unjudged,deterministic certified source/page/section/anchor match,certified_anchor_oracle,not_relevant,IDF_Diabetes_Atlas_11th_Edition_2025_WEB.pdf,117,"Country summary in IDF South and Central America Region
2024",0.8364,"Country summary in IDF South and Central America Region
2024

South and Central America

112 | IDF Diabetes Atlas 11th Edition - 2025 | diabetesatlas.org"
balanced-local-384,idf_en_regions,2,IDF_Diabetes_Atlas_11th_Edition_2025_WEB_p119_c219,not_relevant,,,unjudged,unjudged,deterministic certified source/page/section/anchor match,certified_anchor_oracle,not_relevant,IDF_Diabetes_Atlas_11th_Edition_2025_WEB.pdf,119,"Country summary in IDF South-East Asia Region
2024",0.8329,"Country summary in IDF South-East Asia Region
2024

South-East Asia

114 | IDF Diabetes Atlas 11th Edition - 2025 | diabetesatlas.org"
balanced-local-384,idf_en_regions,3,IDF_Diabetes_Atlas_11th_Edition_2025_WEB_p109_c199,not_relevant,,,unjudged,unjudged,deterministic certified source/page/section/anchor match,certified_anchor_oracle,not_relevant,IDF_Diabetes_Atlas_11th_Edition_2025_WEB.pdf,109,"Country summary in IDF Europe Region
2024",0.8248,"Country summary in IDF Europe Region
2024

Europe

104 | IDF Diabetes Atlas 11th Edition - 2025 | diabetesatlas.org"
balanced-local-384,idf_en_regions,4,IDF_Diabetes_Atlas_11th_Edition_2025_WEB_p32_c55,not_relevant,,,unjudged,unjudged,deterministic certified source/page/section/anchor match,certified_anchor_oracle,not_relevant,IDF_Diabetes_Atlas_11th_Edition_2025_WEB.pdf,32,Key messages:,0.8211,"Key messages:

246 data sources from 153 countries were selected
to estimate diabetes prevalence for the current IDF
Diabetes Atlas.

Data sources come from countries which comprise
over 93% of the global population.

Other sources, such as registries, have also been
included, but only after rigorous scrutiny of their
quality, just as for the peer-reviewed publications.

Future projections have been calculated using the
United Nations population predictions and degree
of urbanisation. These predictions only take into
account changes in the distribution of age, sex
and urban/rural residence ratio.

IDF Diabetes Atlas 11th Edition - 2025 | diabetesatlas.org | 27"
balanced-local-384,idf_en_regions,5,IDF_Diabetes_Atlas_11th_Edition_2025_WEB_p9_c11,not_relevant,,,unjudged,unjudged,deterministic certified source/page/section/anchor match,certified_anchor_oracle,not_relevant,IDF_Diabetes_Atlas_11th_Edition_2025_WEB.pdf,9,"Foreword by the IDF Diabetes
Atlas Chairs",0.8205,"Foreword by the IDF Diabetes
Atlas Chairs span for the estimate of numbers of persons globally
with diabetes, ranging from approximately 500 to
800 million in 2021-2024. Along this range, the GBD
and IDF estimates fall close to 500 million, while the
NCD-RisC estimate is at the upper end of the range.
A critical examination of differing methodologies
is needed to better inform healthcare planning
regarding the magnitude of the diabetes problem. It gives us great pleasure to present to you the 11th
Edition of the IDF Diabetes Atlas. The IDF Atlas has now been in production for over two
decades and delivers valuable and realistic summary
data on the state of diabetes for each nation and the
world population. Initially designed as a data resource
for individual countries and to advance the interests of
global health, it has since evolved and demonstrated
itself to be a valuable advocacy tool as well."
balanced-local-384,who_ar_recommendation_count,1,WHO_recommendations_on_care_for_women_wi_p1_c0,not_relevant,,,unjudged,unjudged,deterministic certified source/page/section/anchor match,certified_anchor_oracle,not_relevant,WHO recommendations on care for women with diabetes during pregnancy.pdf,1,,0.8101,"WHO recommendations on
care for women with diabetes

during pregnancy"
balanced-local-384,who_ar_recommendation_count,2,WHO_recommendations_on_care_for_women_wi_p3_c1,not_relevant,,,unjudged,unjudged,deterministic certified source/page/section/anchor match,certified_anchor_oracle,not_relevant,WHO recommendations on care for women with diabetes during pregnancy.pdf,3,,0.8101,"WHO recommendations on
care for women with diabetes

during pregnancy"
balanced-local-384,who_ar_recommendation_count,3,WHO_recommendations_on_care_for_women_wi_p72_c127,not_relevant,,,unjudged,unjudged,deterministic certified source/page/section/anchor match,certified_anchor_oracle,not_relevant,WHO recommendations on care for women with diabetes during pregnancy.pdf,72,"Annex 3.
Summary and management
of declared interests from
GDG members",0.804,"WHO recommendations on care for women with diabetes during pregnancy

56"
balanced-local-384,who_ar_recommendation_count,4,WHO_recommendations_on_care_for_women_wi_p22_c35,not_relevant,,,unjudged,unjudged,deterministic certified source/page/section/anchor match,certified_anchor_oracle,not_relevant,WHO recommendations on care for women with diabetes during pregnancy.pdf,22,"2.2.2 Evidence on values, resource use and cost–effectiveness, equity and
human rights, acceptability and feasibility",0.7928,"WHO recommendations on care for women with diabetes during pregnancy 2.2 Evidence identification and retrieval Evidence to support the development of the guideline recommendations was derived from several sources by the systematic review teams working in collaboration with the WHO Steering Group. 2.2.1 Evidence on effectiveness To inform the development of the recommendations, WHO commissioned a set of three de novo systematic reviews on the management of diabetes during pregnancy, one of which covered nine priority questions. External groups of systematic reviewers were asked to prepare review protocols with clear PICO questions and criteria for identification of studies, including search strategies for different bibliographic databases, methods for assessing risk of bias and a data analysis plan (19–21). The WHO Steering Group and the guideline methodologists reviewed and endorsed the protocols before the systematic reviews were conducted. The search strategies employed to identify the studies and the specific criteria for inclusion and exclusion of studies are described in the individual systematic reviews. Studies from low-, middle- and high- income countries were considered and there were no language restrictions. The entire systematic review development process was iterative, with the systematic reviewers and guideline methodologists constantly communicating with the WHO Steering Group to discuss challenges and agree on solutions. 2.2.2 Evidence on values, resource use and cost–effectiveness, equity and
human rights, acceptability and feasibility 6 Values, equity and human rights, acceptability and feasibility Two qualitative evidence syntheses (QES) explored the views and experiences of women with type 1 or type 2 diabetes during their encounters with maternity services (17) and those of health-care providers caring for women with diabetes during the maternity phase (16)."
balanced-local-384,who_ar_recommendation_count,5,WHO_recommendations_on_care_for_women_wi_p27_c44,relevant,,,unjudged,unjudged,deterministic certified source/page/section/anchor match,certified_anchor_oracle,relevant,WHO recommendations on care for women with diabetes during pregnancy.pdf,27,3,0.7846,"3

Recommendations
and supporting
evidence

The GDG issued 27 recommendations – four on care for all women with diabetes (type 1, type 2 or gestational)

during pregnancy, six on glucose monitoring, two on pharmacological treatment for pregnant women with

type 1 diabetes, four on pharmacological treatment for pregnant women with type 2 diabetes and two on

pharmacological treatment for women with GDM, and nine on additional monitoring and assessments. This

section outlines the recommendations corresponding to the priority questions.

To ensure that the recommendations are correctly understood and appropriately implemented in

11

practice, additional ‘remarks’ reflecting the summary of the discussions by the GDG are included. The

recommendations should be applied in conjunction with the implementation considerations.

The EtD frameworks – presenting the available effectiveness evidence, the balance between the desirable

and undesirable effects, values of stakeholders, resource requirements, cost–effectiveness, acceptability,

feasibility and equity, and human rights that were considered in formulating each recommendation – are

presented separately in the web annexes to this guideline.

3.1 Recommendations

3.1.1
Core practices in caring for women with diabetes during pregnancy

Advice on diet, physical activity and weight management

Recommendation

1
For pregnant women with type 1, type 2 or gestational diabetes, provide individualized advice on diet, physical

activity and weight management based on existing WHO guidance, including:

•
dietary advice for the general adult population;

•
physical activity advice for the general pregnant population;

•
weight management advice based on the above dietary and physical activity advice, with a focus on appropriate

gestational weight gain."
balanced-local-384,who_en_monitoring_scope,1,WHO_recommendations_on_care_for_women_wi_p34_c58,not_relevant,,,unjudged,unjudged,deterministic certified source/page/section/anchor match,certified_anchor_oracle,not_relevant,WHO recommendations on care for women with diabetes during pregnancy.pdf,34,"3.1.2
Glucose monitoring",0.8492,"Rationale •
Regular monitoring of blood glucose levels, and recognizing when they are low or high, is crucial to managing diabetes during pregnancy and preventing complications. Women using insulin or other glucose-lowering agents require more frequent monitoring. •
The GDG noted that SMBG has been standard care for people with type 1 diabetes since the mid- to late- 1980s and it is unethical not to offer it in this population. •
In the context of potential harm to the developing baby from both hypoglycaemia and hyperglycaemia and limited empirical evidence on the harms and benefits of different modes of glucose monitoring during pregnancy, these recommendations provide guidance on the appropriate mode of monitoring for the different types of diabetes."
balanced-local-384,who_en_monitoring_scope,2,WHO_recommendations_on_care_for_women_wi_p61_c108,not_relevant,,,unjudged,unjudged,deterministic certified source/page/section/anchor match,certified_anchor_oracle,not_relevant,WHO recommendations on care for women with diabetes during pregnancy.pdf,61,References,0.8268,"19.
Burk J, Sweeting A. The impact of self-monitoring of blood glucose and continuous glucose monitoring on perinatal and health
system outcomes in individuals with diabetes in pregnancy: a systematic review and meta-analysis. PROSPERO. 2024;https://
www.crd.york.ac.uk/PROSPERO/view/CRD42024594987. 20.
Hurley A, Makama M, Vogel J, Sultana S. Antepartum fetal monitoring in diabetic and high-risk women: A systematic review.
PROSPERO. 2024;https://www.crd.york.ac.uk/PROSPERO/view/CRD42024557435. 21.
Villanueva G, Cogo E, Sguassero Y, Buckley B, Probyn K, Bergman H, et al. Diabetes management during pregnancy. PROSPERO.
2025;https://www.crd.york.ac.uk/PROSPERO/view/CRD42025630036. 22.
Weibel S, Popp M, Reis S, Skoetz N, Garner P, Sydenham E. Identifying and managing problematic trials: A research integrity
assessment tool for randomized controlled trials in evidence synthesis. Res Synth Methods. 2023;14(3):357–69. doi: https://doi.
org/10.1002/jrsm.1599. 23.
Lewin S, Booth A, Glenton C, Munthe-Kaas H, Rashidian A, Wainwright M, et al. Applying GRADE-CERQual to qualitative evidence
synthesis findings: introduction to the series. Implement Sci. 2018;13(Suppl 1):2. doi: https://doi.org/10.1186/s13012-017-0688-3. 24.
Evers S, Goossens M, de Vet H, van Tulder M, Ament A. Criteria list for assessment of methodological quality of economic
evaluations: Consensus on Health Economic Criteria. Int J Technol Assess Health Care. 2005;21(2):240–5. doi: PMID: https://
pubmed.ncbi.nlm.nih.gov/15921065/. 25.
GRADEpro GDT. GRADEpro Guideline Development Tool [Software]. McMaster University and Evidence Prime, 2024. Available from:
gradepro.org. 26.
Alonso-Coello P, Schünemann HJ, Moberg J, Brignardello-Petersen R, Akl EA, Davoli M, et al. [GRADE Evidence to Decision (EtD)
frameworks: a systematic and transparent approach to making well informed healthcare choices. 1: Introduction]. Gac Sanit.
2018;32(2):166.e1–.e10. doi: https://doi.org/10.1016/j.gaceta.2017.02.010."
balanced-local-384,who_en_monitoring_scope,3,WHO_recommendations_on_care_for_women_wi_p36_c61,not_relevant,,,unjudged,unjudged,deterministic certified source/page/section/anchor match,certified_anchor_oracle,not_relevant,WHO recommendations on care for women with diabetes during pregnancy.pdf,36,"3.1.2
Glucose monitoring",0.8215,"WHO recommendations on care for women with diabetes during pregnancy •
Although findings vary, some women with GDM find blood glucose monitoring to be a useful way of managing their condition without the use of insulin ( moderate confidence ) (37). However, some women with GDM find blood glucose monitoring to be time consuming and socially isolating ( moderate confidence ) (33), with some expressing concern about the associated pain and potential bleeding ( moderate confidence ) (33, 35). In addition, for women unused to the routine of blood glucose monitoring, there was a tendency to forget to test at regular intervals ( moderate confidence ) (38). The use of smartphone apps or health centre reminders sometimes negated this problem ( low confidence ) (38). Feasibility •
While the QES found no direct evidence regarding the feasibility of different monitoring systems from the perspective of health-care providers (16), indirect evidence suggests that some may require additional training to better understand the management of diabetes during pregnancy ( moderate confidence ) and that some find guidelines and protocols for diabetes management (including monitoring) during pregnancy to be inconsistent, confusing and occasionally outdated ( moderate confidence ). Glycated haemoglobin (HbA1c) Recommendations 8
For pregnant women with type 1 or type 2 diabetes, measure HbA1c in the first trimester or as soon as antenatal care is initiated. 20 9
For women with gestational diabetes, do not routinely measure HbA1c. Rationale •
HbA1c is used to reflect average plasma glucose over the last 8 to 12 weeks and is recommended by WHO to establish the diagnosis of type 2 diabetes and monitor glycaemic control in people with diabetes outside of pregnancy (28). •
In light of a lack of empirical evidence on health benefits of measuring HbA1c for pregnant women with diabetes, the GDG developed recommendations based on the capacity for testing of HbA1c early in"
balanced-local-384,who_en_monitoring_scope,4,WHO_recommendations_on_care_for_women_wi_p34_c57,not_relevant,,,unjudged,unjudged,deterministic certified source/page/section/anchor match,certified_anchor_oracle,not_relevant,WHO recommendations on care for women with diabetes during pregnancy.pdf,34,"3.1.2
Glucose monitoring",0.7979,"WHO recommendations on care for women with diabetes during pregnancy –
support the woman in monitoring blood glucose; –
support the woman in maintaining target glucose levels; –
effectively manage the use of insulin and/or oral glucose-lowering agents in pregnancy; –
provide individualized dietary and activity advice, education and support; –
undertake and respond to appropriate fetal surveillance. Equity and human rights •
Indirect evidence from the QES (16) indicates that specialized services may not be available in all settings, particularly in low-income contexts ( l ow confidence ). •
In addition, where specialized services are available, the additional costs associated with attendance (transportation, childcare, time away from work) may be prohibitive for some women, especially those on low incomes and/or those requiring extra clinic visits to support other aspects of their antenatal care and/ or diabetic management ( low confidence ). Feasibility •
Indirect evidence from the QES (16) suggests that health-care providers recognize the importance of inter- professional collaboration and a multidisciplinary team approach to care ( moderate confidence ). •
Indirect evidence from the same review (16) suggests that some health-care providers would like more 18 specialized training to better understand diabetes management during pregnancy ( moderate confidence ). 3.1.2
Glucose monitoring Mode of glucose monitoring Recommendations 5
For pregnant women with type 1, type 2 or gestational diabetes, recommend SMBG in addition to routine care, where feasible. 6
For pregnant women with type 1 diabetes, recommend the use of a CGM system, where feasible. 7
For pregnant women with type 2 or gestational diabetes, do not routinely recommend use of a CGM system. Rationale •
Regular monitoring of blood glucose levels, and recognizing when they are low or high, is crucial to managing diabetes during pregnancy and preventing complications. Women using insulin or other"
balanced-local-384,who_en_monitoring_scope,5,WHO_recommendations_on_care_for_women_wi_p1_c0,not_relevant,,,unjudged,unjudged,deterministic certified source/page/section/anchor match,certified_anchor_oracle,not_relevant,WHO recommendations on care for women with diabetes during pregnancy.pdf,1,,0.7816,"WHO recommendations on
care for women with diabetes

during pregnancy"
balanced-local-384,who_ar_individualized_care,1,IDF_Diabetes_Atlas_11th_Edition_2025_WEB_p23_c36,not_relevant,,,unjudged,unjudged,deterministic certified source/page/section/anchor match,certified_anchor_oracle,not_relevant,IDF_Diabetes_Atlas_11th_Edition_2025_WEB.pdf,23,1.2 Type 2 diabetes,0.6878,"Insulin injections may be necessary to control
hyperglycaemia to recommended levels if non-insulin
medications do not help people with type 2 diabetes
to achieve glycaemic control. and cardiovascular disease. 30,32–35 The detection of
intermediate hyperglycaemia provides a target
population for interventions. 36,37 Progression from IGT or IFG to type 2 diabetes
depends on the degree of hyperglycaemia and
other risk factors, particularly age and excess body
weight. 37,38 The absolute risk for this progression
depends dramatically on individual characteristics
such as age and BMI. Beyond controlling blood glucose levels, it is critically
important to manage blood pressure (BP) and
blood cholesterol (LDL-c) levels and assess control
of these risk factors on a regular basis (at least
annually). Regular screening for the development
of early diabetes-related complications, such as
kidney disease, retinopathy, neuropathy, peripheral
artery disease and foot ulceration, helps prevent the
development and progression of these complications.
With regular check-ups and effective lifestyle
management – along with medication as needed and
support in the form of diabetes education – people
with type 2 diabetes can lead long and healthy lives. 1.4 Diagnostic criteria for diabetes Most guidelines use the standard diagnostic criteria
proposed by IDF and the World Health Organization
(WHO) Figure 1.1. The footnote in Figure 1.1 mentions
the American Diabetes Association (ADA) inclusion of
HbA1c as part of the diagnostic criteria of diabetes
and prediabetes. WHO supports the use of HbA1c
≥ 6.5% for diabetes diagnosis but not for intermediate
hyperglycaemia, partly on the grounds that quality-
assured HbA1c measurement is not available on a
global scale. 27"
balanced-local-384,who_ar_individualized_care,2,WHO_recommendations_on_care_for_women_wi_p34_c58,not_relevant,,,unjudged,unjudged,deterministic certified source/page/section/anchor match,certified_anchor_oracle,not_relevant,WHO recommendations on care for women with diabetes during pregnancy.pdf,34,"3.1.2
Glucose monitoring",0.6571,"Rationale •
Regular monitoring of blood glucose levels, and recognizing when they are low or high, is crucial to managing diabetes during pregnancy and preventing complications. Women using insulin or other glucose-lowering agents require more frequent monitoring. •
The GDG noted that SMBG has been standard care for people with type 1 diabetes since the mid- to late- 1980s and it is unethical not to offer it in this population. •
In the context of potential harm to the developing baby from both hypoglycaemia and hyperglycaemia and limited empirical evidence on the harms and benefits of different modes of glucose monitoring during pregnancy, these recommendations provide guidance on the appropriate mode of monitoring for the different types of diabetes."
balanced-local-384,who_ar_individualized_care,3,Availability__price_and_affordability_of_p53_c105,not_relevant,,,unjudged,unjudged,deterministic certified source/page/section/anchor match,certified_anchor_oracle,not_relevant,"Availability, price and affordability of health technologies for the management of diabetes.pdf",53,Annex 3. List of publications compiled by this scoping review,0.64,"Annex 3. List of publications compiled by this scoping review Annexes 1
Insulin Availability Among
International Diabetes
Federation Member
Associations Report of
the Task Force on Insulin
Distribution Deeb
1994
60 coun­
tries Mainly insulin. Availability of syringes 42% of the
countries. Glucometers were used in 49 countries (81%). DM
Survey 2
Home monitoring of blood
glucose (HMBG) in Type-
2 Diabetes mellitus in a
developing country Kibriya
1999
Bangla­
desh Home Monitoring of Blood Glucose pack. Glucometer
cost: 131.3 USD Test strips cost: 12.62 for 25 strips (1 strip
0.5 USD), 100 strips 50.5 USD (1 USD = 49.5 Taka). T2DM
Cost-
effectiveness
evaluation 3
Excess costs of medical care
1 and 8 years after diagnosis
of diabetes: estimates from
young and middle-aged
incidence cohorts in Sweden Jonsson
2000
Sweden
Excess cost. Use. Annual cost strips. Strips' cost exceeds
the cost of insulin. The use of blood glucose test strips
was $321 in women compared to $177 USD in men T1DM
and
T2DM Cohort study 4
Is access to Insulin, Insulin
supplies and Education
a Democratic Right for
All People Affected by
Diabetes? Murray
2000
16 coun­
tries Cen­
tral and
Eastern
Europe Insulin and glucose strip cost. 50 strips 14-57 USD.
Cost per strip 0.28–1.14 USD. Cost Barriers: access
in rural areas was a concern, cost, supply shortages,
transportation difficulties, lack of education for patients,
lack of trained personnel. Syringes and pens were
reported to be available for free. Insulin cost was 5-18
USD. DM
Survey 5
Final report of the
International Insulin
Foundation on the rapid
assessment protocol for
insulin access in Zambia International
Insulin
Foundation"
balanced-local-384,who_ar_individualized_care,4,Guidance_on_global_monitoring_for_diabet_p55_c101,not_relevant,,,unjudged,unjudged,deterministic certified source/page/section/anchor match,certified_anchor_oracle,not_relevant,"Guidance on global monitoring for diabetes prevention and control Framework, indicators and application.pdf",55,Service delivery,0.6268,"| Indicator name | Treatment with glucose-lowering medication among people with diabetes |
| --- | --- |
| Purpose | To assess the level of treatment with glucose-lowering medication among people with diabetes. |
| Definition | Proportion of people with diabetes who required glucose-lowering medication and were receiving it according to WHO or national guidelines: ● This indicator can be derived from population-level surveys or health facility-based reporting systems. “Receiving medication” will be assessed through self-reports in a population-based survey, while in health facility- based reporting system, it will be assessed through prescription data. |
| Numerator | Population survey data: number of respondents with diabetes who required glucose-lowering medication and were receiving it according to guidelines. Facility data: number of people with diabetes registered in health facilities who required glucose-lowering medication and were receiving it according to guidelines during the reporting period. |
| Denominator | Population survey data: total number of respondents with diabetes who required glucose-lowering medication according to guidelines. Facility data: total number of people with diabetes registered in health facilities who required glucose-lowering medication according to guidelines during the reporting period. |
| Method of estimation | Numerator ÷ denominator × 100 |
| Disaggregation | Where possible and applicable, stratify by facility level of care type, provider ownership type (public/private), and individual-level characteristics such as age, sex, race/ethnicity, comorbidity status, high-risk groups, socioeconomic status, residence type (urban/rural), and health insurance type. |
| Sources of data | Health facility patient registers, health records, population-based survey |
| Limitations/comments | None |
| Related links | HEARTS-D: diagnosis and management of type 2 diabetes. Geneva: World Health Organization; 2020 (https://iris.who.int/handle/10665/331710). Noncommunicable disease facility-based monitoring guidance: framework, indicators and application. Geneva: World Health Organization; 2022 (https://iris. who.int/handle/10665/364379). The selection and use of essential medicines 2023: web annex A: World Health Organization model list of essential medicines: 23rd list‎. Geneva: World Health Organization; 2023 (https://iris.who.int/handle/10665/371090). |"
balanced-local-384,who_ar_individualized_care,5,EJOS_Volume_4_Issue_13_Pages_5_24_p5_c4,not_relevant,,,unjudged,unjudged,deterministic certified source/page/section/anchor match,certified_anchor_oracle,not_relevant,EJOS_Volume 4_Issue 13_Pages 5-24.pdf,5,9,0.6245,"THE IMPACT OF THE USE OF PLANTS STEVIA ON

LABORATORY RATS INDUCED DIABETIC

Serum aspartate transferase (AST) and serum alanine
transferase (ALT) and lipid peroxide (Malonaldehyde)
activities were measured colorimetrically according to
(Reitman and Frankel., 1957).
Results and Discussion:

Stevia possess the ability to increase the insulin effect
on cell membranes, increase insulin production, stabilize
glucagon secretion and blood sugar levels, and improve
glucose tolerance to ingested carbohydrates and lower post-
prandial blood sugar levels in both animals and
humans(Dyrskog, et al., 2005).
Table (1): The effect of different doses of stevia on serum

blood glucose of hyperglycemic rats.

Values are expressed as mean ± SD.Significance at p<0.05Values,
which don’t share the same letter in each column, are significantly
different.

9"
balanced-local-384,who_en_gdm_lifestyle_trial,1,WHO_recommendations_on_care_for_women_wi_p42_c74,not_relevant,,,unjudged,unjudged,deterministic certified source/page/section/anchor match,certified_anchor_oracle,not_relevant,WHO recommendations on care for women with diabetes during pregnancy.pdf,42,"3.1.3
Pharmacological treatment",0.7872,"insulin during pregnancy (see below), and clinical practices and availability of medications are highly variable. The choice of glucose-lowering agent for pregnant women with type 2 diabetes will be based on the woman’s experiences of medication before becoming pregnant, her glycaemic control during pregnancy, local availability and expertise, and her values and preferences. •
The GDG noted that many blood-glucose lowering agents are either not recommended for use in pregnancy or do not have adequate safety data in pregnancy (e.g. glucagon-like peptide-1 receptor agonists [GLP-1RA] and sodium-glucose transport protein 2 [SGLT2] Inhibitors). Dose of glucose-lowering agent •
The GDG acknowledged that, although the evidence on type 2 diabetes during pregnancy is limited, increased monitoring and/or intensity of glycaemic management may be required. Continuous subcutaneous insulin infusion may also be a consideration, as available. Desirable and undesirable effects •
The systematic review conducted to inform this guideline identified the following comparisons and findings. The GDG acknowledged that changes in the market mean that some medications may become unavailable and new products may become available and trigger review of the guidelines as evidence emerges."
balanced-local-384,who_en_gdm_lifestyle_trial,2,WHO_recommendations_on_care_for_women_wi_p44_c77,relevant,,,unjudged,unjudged,deterministic certified source/page/section/anchor match,certified_anchor_oracle,relevant,WHO recommendations on care for women with diabetes during pregnancy.pdf,44,"3.1.3
Pharmacological treatment",0.7765,"WHO recommendations on care for women with diabetes during pregnancy Remarks Commencement of pharmacotherapy •
The GDG acknowledged that a two-week trial of diet and physical activity to achieve glycaemic control is typically conducted before considering commencement of blood glucose-lowering medication for GDM. The trials comparing different pharmacological agents included in the systematic review used a range of lengths of diet/activity (when described this ranged from 3 to 28 days, most commonly seven days). However, in some settings and for some clinical presentations (e.g. based on level of glycaemic control or maternal/fetal concerns), medication may be commenced without a trial of diet/activity. Trigger for treatment initiation or change •
In the trials comparing different pharmacological agents included in the systematic review, thresholds used for insulin initiation, treatment agent switch and dose escalation were poorly and inconsistently reported. In most studies, the trigger for FPG was 5.0 to 5.5 mmol/L (90 to 100 mg/dL), with some using stricter (3.4 to 5.0 mmol/L [60 to 90 mg/dL]) or looser (<6.1 mmol/L [<110 mg/dL]) targets. One-hour postprandial targets ranged from <6.5 to <9.0 mmol/L (<117 to <162 mg/dL) and most studies used a two- hour postprandial target of <6.7 mmol/L (120 mg/dL), ranging between <5.6 and <7.8 mmol/L (<100 mg/dL and <140 mg/dL). •
In clinical practice, a flexible approach may be appropriate and triggers for treatment initiation or change will likely be based on a woman’s blood glucose control and clinical criteria that reflect local realities 28 (e.g. food insecurity, challenges in monitoring or follow-up), aiming to balance safety and feasibility. Choice of glucose-lowering agent •
The GDG acknowledged that although there is some indication of possible benefits of commencing with metformin, overall the evidence does not strongly support metformin over insulin as a first-line medicine."
balanced-local-384,who_en_gdm_lifestyle_trial,3,IDF_Diabetes_Atlas_11th_Edition_2025_WEB_p28_c50,not_relevant,,,unjudged,unjudged,deterministic certified source/page/section/anchor match,certified_anchor_oracle,not_relevant,IDF_Diabetes_Atlas_11th_Edition_2025_WEB.pdf,28,References,0.7649,"BMJ 355 ,
i5953 (2016). 42. Immanuel, J. & Simmons, D. Screening and
Treatment for Early-Onset Gestational Diabetes
Mellitus: a Systematic Review and Meta-analysis.
Curr. Diab. Rep. 17 , 115 (2017). 33. Yeboah, J., Bertoni, A. G., Herrington, D. M., Post,
W. S. & Burke, G. L. Impaired fasting glucose
and the risk of incident diabetes mellitus and
cardiovascular events in an adult population:
MESA (Multi-Ethnic Study of Atherosclerosis).
J Am Coll Cardiol 58 , 140–146 (2011). 43. Guariguata, L., Linnenkamp, U., Beagley, J.,
Whiting, D. R. & Cho, N. H. Global estimates of
the prevalence of hyperglycaemia in pregnancy.
Diabetes Res Clin Pract 103 , 176–185 (2014). IDF Diabetes Atlas 11th Edition - 2025 | diabetesatlas.org | 23"
balanced-local-384,who_en_gdm_lifestyle_trial,4,WHO_recommendations_on_care_for_women_wi_p38_c65,not_relevant,,,unjudged,unjudged,deterministic certified source/page/section/anchor match,certified_anchor_oracle,not_relevant,WHO recommendations on care for women with diabetes during pregnancy.pdf,38,"3.1.2
Glucose monitoring",0.7502,"WHO recommendations on care for women with diabetes during pregnancy available, a target fasting blood glucose of ≤7 mmol/L (126 mg/dl) and a postprandial plasma glucose of ≤9 mmol/L (45) can serve as surrogates. However, an individualized approach is encouraged in setting the patient’s target level for glycaemic control, taking into account their comorbidities, risks from medication side-effects and likely benefit from tight glycaemic control in view of life expectancy (46). •
In the context of limited empirical evidence, the GDG developed this recommendation based on the potential harm to the developing baby from hypoglycaemia and hyperglycaemia and the importance of glucose monitoring as noted in Recommendation 5. Remarks Benefits and harms •
The systematic review conducted to inform this guideline found that for women with type 1 diabetes: –
for very tight glycaemic targets (fasting plasma glucose [FPG] 3.33 to 5.00 mmol/L [60 to 90 mg/dL]) versus moderately tight glycaemic targets (FPG 5.27 to 6.38 mmol/L [95 to 115 mg/dL]), there was no evidence of benefit and possible increases in the percentage of days with maternal hypoglycaemia (n=22 women) and increased length of postnatal hospitalization (n=137 women) ( low certainty ); –
for tight glycaemic targets (FPG <5.6 mmol/L [<101 mg/dL]) versus moderate (FPG 5.6 to 6.7 mmol/L glycaemic targets [101 to 121 mg/dL]) there was no evidence of benefit or harm; –
for moderate glycaemic targets (FPG target 5.6 to 6.7 mmol/L [101 to 121 mg/dL]) versus loose 22 glycaemic targets (FPG 6.7 to 8.9 mmol/L [121 mg/dL to 160 mg/dL]), there were possible reductions in caesarean birth (n=44 women), large-for-gestational age (n=44 babies) and respiratory distress syndrome (n=44 babies) ( low certainty ) and no certain evidence of harm. •
For tight versus moderate glycaemic targets or moderate versus loose glycaemic targets, the lack of harm is not established as many outcomes were of very low certainty."
balanced-local-384,who_en_gdm_lifestyle_trial,5,IDF_Diabetes_Atlas_11th_Edition_2025_WEB_p29_c51,not_relevant,,,unjudged,unjudged,deterministic certified source/page/section/anchor match,certified_anchor_oracle,not_relevant,IDF_Diabetes_Atlas_11th_Edition_2025_WEB.pdf,29,References,0.7433,"54. Saravanan, P. et al . Early pregnancy HbA1c as
the first screening test for gestational diabetes:
results from three prospective cohorts. Lancet
Diabetes Endocrinol 12 , 535–544 (2024). 44. Simmons, D. et al . Treatment of Gestational
Diabetes Mellitus Diagnosed Early in Pregnancy.
N Engl J Med 388 , 2132–2144 (2023). 45. Seifu, C. N. et al . Association Between Immediate
Treatment of Early Gestational Diabetes Mellitus
and Breastfeeding Outcomes: Findings From the
TOBOGM Study. Diabetes Care dc231635 (2024)
doi:10.2337/dc23-1635. 55. Guariguata, L., Linnenkamp, U., Beagley, J.,
Whiting, D. R. & Cho, N. H. Global estimates of
the prevalence of hyperglycaemia in pregnancy.
Diabetes Res. Clin. Pract. 103 , 176–185 (2014). 56. Hivert, M.-F. et al . Pathophysiology from
preconception, during pregnancy, and beyond.
Lancet 404 , 158–174 (2024). 46. Haque, M. M. et al . Cost-effectiveness of
diagnosis and treatment of early gestational
diabetes mellitus: economic evaluation of the
TOBOGM study, an international multicenter
randomized controlled trial. EClinicalMedicine
71 , 102610 (2024). 57. Bellamy, L., Casas, J.-P., Hingorani, A. D. & Williams,
D. Type 2 diabetes mellitus after gestational
diabetes: a systematic review and meta-analysis.
Lancet 373 , 1773–1779 (2009). 47. American Diabetes Association. Diagnosis and
classification of diabetes mellitus. Diabetes Care
37 Suppl 1 , S81-90 (2014). 58. Fetita, L.-S., Sobngwi, E., Serradas, P., Calvo, F. &
Gautier, J.-F. Consequences of fetal exposure to
maternal diabetes in offspring. J. Clin. Endocrinol.
Metab. 91 , 3718–3724 (2006). 48. Chivese, T. et al . IDF Diabetes Atlas: The
prevalence of pre-existing diabetes in pregnancy
- A systematic reviewand meta-analysis of studies
published during 2010-2020. Diabetes Res Clin
Pract 183 , 109049 (2022)."
balanced-local-384,who_ar_care_actions,1,WHO_recommendations_on_care_for_women_wi_p1_c0,not_relevant,,,unjudged,unjudged,deterministic certified source/page/section/anchor match,certified_anchor_oracle,not_relevant,WHO recommendations on care for women with diabetes during pregnancy.pdf,1,,0.9075,"WHO recommendations on
care for women with diabetes

during pregnancy"
balanced-local-384,who_ar_care_actions,2,WHO_recommendations_on_care_for_women_wi_p3_c1,not_relevant,,,unjudged,unjudged,deterministic certified source/page/section/anchor match,certified_anchor_oracle,not_relevant,WHO recommendations on care for women with diabetes during pregnancy.pdf,3,,0.9075,"WHO recommendations on
care for women with diabetes

during pregnancy"
balanced-local-384,who_ar_care_actions,3,WHO_recommendations_on_care_for_women_wi_p72_c127,not_relevant,,,unjudged,unjudged,deterministic certified source/page/section/anchor match,certified_anchor_oracle,not_relevant,WHO recommendations on care for women with diabetes during pregnancy.pdf,72,"Annex 3.
Summary and management
of declared interests from
GDG members",0.8922,"WHO recommendations on care for women with diabetes during pregnancy

56"
balanced-local-384,who_ar_care_actions,4,WHO_recommendations_on_care_for_women_wi_p34_c57,relevant,,,unjudged,unjudged,deterministic certified source/page/section/anchor match,certified_anchor_oracle,relevant,WHO recommendations on care for women with diabetes during pregnancy.pdf,34,"3.1.2
Glucose monitoring",0.7936,"WHO recommendations on care for women with diabetes during pregnancy –
support the woman in monitoring blood glucose; –
support the woman in maintaining target glucose levels; –
effectively manage the use of insulin and/or oral glucose-lowering agents in pregnancy; –
provide individualized dietary and activity advice, education and support; –
undertake and respond to appropriate fetal surveillance. Equity and human rights •
Indirect evidence from the QES (16) indicates that specialized services may not be available in all settings, particularly in low-income contexts ( l ow confidence ). •
In addition, where specialized services are available, the additional costs associated with attendance (transportation, childcare, time away from work) may be prohibitive for some women, especially those on low incomes and/or those requiring extra clinic visits to support other aspects of their antenatal care and/ or diabetic management ( low confidence ). Feasibility •
Indirect evidence from the QES (16) suggests that health-care providers recognize the importance of inter- professional collaboration and a multidisciplinary team approach to care ( moderate confidence ). •
Indirect evidence from the same review (16) suggests that some health-care providers would like more 18 specialized training to better understand diabetes management during pregnancy ( moderate confidence ). 3.1.2
Glucose monitoring Mode of glucose monitoring Recommendations 5
For pregnant women with type 1, type 2 or gestational diabetes, recommend SMBG in addition to routine care, where feasible. 6
For pregnant women with type 1 diabetes, recommend the use of a CGM system, where feasible. 7
For pregnant women with type 2 or gestational diabetes, do not routinely recommend use of a CGM system. Rationale •
Regular monitoring of blood glucose levels, and recognizing when they are low or high, is crucial to managing diabetes during pregnancy and preventing complications. Women using insulin or other"
balanced-local-384,who_ar_care_actions,5,WHO_recommendations_on_care_for_women_wi_p50_c89,not_relevant,,,unjudged,unjudged,deterministic certified source/page/section/anchor match,certified_anchor_oracle,not_relevant,WHO recommendations on care for women with diabetes during pregnancy.pdf,50,"3.1.4
Additional monitoring",0.7812,"WHO recommendations on care for women with diabetes during pregnancy •
Indirect evidence highlights the importance of teamwork, especially for women receiving additional (or enhanced) services (16). Some health-care providers felt there were gaps in the system caused by poor communication between different disciplines and/or departments and stressed the importance of ‘joined up’ care and efficient, multidisciplinary teamworking ( moderate confidence ). Feasibility •
Indirect evidence from the QES suggests that some health systems may struggle to cope with enhanced services for pregnant diabetic women given the extra demands (in terms of resources, staff training and equipment) required to support these services in already overstretched health systems ( high confidence ) (16). Renal assessment Recommendations 25
For pregnant women with type 1 or type 2 diabetes, assess renal function when antenatal care is initiated and arrange specialist follow-up for women if impaired renal function is identified. 26
For women with GDM, do not routinely assess renal function. 27
For pregnant women with type 1 or type 2 diabetes with impaired renal function, emphasize the importance of maintaining blood pressure levels below 130/80 mmHg during pregnancy and offer antihypertensives known to be safe in pregnancy as indicated. Advise women to modify major risk factors for cardiovascular disease (e.g. smoking, 34 unhealthy diet, sedentary behaviour) and to seek specialist postnatal follow-up. Rationale •
Diabetic nephropathy is the most common cause of chronic kidney disease and end-stage renal disease worldwide. It arises as a microvascular complication of chronic hyperglycaemia, leading to structural damage within the glomeruli and progressive loss of kidney function (60). The early stages of diabetic nephropathy, characterized by microalbuminuria, signal systemic endothelial dysfunction and serve as"
balanced-local-384,no_evidence_en_malaria,1,Regional_Commemoration_of_World_Diabetes_p41_c72,not_relevant,,,unjudged,unjudged,deterministic certified source/page/section/anchor match,certified_anchor_oracle,not_relevant,Regional Commemoration of World Diabetes Day 2024.pdf,41,MALAYSIA,0.4658,"an increasing trend for treatment effectiveness. •
SIMPLE app is useful for following up patients who have missed their clinic visits however a very small
number of patients did not have phone access. •
Health staff compliance improved over time and gained confidence in using the app for monitoring. •
All essential drugs included in the diabetes protocol are freely available in all primary care institutions. •
Patient compliance is a challenge that needs to be improved through patient-centred care with
specific improvements in communication. Regional Commemoration of World Diabetes Day Colombo Sri Lanka 21-22 November 2024 Implementation research for use of Improving diabetes
treatment outcomes through
protocol-based management Strong public health policies, Integration of diabetes
remission in NCD clinic
with quality assessment to
achieve the good glycaemia digital technologies for screening Community Health Station
programme, engagement of local
authorities- a positive step towards at community level through
community screening app and clinic of diabetes in Sri Lanka -Diabetes Compass in Sri Lanka prevention of diabetes in Thailand control in Thailand
SRI LANKA THAILAND RISK FACTORS PREVENTION
(PRIMARILY  TARGETING OBESITY, UNHEALTHY DIET USING DIABETES AS TRACER TO STRENGTHEN
HEALTH SYSTEMS COMPONENTS IN TIMOR LESTE OR PHYSICAL INACTIVITY) Dr Mateus Remiso Ornai Head of NCD, MoH Timor-Leste
Dr Helder Juvinal Neto Focal Point for PEN and Diabetes, MoH Timor-Leste Dr Mateus Remiso Ornai Head of NCD, MoH Timor-Leste
Dr Helder Juvinal Neto Focal Point for PEN and Diabetes, MoH Timor-Leste BACKGROUND PROBLEM STATEMENT BACKGROUND PROBLEM STATEMENT Disease burden: As per TL Fact sheet
2016, prevalence of  diabetes is 3.9% Pre-
liminary  results from  Integrated NCD
survey, Timor Leste 2023 Using hy-
pertension
and
diabetes
as
tracer
conditions
to
improve
quality
NCD
care
services • MOH  has  given the commitment to put
50,000 people with diabetes and or hyper-
tension"
balanced-local-384,no_evidence_en_malaria,2,Availability__price_and_affordability_of_p48_c99,not_relevant,,,unjudged,unjudged,deterministic certified source/page/section/anchor match,certified_anchor_oracle,not_relevant,"Availability, price and affordability of health technologies for the management of diabetes.pdf",48,"Availability, price and affordability of health technologies for the management of diabetes",0.4179,"Diabetes
2021. 77.
Najem S, Majaliwa ES, Ramaiya K, Swai ABM, Jasem D, Ludvigsson J. Glycemic control and complications of type 1
diabetes among children in Tanzania. J Clin Transl Endocrinol 2021; 23: 100245. 78.
Castro Adel R, Grossi SA. [Reuse of discarded syringes in residences of children and teenagers with diabetes
mellitus]. Rev Esc Enferm USP 2007; 41(2): 187-95. 36"
balanced-local-384,no_evidence_en_malaria,3,Prevention_and_control_of_diabetes_melli_p57_c98,not_relevant,,,unjudged,unjudged,deterministic certified source/page/section/anchor match,certified_anchor_oracle,not_relevant,Prevention and control of diabetes mellitus Lessons for service delivery from countries in the WHO South-East Asia Region.pdf,57,Case study 4,0.4161,"|  | INDONESIA Improving integrated screening and management of tuberculosis and diabetes Background and rationale: Like many other Objectives: The main objective of the project countries, Indonesia is in an epidemiological was to strengthen bidirectional screening and transition with a high burden of infectious integrated management of TB and diabetes, diseases, including tuberculosis (TB), and as bidirectional screening and treatment is a rising NCD burden. The country has an vital to control both conditions. It focused on estimated diabetes prevalence of 10.8%, developing practical guidelines and training accounting for 19 465 102 adults (28). In 2022, modules, tailored for doctors, nurses and the estimated prevalence of TB in Indonesia community health workers, and facilitated was approximately 312 cases per 100 000 training of health-care professionals and population. Both TB and diabetes prevalence community health workers in co-management places Indonesia among the seven countries protocols. The project also promoted with the highest burden of these two diseases early identification of TB and diabetes by (34). introducing diabetes checks among TB patients and TB screening for individuals with Indonesian Family Life Survey (IFLS) 2014 data diabetes. It also strengthened health-seeking show that only 54% of public health centres behaviour through community education and (puskesmas) can test blood glucose and patient awareness activities. only 47% reported the ability to test urine. The capacity of primary care to undertake Project setting, population and timeline: diagnostic testing also varies among urban Building on earlier work in North Moluccas, and rural areas and across provinces. Urban East Kalimantan and Jakarta, this project capacity was higher than rural capacity, extended the scope across five provinces: while the eastern provinces demonstrated North Moluccas (North Maluku), North lower capacity compared with the western Celebes (now North Sulawesi), Jakarta, provinces. West Java and East Nusa Tenggara, with a |
| --- | --- |"
balanced-local-384,no_evidence_en_malaria,4,Availability__price_and_affordability_of_p54_c108,not_relevant,,,unjudged,unjudged,deterministic certified source/page/section/anchor match,certified_anchor_oracle,not_relevant,"Availability, price and affordability of health technologies for the management of diabetes.pdf",54,Annex 3. List of publications compiled by this scoping review,0.4058,"Availability, price and affordability of health technologies for the management of diabetes 6
Final report of the
international insulin
foundation on the rapid
assessment protocol for
insulin access in Mali International
Insulin
Foundation 2004
Mali
Glucometer availability 16-100% availability. Cost of
glucose test for the patient 0.08–3.00 Euro.  Barriers:
unavailability of diagnostics tools and the appropriate
level of care, supply issues for reagents and other
laboratory materials. Recommendations: removing 5%
VAT and mark-ups for technologies needed for diabetes
management, develop a national priority devices list
for each level within the health system, develop supply
chain for laboratory materials. T1DM
Report 7
Report of the international
insulin foundation on the
rapid assessment protocol
for insulin access in
Mozambique International
Insulin
Foundation 2004
Mozam­
bique Glucometer availability 21% of facilities. Strips availability
6% of facilities. Blood glucose test fee 0.21 USD. Barriers:
unavailability of diagnostics tools at the Hospital, lack
of training for healthcare providers, self-monitoring
equipment out of reach for patients. Recommendations:
Improve access to diagnostics tools, develop diabetes
care guidelines, and improve training for laboratory
technicians. T1DM
Report 8
Assessing health systems
for type 1 diabetes in sub-
Saharan Africa: Developing
a 'Rapid Assessment
Protocol for Insulin Access' Beran
2006
Mozam­
bique,
Mali and
Zambia System barriers. Availability and pricing of insulin,
syringes and monitoring equipment. Levels of provision
in the system classified as macro, meso, and micro
(RAPIA) T1DM
Assessment
development
and piloting 9
Diabetes care in sub-
Saharan Africa Beran
2006
Africa
Mainly insulin cost and availability. Glucometer
availability in Mozambique 18%. Recommendations.
RAPIA DM
Review 10
The cost burden of diabetes
mellitus: The evidence from
Germany - The CoDiM study"
balanced-local-384,no_evidence_en_malaria,5,Regional_Commemoration_of_World_Diabetes_p13_c17,not_relevant,,,unjudged,unjudged,deterministic certified source/page/section/anchor match,certified_anchor_oracle,not_relevant,Regional Commemoration of World Diabetes Day 2024.pdf,13,2 Summary of the proceedings,0.4036,"acids. He also summarized the following as country-specific efforts showcased through poster
presentation. 
Bangladesh – mobilizing communities through religious leaders and culturally
adapted materials, 
Bhutan – integrating traditional health practices with modern care and set district-
wise targets to reduce care gaps 
India – demonstrating strong political commitment with its 75 by 25 initiative,
leveraging Health and Wellness Centers for telehealth and diagnostics. 
Indonesia – integrating TB-DM management in primary healthcare and used HbA1C
testing for treatment monitoring. Maldives reoriented its health system, focusing
on capacity building and population tracking 7 Regional Commemoration of World Diabetes Day 2024"
balanced-local-384,no_evidence_ar_quantum,1,The_Global_Diabetes_Compact_progress_in__p1_c0,not_relevant,,,unjudged,unjudged,deterministic certified source/page/section/anchor match,certified_anchor_oracle,not_relevant,The Global Diabetes Compact progress in supporting its workstreams technical report.pdf,1,,0.693,"The Global

Diabetes
Compact -
progress in
supporting its

workstreams

Technical report"
balanced-local-384,no_evidence_ar_quantum,2,The_Global_Diabetes_Compact_progress_in__p2_c1,not_relevant,,,unjudged,unjudged,deterministic certified source/page/section/anchor match,certified_anchor_oracle,not_relevant,The Global Diabetes Compact progress in supporting its workstreams technical report.pdf,2,,0.693,"The Global

Diabetes
Compact -
progress in
supporting its

workstreams

Technical report"
balanced-local-384,no_evidence_ar_quantum,3,Guidance_on_global_monitoring_for_diabet_p33_c56,not_relevant,,,unjudged,unjudged,deterministic certified source/page/section/anchor match,certified_anchor_oracle,not_relevant,"Guidance on global monitoring for diabetes prevention and control Framework, indicators and application.pdf",33,Health system determinants,0.6733,"Indicators and metadata

4. Existence of national guidelines for diabetes management

21"
balanced-local-384,no_evidence_ar_quantum,4,Prevention_and_control_of_diabetes_melli_p16_c23,not_relevant,,,unjudged,unjudged,deterministic certified source/page/section/anchor match,certified_anchor_oracle,not_relevant,Prevention and control of diabetes mellitus Lessons for service delivery from countries in the WHO South-East Asia Region.pdf,16,Executive summary,0.658,"| The Global Diabetes Compact what you need to know |  |
| --- | --- |"
balanced-local-384,no_evidence_ar_quantum,5,IDF_Diabetes_Atlas_11th_Edition_2025_WEB_p114_c210,not_relevant,,,unjudged,unjudged,deterministic certified source/page/section/anchor match,certified_anchor_oracle,not_relevant,IDF_Diabetes_Atlas_11th_Edition_2025_WEB.pdf,114,Middle-East and North Africa,0.6565,IDF Diabetes Atlas 11th Edition - 2025 | diabetesatlas.org | 109
balanced-local-384,idf_en_prevalence_rephrased,1,IDF_Diabetes_Atlas_11th_Edition_2025_WEB_p46_c77,relevant,,,unjudged,unjudged,deterministic certified source/page/section/anchor match,certified_anchor_oracle,relevant,IDF_Diabetes_Atlas_11th_Edition_2025_WEB.pdf,46,Key messages:,0.884,"Key messages:

An estimated 589 million adults aged 20–79 years
are living with diabetes. This represents 11.1% of
the world’s population in this age group.

The total number of adults living with diabetes is
predicted to rise to 853 million (13%) by 2050.

An estimated 252 million adults living with diabetes
are unaware they have the condition.

One in four adults (158 million) living with diabetes
are aged over 65.

An estimated 635 million adults aged 20–79 years
are living with impaired glucose tolerance (12%).

Over USD 1 trillion was spent on diabetes in 2024.
This represents 12% of global health expenditure.

Over 3.4 million people died as a result of diabetes
in 2024. This corresponds to 9.3% of global deaths
from all causes.

An estimated 9.1 million people are living with type
1 diabetes. The majority (69%) are aged 20-59.

An estimated 1 in 5 live births (23 million) are
affected by some form of hyperglycaemia
in pregnancy.

IDF Diabetes Atlas 11th Edition - 2025 | diabetesatlas.org | 41
IDF Diabetes Atlas 11th Edition - 2025 | diabetesatlas.org | 41"
balanced-local-384,idf_en_prevalence_rephrased,2,IDF_Diabetes_Atlas_11th_Edition_2025_WEB_p53_c89,not_relevant,,,unjudged,unjudged,deterministic certified source/page/section/anchor match,certified_anchor_oracle,not_relevant,IDF_Diabetes_Atlas_11th_Edition_2025_WEB.pdf,53,"Figure 3.2 Prevalence of diabetes among men and women (20–79 years), 2024.",0.8681,"Table 3.5 Top 10 countries or territories with age-standardised diabetes prevalence in adults
(20–79 years) in 2024 and 2050.

i. Countries without in-country data sources. Estimates are extrapolated.

Table 3.6 Global diabetes estimates in people (65-99 years) in 2024 and 2050.

3.2 Diabetes prevalence in older adults in 2024 and projection to 2050

Regional distribution

Diabetes prevalence increases with age. Therefore,
the highest estimated prevalence is in people over
65 (Figure 3.1). In 2024, the estimated number of
people with diabetes aged 65–99 years was 158.3
million (23.7%). If the current trend continues, the
number of people aged 65-99 years with diabetes will
be 278 million in 2050 (Table 3.6). These data point
to a significant increase in the diabetes population of
ageing societies in the next 25 years and the inevitable
public health and economic challenges this will bring.
It will require all countries to commit to sufficient
resources to tackle diabetes.

There are significant regional differences in the
prevalence of diabetes in people over 65. Regions
included in the top five places remained the same
in 2024 compared with 2019, but the MENA region
had the highest prevalence at (32.3%). The lowest
prevalence remains in the AFR region (7.8%). This is
generally true for 2050 as well (Table 3.7). However,
the EUR region will fall to 6th place in the table with
the SEA region taking its place. Overall, the projected
diabetes prevalence in 2050 in this age group does not
forecast significant increases. As an example, in the
SACA Region the figures are 23.2% in 2024 and 23.6%
in 2050, and in AFR 7.8% in 2024 and 8.3% in 2050.

48 | IDF Diabetes Atlas 11th Edition - 2025 | diabetesatlas.org"
balanced-local-384,idf_en_prevalence_rephrased,3,IDF_Diabetes_Atlas_11th_Edition_2025_WEB_p47_c78,not_relevant,,,unjudged,unjudged,deterministic certified source/page/section/anchor match,certified_anchor_oracle,not_relevant,IDF_Diabetes_Atlas_11th_Edition_2025_WEB.pdf,47,3.1 Diabetes prevalence in 2024 and projection to 2050 (20–79 years),0.8469,"While the world’s population is estimated to grow
25% over the next 25 years, the number of people
with diabetes is estimated to increase by 45%
(Map 3.1, Table 3.1, Map 3.2).

This 11th edition of the IDF Diabetes Atlas provides
estimates for diabetes in 2024 and projected
estimates for 2050. The estimates include diagnosed
and undiagnosed diabetes for adults aged 20–79.

Worldwide, a total of 589 million adults aged 20–79
are estimated to have diabetes (11.1% of all adults in
this age group). By 2050, the number of adults living
with diabetes will rise to a projected 852.5 million.

Map 3.1 Estimated number of adults (20–79 years) with diabetes by country, 2024.

< 100 thousand

100-<500 thousand

500 thousand-<1 million

1 - <10 million
10-<20 million
≥ 20 million
No estimates

3.1 Diabetes prevalence in 2024 and projection to 2050 (20–79 years)

Our projection for 2050 predicts a growth of 17% in
the prevalence of diabetes due to the ageing of the
population and increased urbanisation across the
globe. It is estimated that 95% of the increase in the
number of people with diabetes by 2050 will occur in
low- and middle-income countries, where population
growth is expected to be greater than in high-income
countries (Table 3.2).

The estimates in the 11th edition of the IDF Diabetes
Atlas are provided for 215 countries and territories,
grouped into the seven IDF Regions: Africa (AFR),
Europe (EUR), Middle East and North Africa (MENA),
North America and Caribbean (NAC), South and
Central America (SACA), South-East Asia (SEA) and
Western Pacific (WP). In total, 246 data sources from
153 countries and territories were included in the
analyses (See Resources www.diabetesatlas.org). 1
Data are presented considering each country´s current
age structure and, after adjustment to reflect the
prevalence, the age structure of the world population.

42 | IDF Diabetes Atlas 11th Edition - 2025 | diabetesatlas.org"
balanced-local-384,idf_en_prevalence_rephrased,4,IDF_Diabetes_Atlas_11th_Edition_2025_WEB_p92_c165,not_relevant,,,unjudged,unjudged,deterministic certified source/page/section/anchor match,certified_anchor_oracle,not_relevant,IDF_Diabetes_Atlas_11th_Edition_2025_WEB.pdf,92,"Figure 4.5 Estimated prevalence (%) of diabetes by age and sex, IDF South and Central America
Region 2024.",0.8407,"| At a glance |  |  |
| --- | --- | --- |
|  | 2024 | 2050 |
| Adult population (20-79 years) | 1.74b | 1.72b |
| Diabetes (20-79 years) |  |  |
| Regional prevalence | 12.4% | 14.7% |
| Age-standardised prevalence | 11.1% | 12.8% |
| Number of people with diabetes (20-79 years) | 215m | 254m |
| Number of deaths due to diabetes (20-79 years) | 1.2m |  |
| Healthcare expenditure due to diabetes (20-79 years) |  |  |
| Total healthcare expenditure, USD | 246.3b | 237.7b |
| Impaired glucose tolerance (20-79 years) |  |  |
| Regional prevalence | 14.4% | 15.5% |
| Age-standardised prevalence | 13.5% | 14.3% |
| Number of people with impaired glucose tolerance | 251m | 268m |
| Impaired fasting glucose (20-79 years) |  |  |
| Regional prevalence | 9.1% | 9.9% |
| Age-standardised prevalence | 8.6% | 9.2% |
| Number of people with impaired glucose tolerance | 160m | 171m |
| Undiagnosed diabetes (20-79 years) |  |  |
| Regional proportion | 50.0% |  |
| Number of people with undiagnosed diabetes | 108m |  |
| Type 1 diabetes (all age groups) |  |  |
| Number of people with type 1 diabetes | 991,000 |  |"
balanced-local-384,idf_en_prevalence_rephrased,5,IDF_Diabetes_Atlas_11th_Edition_2025_WEB_p49_c82,not_relevant,,,unjudged,unjudged,deterministic certified source/page/section/anchor match,certified_anchor_oracle,not_relevant,IDF_Diabetes_Atlas_11th_Edition_2025_WEB.pdf,49,3.1 Diabetes prevalence in 2024 and projection to 2050 (20–79 years),0.8404,"Variation in diabetes prevalence across age, sex and setting

The estimated diabetes prevalence is similar in women
and men aged 20–79 (10.9% vs 11.3%). In 2024, the
IDF estimates that 9.8 million more men than women
were living with diabetes (Figure 3.2).

Age is an important risk factor for diabetes. Ageing of
the world’s population contributes to higher diabetes
prevalence that results in an increasing proportion of
people with diabetes over the age of 60.

Prevalence was lowest among adults aged 20–24
(1.9% in 2024 and 2.2% in 2050). Conversely, it was
highest among adults aged 75–79, with an estimated
prevalence of 24.8% in 2024, which is expected to rise
to 25.4% by 2050.

Map 3.2 Estimated age-standardised country prevalence of diabetes in adults (20–79 years), 2024.

<4%

4-<5%

5-<7%

7-<9%

9-<12%

≥ 12%

No estimates

44 | IDF Diabetes Atlas 11th Edition - 2025 | diabetesatlas.org"
balanced-local-384,idf_ar_prevalence_rephrased,1,IDF_Diabetes_Atlas_11th_Edition_2025_WEB_p46_c77,relevant,,,unjudged,unjudged,deterministic certified source/page/section/anchor match,certified_anchor_oracle,relevant,IDF_Diabetes_Atlas_11th_Edition_2025_WEB.pdf,46,Key messages:,0.8806,"Key messages:

An estimated 589 million adults aged 20–79 years
are living with diabetes. This represents 11.1% of
the world’s population in this age group.

The total number of adults living with diabetes is
predicted to rise to 853 million (13%) by 2050.

An estimated 252 million adults living with diabetes
are unaware they have the condition.

One in four adults (158 million) living with diabetes
are aged over 65.

An estimated 635 million adults aged 20–79 years
are living with impaired glucose tolerance (12%).

Over USD 1 trillion was spent on diabetes in 2024.
This represents 12% of global health expenditure.

Over 3.4 million people died as a result of diabetes
in 2024. This corresponds to 9.3% of global deaths
from all causes.

An estimated 9.1 million people are living with type
1 diabetes. The majority (69%) are aged 20-59.

An estimated 1 in 5 live births (23 million) are
affected by some form of hyperglycaemia
in pregnancy.

IDF Diabetes Atlas 11th Edition - 2025 | diabetesatlas.org | 41
IDF Diabetes Atlas 11th Edition - 2025 | diabetesatlas.org | 41"
balanced-local-384,idf_ar_prevalence_rephrased,2,IDF_Diabetes_Atlas_11th_Edition_2025_WEB_p53_c91,not_relevant,,,unjudged,unjudged,deterministic certified source/page/section/anchor match,certified_anchor_oracle,not_relevant,IDF_Diabetes_Atlas_11th_Edition_2025_WEB.pdf,53,"Figure 3.2 Prevalence of diabetes among men and women (20–79 years), 2024.",0.8486,"|  | 2024 | 2050 |
| --- | --- | --- |
| Adult population (65-99 years) | 667.8 million | 1.1 billion |
| Prevalence (65-99 years) | 23.7% | 24.3% |
| Number of people over 65 with diabetes (65–99 years) | 158.3 million | 278 million |"
balanced-local-384,idf_ar_prevalence_rephrased,3,IDF_Diabetes_Atlas_11th_Edition_2025_WEB_p92_c165,not_relevant,,,unjudged,unjudged,deterministic certified source/page/section/anchor match,certified_anchor_oracle,not_relevant,IDF_Diabetes_Atlas_11th_Edition_2025_WEB.pdf,92,"Figure 4.5 Estimated prevalence (%) of diabetes by age and sex, IDF South and Central America
Region 2024.",0.8476,"| At a glance |  |  |
| --- | --- | --- |
|  | 2024 | 2050 |
| Adult population (20-79 years) | 1.74b | 1.72b |
| Diabetes (20-79 years) |  |  |
| Regional prevalence | 12.4% | 14.7% |
| Age-standardised prevalence | 11.1% | 12.8% |
| Number of people with diabetes (20-79 years) | 215m | 254m |
| Number of deaths due to diabetes (20-79 years) | 1.2m |  |
| Healthcare expenditure due to diabetes (20-79 years) |  |  |
| Total healthcare expenditure, USD | 246.3b | 237.7b |
| Impaired glucose tolerance (20-79 years) |  |  |
| Regional prevalence | 14.4% | 15.5% |
| Age-standardised prevalence | 13.5% | 14.3% |
| Number of people with impaired glucose tolerance | 251m | 268m |
| Impaired fasting glucose (20-79 years) |  |  |
| Regional prevalence | 9.1% | 9.9% |
| Age-standardised prevalence | 8.6% | 9.2% |
| Number of people with impaired glucose tolerance | 160m | 171m |
| Undiagnosed diabetes (20-79 years) |  |  |
| Regional proportion | 50.0% |  |
| Number of people with undiagnosed diabetes | 108m |  |
| Type 1 diabetes (all age groups) |  |  |
| Number of people with type 1 diabetes | 991,000 |  |"
balanced-local-384,idf_ar_prevalence_rephrased,4,IDF_Diabetes_Atlas_11th_Edition_2025_WEB_p86_c153,not_relevant,,,unjudged,unjudged,deterministic certified source/page/section/anchor match,certified_anchor_oracle,not_relevant,IDF_Diabetes_Atlas_11th_Edition_2025_WEB.pdf,86,"Figure 4.4 Estimated prevalence (%) of diabetes by age and sex, IDF North America and
Caribbean Region 2024.",0.8425,"| At a glance |  |  |
| --- | --- | --- |
|  | 2024 | 2050 |
| Adult population (20-79 years) | 373m | 415m |
| Diabetes (20-79 years) |  |  |
| Regional prevalence | 15.1% | 16.4% |
| Age-standardised prevalence | 13.8% | 15.3% |
| Number of people with diabetes (20-79 years) | 56m | 68m |
| Number of deaths due to diabetes (20-79 years) | 526,000 |  |
| Healthcare expenditure due to diabetes (20-79 years) |  |  |
| Total healthcare expenditure, USD | 439b | 446b |
| Impaired glucose tolerance (20-79 years) |  |  |
| Regional prevalence | 12.5% | 13.3% |
| Age-standardised prevalence | 11.6% | 12.6% |
| Number of people with impaired glucose tolerance | 47m | 55m |
| Impaired fasting glucose (20-79 years) |  |  |
| Regional prevalence | 14.2% | 14.8% |
| Age-standardised prevalence | 13.6% | 14.3% |
| Number of people with impaired glucose tolerance | 53m | 62m |
| Undiagnosed diabetes (20-79 years) |  |  |
| Regional proportion | 29.1% |  |
| Number of people with undiagnosed diabetes | 16m |  |
| Type 1 diabetes (all age groups) |  |  |
| Number of people with type 1 diabetes | 1.9m |  |"
balanced-local-384,idf_ar_prevalence_rephrased,5,IDF_Diabetes_Atlas_11th_Edition_2025_WEB_p82_c145,not_relevant,,,unjudged,unjudged,deterministic certified source/page/section/anchor match,certified_anchor_oracle,not_relevant,IDF_Diabetes_Atlas_11th_Edition_2025_WEB.pdf,82,"Figure 4.2 Estimated prevalence (%) of diabetes by age and sex, IDF Europe Region 2024.",0.8422,"| At a glance |  |  |
| --- | --- | --- |
|  | 2024 | 2050 |
| Adult population (20-79 years) | 672m | 659m |
| Diabetes (20-79 years) |  |  |
| Regional prevalence | 9.8% | 11.0% |
| Age-standardised prevalence | 8.0% | 9.4% |
| Number of people with diabetes (20-79 years) | 66m | 72m |
| Number of deaths due to diabetes (20-79 years) | 433,000 |  |
| Healthcare expenditure due to diabetes (20-79 years) |  |  |
| Total healthcare expenditure, USD | 193b | 179b |
| Impaired glucose tolerance (20-79 years) |  |  |
| Regional prevalence | 6.8% | 7.0% |
| Age-standardised prevalence | 5.9% | 6.2% |
| Number of people with impaired glucose tolerance | 45.9m | 46.2m |
| Impaired fasting glucose (20-79 years) |  |  |
| Regional prevalence | 5.9% | 6.0% |
| Age-standardised prevalence | 5.3% | 5.7% |
| Number of people with impaired glucose tolerance | 39.7m | 40.4m |
| Undiagnosed diabetes (20-79 years) |  |  |
| Regional proportion | 33.6% |  |
| Number of people with undiagnosed diabetes | 22m |  |
| Type 1 diabetes (all age groups) |  |  |
| Number of people with type 1 diabetes | 2.7m |  |"
balanced-local-384,idf_ar_undiagnosed,1,IDF_Diabetes_Atlas_11th_Edition_2025_WEB_p46_c77,relevant,,,unjudged,unjudged,deterministic certified source/page/section/anchor match,certified_anchor_oracle,relevant,IDF_Diabetes_Atlas_11th_Edition_2025_WEB.pdf,46,Key messages:,0.7782,"Key messages:

An estimated 589 million adults aged 20–79 years
are living with diabetes. This represents 11.1% of
the world’s population in this age group.

The total number of adults living with diabetes is
predicted to rise to 853 million (13%) by 2050.

An estimated 252 million adults living with diabetes
are unaware they have the condition.

One in four adults (158 million) living with diabetes
are aged over 65.

An estimated 635 million adults aged 20–79 years
are living with impaired glucose tolerance (12%).

Over USD 1 trillion was spent on diabetes in 2024.
This represents 12% of global health expenditure.

Over 3.4 million people died as a result of diabetes
in 2024. This corresponds to 9.3% of global deaths
from all causes.

An estimated 9.1 million people are living with type
1 diabetes. The majority (69%) are aged 20-59.

An estimated 1 in 5 live births (23 million) are
affected by some form of hyperglycaemia
in pregnancy.

IDF Diabetes Atlas 11th Edition - 2025 | diabetesatlas.org | 41
IDF Diabetes Atlas 11th Edition - 2025 | diabetesatlas.org | 41"
balanced-local-384,idf_ar_undiagnosed,2,IDF_Diabetes_Atlas_11th_Edition_2025_WEB_p57_c100,not_relevant,,,unjudged,unjudged,deterministic certified source/page/section/anchor match,certified_anchor_oracle,not_relevant,IDF_Diabetes_Atlas_11th_Edition_2025_WEB.pdf,57,3.3 Undiagnosed diabetes,0.7593,"Map 3.4 Proportion of adults (20–79 years) with undiagnosed diabetes by country in 2024.

<24%

35-<45%

45-<55%

55-<64%
≥ 65%
No estimates

Table 3.11 Top 10 countries with the largest number of adults (20–79 years) with undiagnosed
diabetes in 2024.

52 | IDF Diabetes Atlas 11th Edition - 2025 | diabetesatlas.org"
balanced-local-384,idf_ar_undiagnosed,3,Guidance_on_global_monitoring_for_diabet_p71_c132,not_relevant,,,unjudged,unjudged,deterministic certified source/page/section/anchor match,certified_anchor_oracle,not_relevant,"Guidance on global monitoring for diabetes prevention and control Framework, indicators and application.pdf",71,Outcomes and impacts,0.747,"Outcomes and impacts

General population. Population with diabetes.

59"
balanced-local-384,idf_ar_undiagnosed,4,IDF_Diabetes_Atlas_11th_Edition_2025_WEB_p73_c131,not_relevant,,,unjudged,unjudged,deterministic certified source/page/section/anchor match,certified_anchor_oracle,not_relevant,IDF_Diabetes_Atlas_11th_Edition_2025_WEB.pdf,73,3.8 Type 1 diabetes estimates in children and adults,0.7462,"3.8 Type 1 diabetes estimates in children and adults Findings Previous editions of the IDF Diabetes Atlas were
restricted to children and adolescents living with
type 1 diabetes (T1D) and did not consider potential
changes in incidence and mortality in the interval
between the study dates of the respective individual
country data and publication dates of the Atlas. In 2024, there were an estimated 9.15 million
individuals worldwide living with diagnosed clinical
T1D, 17 with 22.3% (2.04 million) of these living in
low-income and lower-middle-income countries. Of this total population of 9.15 million, 1.81 million
(19.8%), were younger than 20 years, 6.28 million
(68.6%) were between 20 and 59 and 1.06 million
(11.8%) were 60 or older. Development of the Type 1 Diabetes Index (T1D Index)
has enabled more current and accurate estimates to
be calculated for all ages across all countries. 15–17 The
T1D Index is a joint initiative of Breakthrough T1D, Life
for a Child, The International Diabetes Federation, and
the International Society for Paediatric and Adolescent
Diabetes. The Index uses a Markov model with
machine learning and all available population-based
incidence, prevalence and mortality data to produce
national and, thereby, global estimates. 17 Figure 3.13 shows the number of people with T1D
in each of these age brackets by IDF Region. The IDF
Europe Region has the highest number of cases,
followed by the IDF North America and Caribbean
Region. The lowest number of people with T1D was
observed in the Africa Region. Figure 3.13 Number of individuals with type 1 diabetes in each world region in 2024. 3,000,000 Number of people with T1D 2,500,000 2,000,000 1,500,000 1,000,000 500,000 - AFR
EUR
MENA
NAC
SACA
SEA
WP IDF Region All ages
<20 years of age
20 - 59 years of age
>=60 years of age"
balanced-local-384,idf_ar_undiagnosed,5,Regional_Commemoration_of_World_Diabetes_p7_c6,not_relevant,,,unjudged,unjudged,deterministic certified source/page/section/anchor match,certified_anchor_oracle,not_relevant,Regional Commemoration of World Diabetes Day 2024.pdf,7,1 Background,0.7439,"1 Background Globally, around 828 million people have diabetes, and two million deaths are attributed
to diabetes every year. In the WHO South-East Asia (SE Asia) Region, more than 246 million
adults 30 years and above are estimated to have diabetes 1 . Diabetes and its complications
(blindness, kidney failure, heart attack, stroke, and lower limb amputation) bring about
substantial economic loss to people with diabetes and their families, and to health systems
and national economies. More than 50% of people with diabetes are unaware of their status
and 177 million people living with diabetes in the region. are not on treatment In April 2021, the World Health Organization (WHO) launched the Global Diabetes
Compact (GDC) with the vision of reducing the risk of diabetes and ensuring that all
people diagnosed with diabetes have access to quality care and treatment that is equitable,
comprehensive, and affordable. The Compact guides actions through six strategic
workstreams, including prevention and diagnosis, quality care, monitoring and surveillance,
medicines and technologies, technical guidance and innovation, and governance and
partnerships. The Seventy-fifth World Health Assembly adopted the first-ever five global
coverage targets for diabetes for 2030 -WHA75 (11) 2 and recommended to strengthen and
monitor diabetes responses within national noncommunicable disease (NCD) programmes ."
balanced-local-384,idf_en_expenditure_rephrased,1,IDF_Diabetes_Atlas_11th_Edition_2025_WEB_p66_c118,relevant,,,unjudged,unjudged,deterministic certified source/page/section/anchor match,certified_anchor_oracle,relevant,IDF_Diabetes_Atlas_11th_Edition_2025_WEB.pdf,66,"In 2024, the total global
diabetes-related health
expenditure exceeded
one trillion USD for the
first time.",0.8258,"Figure 3.7 Total diabetes-related health expenditure for adults (20–79 years) with diabetes from
2006 to 2050.

1200

1000

800

USD billion

600

400

200

0

2006
2009
2011
2013
2015
2017
2019
2021
2024
2050

Year

Regional distribution

Expenditure due to diabetes has a substantial
impact on total health expenditure worldwide,
representing 11.9% of total global health spending.
In the SACA Region, an average of 22.4% of the
total health expenditure was due to diabetes, the
highest percentage of the IDF Regions, followed by
17.0% in the MENA Region. The lowest percentage
of health expenditure due to diabetes was
observed in the EUR Region (8.8%) (Figure 3.10).

The NAC Region has the highest total diabetes-related
health expenditure of the seven IDF Regions (USD
438.6 billion) and accounts for 43.2% of total global
diabetes-related health expenditure in 2024. The
second highest is the WP Region, with USD 246.3
billion, followed by the EUR Region (USD 192.9 billion),
corresponding to 24.3% and 19.0% of total global
diabetes-related health expenditure, respectively.
Despite being home to 42.7% of people with
diabetes in the world, the SACA, MENA, SEA, and AFR
Regions collectively account for only 13.5% of global
diabetes-related health expenditure (Figure 3.8).

The NAC Region also has the highest diabetes-related
health expenditure per adult with diabetes (USD
7,811), followed by the EUR Region (USD 2,950),
SACA Region (USD 2,417) and WP Region (USD 1,173)
(Figure 3.9). Health expenditure is USD 429 per person
with diabetes in the MENA region, USD 414 in the AFR
region, and USD 108 in the SEA region (Figure 3.9).
In 2024, diabetes-related health expenditure per
adult with diabetes varied across IDF regions by
more than 70-fold.

IDF Diabetes Atlas 11th Edition - 2025 | diabetesatlas.org | 61"
balanced-local-384,idf_en_expenditure_rephrased,2,IDF_Diabetes_Atlas_11th_Edition_2025_WEB_p71_c128,not_relevant,,,unjudged,unjudged,deterministic certified source/page/section/anchor match,certified_anchor_oracle,not_relevant,IDF_Diabetes_Atlas_11th_Edition_2025_WEB.pdf,71,"Map 3.8 Total diabetes-related health expenditure (USD) by country for adults (20–79 years) with
diabetes in 2024.",0.788,"Map 3.8 Total diabetes-related health expenditure (USD) by country for adults (20–79 years) with
diabetes in 2024.

<50 million

10-<50 million

50-<200 million

200 million-<1 billion
≥ 1 billion

No estimates

Map 3.9 Diabetes-related health expenditure (USD) by country per adult (20–79 years) with
diabetes in 2024.

<250

250-<500

500-<1,000

1,000-<2,000

2,000-<5,000
≥ 5,000
No estimates

66 | IDF Diabetes Atlas 11th Edition - 2025 | diabetesatlas.org"
balanced-local-384,idf_en_expenditure_rephrased,3,IDF_Diabetes_Atlas_11th_Edition_2025_WEB_p12_c18,not_relevant,,,unjudged,unjudged,deterministic certified source/page/section/anchor match,certified_anchor_oracle,not_relevant,IDF_Diabetes_Atlas_11th_Edition_2025_WEB.pdf,12,Summary,0.7833,"people aged 20–79 died from diabetes-related
causes in 2024. Direct health expenditures due to
diabetes surpassed one trillion USD for the first time
and will continue to rise over the coming years. The credibility of diabetes estimates relies on the
rigorous methods used for the selection and analysis
of high-quality data sources. For every edition,
the IDF Diabetes Atlas Committee – composed of
thematic experts from each of the seven IDF Regions
– reviews the methods underlying the IDF Diabetes
Atlas estimates and projections and available data
sources. The methods have been explained in detail
by Guariguata et al . 1 The majority of the data sources
used are population-based studies that have been
published in peer-reviewed journals. In this edition,
we have also included data from national diabetes
registries. With the establishment of electronic
records and national registries becoming more
common, we anticipate more data like these will be
featured in the future. Furthermore, information
from national health surveys, including some of
the World Health Organization's (WHO) STEPwise
approach to NCD risk factor Surveillance (STEPS),
are used where they meet inclusion criteria. This IDF Diabetes Atlas 11th edition also
shows that hyperglycaemia in pregnancy (HIP)
affects approximately one in five pregnancies.
Another cause for alarm is the consistently high
percentage (43%) of people with undiagnosed
diabetes, which is overwhelmingly type 2. This
highlights the urgent need to improve the ability
to diagnose people with diabetes, many of whom
are unaware they have the condition, and provide
appropriate and care as early as possible. Diabetes is a major health
issue that has reached
alarming levels. The 11th
edition confirms that
diabetes is one of the
fastest-growing global
health emergencies of
the 21st century. Tinotenda Dzikiti , Zimbabwe - Living with type 1 diabetes IDF Diabetes Atlas 11th Edition - 2025 | diabetesatlas.org | 7"
balanced-local-384,idf_en_expenditure_rephrased,4,Availability__price_and_affordability_of_p46_c90,not_relevant,,,unjudged,unjudged,deterministic certified source/page/section/anchor match,certified_anchor_oracle,not_relevant,"Availability, price and affordability of health technologies for the management of diabetes.pdf",46,References,0.7748,"References 1.
Worldwide trends in diabetes prevalence and treatment from 1990 to 2022: a pooled analysis of 1108 population-
representative studies with 141 million participants. Zhou, Bin et al. The Lancet, Volume 404, Issue 10467, 2077 -
20931. Availability, price and affordability of health technologies for the management of diabetes 2.
World Health Oragnization. Diabetes. 2024. https://www.who.int/news-room/fact-sheets/detail/diabetes (accessed
25 April 2023). 3.
Green A, Hede SM, Patterson CC, et al. Type 1 diabetes in 2017: global estimates of incident and prevalent cases in
children and adults. Diabetologia 2021; 64(12): 2741-50. 4.
Basu S, Yudkin JS, Kehlenbrink S, et al. Estimation of global insulin use for type 2 diabetes, 2018-30: a
microsimulation analysis. The lancet Diabetes & endocrinology 2018. 5.
World Health Oragnization. WHO list of priority medical devices for management of cardiovascular diseases and
diabetes. Geneva: World Health Organization, 2021. https://iris.who.int/handle/10665/341967 6.
World Health Oragnization. Priority Medical Devices Information System. 2024. https://medevis.who-
healthtechnologies.org/ (accessed 4 March 2024). 7.
World Health Oragnization. Electronic WHO Model List of Essential In Vitro Diagnostics. 2024. https://edl.who-
healthtechnologies.org (accessed 12 January 2024). 8.
Yadav H, Shah D, Sayed S, Horton S, Schroeder LF. Availability of essential diagnostics in ten low-income and
middle-income countries: results from national health facility surveys. The Lancet Global health 2021; 9(11):
e1553-e60. 9.
Fleming KA, Horton S, Wilson ML, et al. The Lancet Commission on diagnostics: transforming access to diagnostics.
Lancet 2021; 398(10315): 1997-2050. 10.
Beran D, Ewen M, Laing R. Insulin in 2016: Challenge and constraints to access. Diabetes Res Clin Pract 2016; 117:
119-21. 11.
Beran D, Lazo-Porras M, Mba CM, Mbanya JC. A global perspective on the issue of access to insulin. Diabetologia
2021."
balanced-local-384,idf_en_expenditure_rephrased,5,IDF_Diabetes_Atlas_11th_Edition_2025_WEB_p67_c119,not_relevant,,,unjudged,unjudged,deterministic certified source/page/section/anchor match,certified_anchor_oracle,not_relevant,IDF_Diabetes_Atlas_11th_Edition_2025_WEB.pdf,67,"Figure 3.8 Total diabetes-related health expenditure (USD billion) in adults with diabetes
(20–79 years) by IDF Region in 2024.",0.7629,"Figure 3.8 Total diabetes-related health expenditure (USD billion) in adults with diabetes
(20–79 years) by IDF Region in 2024.

500

Total diabetes-related health expenditure (USD billion)

450

400

350

300

250

200

150

100

50

0

NAC
WP
EUR
SACA
MENA
SEA
AFR

IDF: International Diabetes Federation; AFR: Africa; EUR: Europe; MENA: Middle East and North Africa; NAC:
North America and Caribbean; SACA: South and Central America; SEA: South-East Asia; WP: Western Pacific

Figure 3.9 Diabetes-related health expenditure (USD) per adult with diabetes (20–79 years)
by IDF Region in 2024.

9,000

8,000

Diabetes-related health expenditure

7,000

per person (USD)

6,000

5,000

4,000

3,000

2,000

1,000

-

NAC
EUR
SACA
WP
MENA
AFR
SEA

IDF Regions

IDF: International Diabetes Federation; AFR: Africa; EUR: Europe; MENA: Middle East and North Africa; NAC:
North America and Caribbean; SACA: South and Central America; SEA: South-East Asia; WP: Western Pacific

62 | IDF Diabetes Atlas 11th Edition - 2025 | diabetesatlas.org"
balanced-local-384,idf_ar_regions,1,IDF_Diabetes_Atlas_11th_Edition_2025_WEB_p35_c62,not_relevant,,,unjudged,unjudged,deterministic certified source/page/section/anchor match,certified_anchor_oracle,not_relevant,IDF_Diabetes_Atlas_11th_Edition_2025_WEB.pdf,35,"2.3 Estimating diabetes prevalence
and projections for the future",0.6418,"extrapolated
countries that were missing data sources and data
sources from similar countries were used. Confidence
intervals were constructed using the propagated error
in the national, regional and global level. 5,11 Country prevalence estimates were then aggregated
to produce estimates for the seven IDF Regions
and for countries in the four World Bank income
classification categories. The UNPD World Population Prospects (2022 Revision)
estimates were used to transform prevalence
estimates into the number of people with diabetes
for each nation. To project diabetes estimates forward
to the year 2050, the population projection for 2050
from the UNPD for each country was used. The 2050
diabetes projection assumes that diabetes prevalence
does not change for each age group but considers the
changes in population age structure and degree of
urbanisation. 7 This approach is likely to underestimate
future diabetes prevalence as it does not take into
account an increasing prevalence of obesity and other
risk factors, independent of age and urbanisation,
known to result in a higher diabetes incidence. 30 | IDF Diabetes Atlas 11th Edition - 2025 | diabetesatlas.org"
balanced-local-384,idf_ar_regions,2,IDF_Diabetes_Atlas_11th_Edition_2025_WEB_p35_c60,not_relevant,,,unjudged,unjudged,deterministic certified source/page/section/anchor match,certified_anchor_oracle,not_relevant,IDF_Diabetes_Atlas_11th_Edition_2025_WEB.pdf,35,"2.3 Estimating diabetes prevalence
and projections for the future",0.6417,"2.3 Estimating diabetes prevalence
and projections for the future 2.4 Extrapolating data One-third of countries or territories with more than
50,000 habitants (62 countries out of 215 countries or
territories, 29%) do not have in-country data sources
on diabetes prevalence that fulfil the IDF Diabetes
Atlas inclusion criteria. Under such circumstances,
estimates were generated by extrapolation using
diabetes prevalence data from countries that are
similar in ethnicity, 8 language, 9 World Bank income
classification, 10 and geographic location. Smoothed age- and sex-specific prevalence estimates
for each selected data source were produced using
a logistic regression model. If more than one data source was available for
an individual country, the country-level diabetes
estimates were derived as the average prevalence
estimated from the various data sources, each
weighted by the analytical hierarchy process quality
score. This permitted the higher-quality studies to
contribute more to the final country estimate. The
details of the logistic regression model have been
described in a previous publication, 4 . Extrapolated estimates are less reliable than
estimates based on national data sources and
should be interpreted with caution. Countries with
extrapolated estimates are designated in the country
summary table (Appendices) and Map 2.1. The use
of extrapolation emphasises the importance of
conducting high-quality studies worldwide that help
to address gaps in diabetes prevalence information."
balanced-local-384,idf_ar_regions,3,IDF_Diabetes_Atlas_11th_Edition_2025_WEB_p36_c63,not_relevant,,,unjudged,unjudged,deterministic certified source/page/section/anchor match,certified_anchor_oracle,not_relevant,IDF_Diabetes_Atlas_11th_Edition_2025_WEB.pdf,36,2.6 Standardisation of estimates,0.6374,"2.6 Standardisation of estimates

These were produced by standardising 2024
prevalence estimates from each country to the age
structure of the UN Population Division’s estimated
world population (2022 Revision). They are referred
to as age-standardised and indicated with a footnote:
‘standardised to world population’. This latter
standardisation approach removes the effect of
differences in the age structure between countries.
The age-standardised diabetes prevalence in 2050 was
calculated using the UN projected global age structure
for 2050. 6

It is important to appreciate that the IDF Diabetes
Atlas presents two sets of prevalence estimates
for diabetes, impaired glucose tolerance (IGT),
and impaired fasting glucose (IFG) for each country
in 2024.

The first set is calculated by applying the computed
age-, sex- and urbanisation-specific prevalence rates
from the literature to the country’s 2024 age-, sex- and
urban/rural setting distribution as estimated by the
UN Population Division, World Population Prospects
(2024 Revision). 6,12

This provides a prevalence estimate per country, as
indicated in the table and figure footnotes: ‘national
prevalence’. However, to permit comparison of
diabetes prevalence between countries, additional
‘age-standardised’ estimates were also calculated.

Map 2.2 Countries and territories with data sources on the proportion of adults (20–79 years)
with previously undiagnosed diabetes.

Countries with
in-country data
sources

IDF Diabetes Atlas 11th Edition - 2025 | diabetesatlas.org | 31"
balanced-local-384,idf_ar_regions,4,IDF_Diabetes_Atlas_11th_Edition_2025_WEB_p70_c127,not_relevant,,,unjudged,unjudged,deterministic certified source/page/section/anchor match,certified_anchor_oracle,not_relevant,IDF_Diabetes_Atlas_11th_Edition_2025_WEB.pdf,70,"Figure 3.12 Diabetes-related health expenditure as a percentage of Gross Domestic Product
(GDP) by World Bank income classification, 2024.",0.6334,"| Rank | Country or territory | Total diabetes-rel (USD billion) in ad | ated health expenditure in 2024 ults (20-79 years) |
| --- | --- | --- | --- |
| Highest |  |  |  |
| 1 | United States of America |  | 404.5 |
| 2 | China |  | 168.9 |
| 3 | Brazil | 45.1 |  |
| 4 | Germany | 40.4 |  |
| 5 | Japan | 34.0 |  |
| 6 | United Kingdom | 23.6 |  |
| 7 | France | 22.5 |  |
| 8 | Mexico | 19.5 |  |
| 9 | Argentina | 15.4 |  |
| 10 | Italy | 15.4 |  |
| Lowest |  |  |  |
| 1 | Niue | 0.8 |  |
| 2 | Nauru | 1.7 |  |
| 3 | Tuvalu | 2.1 |  |
| 4 | Tonga | 4.5 |  |
| 5 | St Kitts and Nevis | 5.6 |  |
| 6 | St Vincent and the Grenadines | 5.9 |  |
| 7 | Gambia | 5.9 |  |
| 8 | Sao Tome and Principe | 6.3 |  |
| 9 | Seychelles | 6.6 |  |
| 10 | Comoros | 7.1 |  |"
balanced-local-384,idf_ar_regions,5,IDF_Diabetes_Atlas_11th_Edition_2025_WEB_p79_c140,not_relevant,,,unjudged,unjudged,deterministic certified source/page/section/anchor match,certified_anchor_oracle,not_relevant,IDF_Diabetes_Atlas_11th_Edition_2025_WEB.pdf,79,Key messages:,0.6226,"Diabetes in Africa
2024

Estimates are provided for 49 Sub-Saharan African
countries and territories in the IDF Africa (AFR) Region.
For this edition of the IDF Diabetes Atlas, a total of
35 data sources from 27 countries met the inclusion
criteria. About half (45%) of the countries in the IDF
AFR Region lack high-quality, in-country data sources.
Only three countries (Cape Verde, Gambia and Sao
Tome and Principe) had studies conducted within
the past five years.

Map 4.1 Age-standardised prevalence
(%) of diabetes (20–79 years), IDF Africa
Region 2024.

Despite the lowest prevalence estimate of 5.0%
among IDF Regions, the expected increase in the
number of people with diabetes by 2050 is the
highest at 142%, reaching 60 million. The AFR Region
is also predicted to have the highest increase in the
number of people with impaired glucose tolerance
and impaired fasting glucose by 2050, reaching 135
million (138% increase) and 88 million (134% increase)
respectively. The proportion of undiagnosed diabetes
is also highest of all the IDF Regions at 72.6%.

<5%

5-<6%

6-<7%

≥ 7%

Diabetes care receives the lowest level of investment
in the AFR Region, with only 10 billion USD spent on
diabetes, representing a mere 1% of the total spent
worldwide, despite the Region being home to 11.4%
of people with diabetes worldwide.

Figure 4.1 Estimated prevalence (%) of diabetes by age and sex, IDF Africa Region 2024.

9.0

8.0

Prevalence (%)

7.0

6.0

5.0

4.0

3.0

2.0

1.0

0.0

20-24
25-29
30-34
35-39
40-44
45-49
50-54
55-59
60-64
65-69
70-74
75-79

Age (years)

Women
Men

74 | IDF Diabetes Atlas 11th Edition - 2025 | diabetesatlas.org"
balanced-local-384,who_en_recommendation_count,1,WHO_recommendations_on_care_for_women_wi_p22_c35,not_relevant,,,unjudged,unjudged,deterministic certified source/page/section/anchor match,certified_anchor_oracle,not_relevant,WHO recommendations on care for women with diabetes during pregnancy.pdf,22,"2.2.2 Evidence on values, resource use and cost–effectiveness, equity and
human rights, acceptability and feasibility",0.8165,"WHO recommendations on care for women with diabetes during pregnancy 2.2 Evidence identification and retrieval Evidence to support the development of the guideline recommendations was derived from several sources by the systematic review teams working in collaboration with the WHO Steering Group. 2.2.1 Evidence on effectiveness To inform the development of the recommendations, WHO commissioned a set of three de novo systematic reviews on the management of diabetes during pregnancy, one of which covered nine priority questions. External groups of systematic reviewers were asked to prepare review protocols with clear PICO questions and criteria for identification of studies, including search strategies for different bibliographic databases, methods for assessing risk of bias and a data analysis plan (19–21). The WHO Steering Group and the guideline methodologists reviewed and endorsed the protocols before the systematic reviews were conducted. The search strategies employed to identify the studies and the specific criteria for inclusion and exclusion of studies are described in the individual systematic reviews. Studies from low-, middle- and high- income countries were considered and there were no language restrictions. The entire systematic review development process was iterative, with the systematic reviewers and guideline methodologists constantly communicating with the WHO Steering Group to discuss challenges and agree on solutions. 2.2.2 Evidence on values, resource use and cost–effectiveness, equity and
human rights, acceptability and feasibility 6 Values, equity and human rights, acceptability and feasibility Two qualitative evidence syntheses (QES) explored the views and experiences of women with type 1 or type 2 diabetes during their encounters with maternity services (17) and those of health-care providers caring for women with diabetes during the maternity phase (16)."
balanced-local-384,who_en_recommendation_count,2,WHO_recommendations_on_care_for_women_wi_p1_c0,not_relevant,,,unjudged,unjudged,deterministic certified source/page/section/anchor match,certified_anchor_oracle,not_relevant,WHO recommendations on care for women with diabetes during pregnancy.pdf,1,,0.8136,"WHO recommendations on
care for women with diabetes

during pregnancy"
balanced-local-384,who_en_recommendation_count,3,WHO_recommendations_on_care_for_women_wi_p3_c1,not_relevant,,,unjudged,unjudged,deterministic certified source/page/section/anchor match,certified_anchor_oracle,not_relevant,WHO recommendations on care for women with diabetes during pregnancy.pdf,3,,0.8136,"WHO recommendations on
care for women with diabetes

during pregnancy"
balanced-local-384,who_en_recommendation_count,4,WHO_recommendations_on_care_for_women_wi_p72_c127,not_relevant,,,unjudged,unjudged,deterministic certified source/page/section/anchor match,certified_anchor_oracle,not_relevant,WHO recommendations on care for women with diabetes during pregnancy.pdf,72,"Annex 3.
Summary and management
of declared interests from
GDG members",0.8068,"WHO recommendations on care for women with diabetes during pregnancy

56"
balanced-local-384,who_en_recommendation_count,5,WHO_recommendations_on_care_for_women_wi_p17_c28,not_relevant,,,unjudged,unjudged,deterministic certified source/page/section/anchor match,certified_anchor_oracle,not_relevant,WHO recommendations on care for women with diabetes during pregnancy.pdf,17,1.1 1 Introduction,0.7994,"cardiovascular disease, metabolic syndrome, type 2 diabetes, hypertension, and fatty liver disease (9). Clinical recommendations for management of diabetes in pregnancy are essential to improve maternal and newborn health. In 2013, WHO published diagnostic criteria and classification of hyperglycaemia in pregnancy, but did not provide recommendations on diabetes management (6). The WHO 2016 antenatal care guidelines identified this as a priority research area, particularly in low- and middle-income countries (10). In a review of pregnancy-specific guidelines, 25 guidelines relating to diabetes in pregnancy were found (25 addressed GDM and four addressed type 1 and/or type 2 diabetes) of which 18 were from upper middle- or high-income countries, two were from low- and middle-income countries, and five were from international societies (11). Given that the disease burden of diabetes is global, with most cases in low- and middle-income countries, guidelines applicable to these environments are needed."
balanced-local-384,who_ar_monitoring_scope,1,WHO_recommendations_on_care_for_women_wi_p27_c44,relevant,,,unjudged,unjudged,deterministic certified source/page/section/anchor match,certified_anchor_oracle,relevant,WHO recommendations on care for women with diabetes during pregnancy.pdf,27,3,0.8065,"3

Recommendations
and supporting
evidence

The GDG issued 27 recommendations – four on care for all women with diabetes (type 1, type 2 or gestational)

during pregnancy, six on glucose monitoring, two on pharmacological treatment for pregnant women with

type 1 diabetes, four on pharmacological treatment for pregnant women with type 2 diabetes and two on

pharmacological treatment for women with GDM, and nine on additional monitoring and assessments. This

section outlines the recommendations corresponding to the priority questions.

To ensure that the recommendations are correctly understood and appropriately implemented in

11

practice, additional ‘remarks’ reflecting the summary of the discussions by the GDG are included. The

recommendations should be applied in conjunction with the implementation considerations.

The EtD frameworks – presenting the available effectiveness evidence, the balance between the desirable

and undesirable effects, values of stakeholders, resource requirements, cost–effectiveness, acceptability,

feasibility and equity, and human rights that were considered in formulating each recommendation – are

presented separately in the web annexes to this guideline.

3.1 Recommendations

3.1.1
Core practices in caring for women with diabetes during pregnancy

Advice on diet, physical activity and weight management

Recommendation

1
For pregnant women with type 1, type 2 or gestational diabetes, provide individualized advice on diet, physical

activity and weight management based on existing WHO guidance, including:

•
dietary advice for the general adult population;

•
physical activity advice for the general pregnant population;

•
weight management advice based on the above dietary and physical activity advice, with a focus on appropriate

gestational weight gain."
balanced-local-384,who_ar_monitoring_scope,2,WHO_recommendations_on_care_for_women_wi_p38_c65,not_relevant,,,unjudged,unjudged,deterministic certified source/page/section/anchor match,certified_anchor_oracle,not_relevant,WHO recommendations on care for women with diabetes during pregnancy.pdf,38,"3.1.2
Glucose monitoring",0.7506,"WHO recommendations on care for women with diabetes during pregnancy available, a target fasting blood glucose of ≤7 mmol/L (126 mg/dl) and a postprandial plasma glucose of ≤9 mmol/L (45) can serve as surrogates. However, an individualized approach is encouraged in setting the patient’s target level for glycaemic control, taking into account their comorbidities, risks from medication side-effects and likely benefit from tight glycaemic control in view of life expectancy (46). •
In the context of limited empirical evidence, the GDG developed this recommendation based on the potential harm to the developing baby from hypoglycaemia and hyperglycaemia and the importance of glucose monitoring as noted in Recommendation 5. Remarks Benefits and harms •
The systematic review conducted to inform this guideline found that for women with type 1 diabetes: –
for very tight glycaemic targets (fasting plasma glucose [FPG] 3.33 to 5.00 mmol/L [60 to 90 mg/dL]) versus moderately tight glycaemic targets (FPG 5.27 to 6.38 mmol/L [95 to 115 mg/dL]), there was no evidence of benefit and possible increases in the percentage of days with maternal hypoglycaemia (n=22 women) and increased length of postnatal hospitalization (n=137 women) ( low certainty ); –
for tight glycaemic targets (FPG <5.6 mmol/L [<101 mg/dL]) versus moderate (FPG 5.6 to 6.7 mmol/L glycaemic targets [101 to 121 mg/dL]) there was no evidence of benefit or harm; –
for moderate glycaemic targets (FPG target 5.6 to 6.7 mmol/L [101 to 121 mg/dL]) versus loose 22 glycaemic targets (FPG 6.7 to 8.9 mmol/L [121 mg/dL to 160 mg/dL]), there were possible reductions in caesarean birth (n=44 women), large-for-gestational age (n=44 babies) and respiratory distress syndrome (n=44 babies) ( low certainty ) and no certain evidence of harm. •
For tight versus moderate glycaemic targets or moderate versus loose glycaemic targets, the lack of harm is not established as many outcomes were of very low certainty."
balanced-local-384,who_ar_monitoring_scope,3,WHO_recommendations_on_care_for_women_wi_p34_c57,not_relevant,,,unjudged,unjudged,deterministic certified source/page/section/anchor match,certified_anchor_oracle,not_relevant,WHO recommendations on care for women with diabetes during pregnancy.pdf,34,"3.1.2
Glucose monitoring",0.7505,"WHO recommendations on care for women with diabetes during pregnancy –
support the woman in monitoring blood glucose; –
support the woman in maintaining target glucose levels; –
effectively manage the use of insulin and/or oral glucose-lowering agents in pregnancy; –
provide individualized dietary and activity advice, education and support; –
undertake and respond to appropriate fetal surveillance. Equity and human rights •
Indirect evidence from the QES (16) indicates that specialized services may not be available in all settings, particularly in low-income contexts ( l ow confidence ). •
In addition, where specialized services are available, the additional costs associated with attendance (transportation, childcare, time away from work) may be prohibitive for some women, especially those on low incomes and/or those requiring extra clinic visits to support other aspects of their antenatal care and/ or diabetic management ( low confidence ). Feasibility •
Indirect evidence from the QES (16) suggests that health-care providers recognize the importance of inter- professional collaboration and a multidisciplinary team approach to care ( moderate confidence ). •
Indirect evidence from the same review (16) suggests that some health-care providers would like more 18 specialized training to better understand diabetes management during pregnancy ( moderate confidence ). 3.1.2
Glucose monitoring Mode of glucose monitoring Recommendations 5
For pregnant women with type 1, type 2 or gestational diabetes, recommend SMBG in addition to routine care, where feasible. 6
For pregnant women with type 1 diabetes, recommend the use of a CGM system, where feasible. 7
For pregnant women with type 2 or gestational diabetes, do not routinely recommend use of a CGM system. Rationale •
Regular monitoring of blood glucose levels, and recognizing when they are low or high, is crucial to managing diabetes during pregnancy and preventing complications. Women using insulin or other"
balanced-local-384,who_ar_monitoring_scope,4,WHO_recommendations_on_care_for_women_wi_p17_c28,not_relevant,,,unjudged,unjudged,deterministic certified source/page/section/anchor match,certified_anchor_oracle,not_relevant,WHO recommendations on care for women with diabetes during pregnancy.pdf,17,1.1 1 Introduction,0.75,"cardiovascular disease, metabolic syndrome, type 2 diabetes, hypertension, and fatty liver disease (9). Clinical recommendations for management of diabetes in pregnancy are essential to improve maternal and newborn health. In 2013, WHO published diagnostic criteria and classification of hyperglycaemia in pregnancy, but did not provide recommendations on diabetes management (6). The WHO 2016 antenatal care guidelines identified this as a priority research area, particularly in low- and middle-income countries (10). In a review of pregnancy-specific guidelines, 25 guidelines relating to diabetes in pregnancy were found (25 addressed GDM and four addressed type 1 and/or type 2 diabetes) of which 18 were from upper middle- or high-income countries, two were from low- and middle-income countries, and five were from international societies (11). Given that the disease burden of diabetes is global, with most cases in low- and middle-income countries, guidelines applicable to these environments are needed."
balanced-local-384,who_ar_monitoring_scope,5,WHO_recommendations_on_care_for_women_wi_p34_c58,not_relevant,,,unjudged,unjudged,deterministic certified source/page/section/anchor match,certified_anchor_oracle,not_relevant,WHO recommendations on care for women with diabetes during pregnancy.pdf,34,"3.1.2
Glucose monitoring",0.7452,"Rationale •
Regular monitoring of blood glucose levels, and recognizing when they are low or high, is crucial to managing diabetes during pregnancy and preventing complications. Women using insulin or other glucose-lowering agents require more frequent monitoring. •
The GDG noted that SMBG has been standard care for people with type 1 diabetes since the mid- to late- 1980s and it is unethical not to offer it in this population. •
In the context of potential harm to the developing baby from both hypoglycaemia and hyperglycaemia and limited empirical evidence on the harms and benefits of different modes of glucose monitoring during pregnancy, these recommendations provide guidance on the appropriate mode of monitoring for the different types of diabetes."
balanced-local-384,who_en_individualized_care,1,WHO_recommendations_on_care_for_women_wi_p38_c65,relevant,,,unjudged,unjudged,deterministic certified source/page/section/anchor match,certified_anchor_oracle,relevant,WHO recommendations on care for women with diabetes during pregnancy.pdf,38,"3.1.2
Glucose monitoring",0.8005,"WHO recommendations on care for women with diabetes during pregnancy available, a target fasting blood glucose of ≤7 mmol/L (126 mg/dl) and a postprandial plasma glucose of ≤9 mmol/L (45) can serve as surrogates. However, an individualized approach is encouraged in setting the patient’s target level for glycaemic control, taking into account their comorbidities, risks from medication side-effects and likely benefit from tight glycaemic control in view of life expectancy (46). •
In the context of limited empirical evidence, the GDG developed this recommendation based on the potential harm to the developing baby from hypoglycaemia and hyperglycaemia and the importance of glucose monitoring as noted in Recommendation 5. Remarks Benefits and harms •
The systematic review conducted to inform this guideline found that for women with type 1 diabetes: –
for very tight glycaemic targets (fasting plasma glucose [FPG] 3.33 to 5.00 mmol/L [60 to 90 mg/dL]) versus moderately tight glycaemic targets (FPG 5.27 to 6.38 mmol/L [95 to 115 mg/dL]), there was no evidence of benefit and possible increases in the percentage of days with maternal hypoglycaemia (n=22 women) and increased length of postnatal hospitalization (n=137 women) ( low certainty ); –
for tight glycaemic targets (FPG <5.6 mmol/L [<101 mg/dL]) versus moderate (FPG 5.6 to 6.7 mmol/L glycaemic targets [101 to 121 mg/dL]) there was no evidence of benefit or harm; –
for moderate glycaemic targets (FPG target 5.6 to 6.7 mmol/L [101 to 121 mg/dL]) versus loose 22 glycaemic targets (FPG 6.7 to 8.9 mmol/L [121 mg/dL to 160 mg/dL]), there were possible reductions in caesarean birth (n=44 women), large-for-gestational age (n=44 babies) and respiratory distress syndrome (n=44 babies) ( low certainty ) and no certain evidence of harm. •
For tight versus moderate glycaemic targets or moderate versus loose glycaemic targets, the lack of harm is not established as many outcomes were of very low certainty."
balanced-local-384,who_en_individualized_care,2,WHO_recommendations_on_care_for_women_wi_p37_c64,not_relevant,,,unjudged,unjudged,deterministic certified source/page/section/anchor match,certified_anchor_oracle,not_relevant,WHO recommendations on care for women with diabetes during pregnancy.pdf,37,"3.1.2
Glucose monitoring",0.7702,"targets Recommendation 10
For pregnant women with type 1, type 2 or gestational diabetes, individualize glycaemic targets to optimize glycaemic control and improve maternal and neonatal outcomes. Rationale •
Glycaemic targets during pregnancy are usually lower than outside of pregnancy due to underlying pathophysiology and treatment risks (44). In type 1 diabetes, the absolute deficiency of insulin predisposes women to frequent glycaemic variability and a higher risk of severe hypoglycaemia, necessitating a careful balance between tight glucose control and safety. Therefore, glycaemic targets are often individualized based on hypoglycaemic risk. In contrast, individuals with type 2 diabetes typically retain some endogenous insulin secretion, leading to more stable glycaemic profiles and enabling more aggressive early control, although targets must be moderated in the presence of cardiovascular comorbidities or advanced age. •
The WHO PEN (Package of Essential Noncommunicable Disease Interventions) protocol recommends that most people with diabetes aim for an HbA1c of 7.0% (53 mmol/mol). If HbA1c measurement is not"
balanced-local-384,who_en_individualized_care,3,WHO_recommendations_on_care_for_women_wi_p42_c74,not_relevant,,,unjudged,unjudged,deterministic certified source/page/section/anchor match,certified_anchor_oracle,not_relevant,WHO recommendations on care for women with diabetes during pregnancy.pdf,42,"3.1.3
Pharmacological treatment",0.7683,"insulin during pregnancy (see below), and clinical practices and availability of medications are highly variable. The choice of glucose-lowering agent for pregnant women with type 2 diabetes will be based on the woman’s experiences of medication before becoming pregnant, her glycaemic control during pregnancy, local availability and expertise, and her values and preferences. •
The GDG noted that many blood-glucose lowering agents are either not recommended for use in pregnancy or do not have adequate safety data in pregnancy (e.g. glucagon-like peptide-1 receptor agonists [GLP-1RA] and sodium-glucose transport protein 2 [SGLT2] Inhibitors). Dose of glucose-lowering agent •
The GDG acknowledged that, although the evidence on type 2 diabetes during pregnancy is limited, increased monitoring and/or intensity of glycaemic management may be required. Continuous subcutaneous insulin infusion may also be a consideration, as available. Desirable and undesirable effects •
The systematic review conducted to inform this guideline identified the following comparisons and findings. The GDG acknowledged that changes in the market mean that some medications may become unavailable and new products may become available and trigger review of the guidelines as evidence emerges."
balanced-local-384,who_en_individualized_care,4,WHO_recommendations_on_care_for_women_wi_p14_c21,not_relevant,,,unjudged,unjudged,deterministic certified source/page/section/anchor match,certified_anchor_oracle,not_relevant,WHO recommendations on care for women with diabetes during pregnancy.pdf,14,Recommendations,0.7662,"pregnancy unless a change is considered necessary to optimize blood glucose control and outcomes for the woman and baby. 12
For pregnant women with type 1 diabetes, recommend continuation of the method of insulin delivery used before pregnancy unless a change is considered necessary to optimize blood glucose control and outcomes for the woman and baby."
balanced-local-384,who_en_individualized_care,5,WHO_recommendations_on_care_for_women_wi_p34_c58,not_relevant,,,unjudged,unjudged,deterministic certified source/page/section/anchor match,certified_anchor_oracle,not_relevant,WHO recommendations on care for women with diabetes during pregnancy.pdf,34,"3.1.2
Glucose monitoring",0.7571,"Rationale •
Regular monitoring of blood glucose levels, and recognizing when they are low or high, is crucial to managing diabetes during pregnancy and preventing complications. Women using insulin or other glucose-lowering agents require more frequent monitoring. •
The GDG noted that SMBG has been standard care for people with type 1 diabetes since the mid- to late- 1980s and it is unethical not to offer it in this population. •
In the context of potential harm to the developing baby from both hypoglycaemia and hyperglycaemia and limited empirical evidence on the harms and benefits of different modes of glucose monitoring during pregnancy, these recommendations provide guidance on the appropriate mode of monitoring for the different types of diabetes."
balanced-local-384,who_ar_lifestyle_trial,1,WHO_recommendations_on_care_for_women_wi_p42_c74,not_relevant,,,unjudged,unjudged,deterministic certified source/page/section/anchor match,certified_anchor_oracle,not_relevant,WHO recommendations on care for women with diabetes during pregnancy.pdf,42,"3.1.3
Pharmacological treatment",0.7402,"insulin during pregnancy (see below), and clinical practices and availability of medications are highly variable. The choice of glucose-lowering agent for pregnant women with type 2 diabetes will be based on the woman’s experiences of medication before becoming pregnant, her glycaemic control during pregnancy, local availability and expertise, and her values and preferences. •
The GDG noted that many blood-glucose lowering agents are either not recommended for use in pregnancy or do not have adequate safety data in pregnancy (e.g. glucagon-like peptide-1 receptor agonists [GLP-1RA] and sodium-glucose transport protein 2 [SGLT2] Inhibitors). Dose of glucose-lowering agent •
The GDG acknowledged that, although the evidence on type 2 diabetes during pregnancy is limited, increased monitoring and/or intensity of glycaemic management may be required. Continuous subcutaneous insulin infusion may also be a consideration, as available. Desirable and undesirable effects •
The systematic review conducted to inform this guideline identified the following comparisons and findings. The GDG acknowledged that changes in the market mean that some medications may become unavailable and new products may become available and trigger review of the guidelines as evidence emerges."
balanced-local-384,who_ar_lifestyle_trial,2,WHO_recommendations_on_care_for_women_wi_p44_c77,relevant,,,unjudged,unjudged,deterministic certified source/page/section/anchor match,certified_anchor_oracle,relevant,WHO recommendations on care for women with diabetes during pregnancy.pdf,44,"3.1.3
Pharmacological treatment",0.7297,"WHO recommendations on care for women with diabetes during pregnancy Remarks Commencement of pharmacotherapy •
The GDG acknowledged that a two-week trial of diet and physical activity to achieve glycaemic control is typically conducted before considering commencement of blood glucose-lowering medication for GDM. The trials comparing different pharmacological agents included in the systematic review used a range of lengths of diet/activity (when described this ranged from 3 to 28 days, most commonly seven days). However, in some settings and for some clinical presentations (e.g. based on level of glycaemic control or maternal/fetal concerns), medication may be commenced without a trial of diet/activity. Trigger for treatment initiation or change •
In the trials comparing different pharmacological agents included in the systematic review, thresholds used for insulin initiation, treatment agent switch and dose escalation were poorly and inconsistently reported. In most studies, the trigger for FPG was 5.0 to 5.5 mmol/L (90 to 100 mg/dL), with some using stricter (3.4 to 5.0 mmol/L [60 to 90 mg/dL]) or looser (<6.1 mmol/L [<110 mg/dL]) targets. One-hour postprandial targets ranged from <6.5 to <9.0 mmol/L (<117 to <162 mg/dL) and most studies used a two- hour postprandial target of <6.7 mmol/L (120 mg/dL), ranging between <5.6 and <7.8 mmol/L (<100 mg/dL and <140 mg/dL). •
In clinical practice, a flexible approach may be appropriate and triggers for treatment initiation or change will likely be based on a woman’s blood glucose control and clinical criteria that reflect local realities 28 (e.g. food insecurity, challenges in monitoring or follow-up), aiming to balance safety and feasibility. Choice of glucose-lowering agent •
The GDG acknowledged that although there is some indication of possible benefits of commencing with metformin, overall the evidence does not strongly support metformin over insulin as a first-line medicine."
balanced-local-384,who_ar_lifestyle_trial,3,WHO_recommendations_on_care_for_women_wi_p38_c65,not_relevant,,,unjudged,unjudged,deterministic certified source/page/section/anchor match,certified_anchor_oracle,not_relevant,WHO recommendations on care for women with diabetes during pregnancy.pdf,38,"3.1.2
Glucose monitoring",0.6929,"WHO recommendations on care for women with diabetes during pregnancy available, a target fasting blood glucose of ≤7 mmol/L (126 mg/dl) and a postprandial plasma glucose of ≤9 mmol/L (45) can serve as surrogates. However, an individualized approach is encouraged in setting the patient’s target level for glycaemic control, taking into account their comorbidities, risks from medication side-effects and likely benefit from tight glycaemic control in view of life expectancy (46). •
In the context of limited empirical evidence, the GDG developed this recommendation based on the potential harm to the developing baby from hypoglycaemia and hyperglycaemia and the importance of glucose monitoring as noted in Recommendation 5. Remarks Benefits and harms •
The systematic review conducted to inform this guideline found that for women with type 1 diabetes: –
for very tight glycaemic targets (fasting plasma glucose [FPG] 3.33 to 5.00 mmol/L [60 to 90 mg/dL]) versus moderately tight glycaemic targets (FPG 5.27 to 6.38 mmol/L [95 to 115 mg/dL]), there was no evidence of benefit and possible increases in the percentage of days with maternal hypoglycaemia (n=22 women) and increased length of postnatal hospitalization (n=137 women) ( low certainty ); –
for tight glycaemic targets (FPG <5.6 mmol/L [<101 mg/dL]) versus moderate (FPG 5.6 to 6.7 mmol/L glycaemic targets [101 to 121 mg/dL]) there was no evidence of benefit or harm; –
for moderate glycaemic targets (FPG target 5.6 to 6.7 mmol/L [101 to 121 mg/dL]) versus loose 22 glycaemic targets (FPG 6.7 to 8.9 mmol/L [121 mg/dL to 160 mg/dL]), there were possible reductions in caesarean birth (n=44 women), large-for-gestational age (n=44 babies) and respiratory distress syndrome (n=44 babies) ( low certainty ) and no certain evidence of harm. •
For tight versus moderate glycaemic targets or moderate versus loose glycaemic targets, the lack of harm is not established as many outcomes were of very low certainty."
balanced-local-384,who_ar_lifestyle_trial,4,WHO_recommendations_on_care_for_women_wi_p34_c58,not_relevant,,,unjudged,unjudged,deterministic certified source/page/section/anchor match,certified_anchor_oracle,not_relevant,WHO recommendations on care for women with diabetes during pregnancy.pdf,34,"3.1.2
Glucose monitoring",0.6842,"Rationale •
Regular monitoring of blood glucose levels, and recognizing when they are low or high, is crucial to managing diabetes during pregnancy and preventing complications. Women using insulin or other glucose-lowering agents require more frequent monitoring. •
The GDG noted that SMBG has been standard care for people with type 1 diabetes since the mid- to late- 1980s and it is unethical not to offer it in this population. •
In the context of potential harm to the developing baby from both hypoglycaemia and hyperglycaemia and limited empirical evidence on the harms and benefits of different modes of glucose monitoring during pregnancy, these recommendations provide guidance on the appropriate mode of monitoring for the different types of diabetes."
balanced-local-384,who_ar_lifestyle_trial,5,WHO_recommendations_on_care_for_women_wi_p45_c80,not_relevant,,,unjudged,unjudged,deterministic certified source/page/section/anchor match,certified_anchor_oracle,not_relevant,WHO recommendations on care for women with diabetes during pregnancy.pdf,45,"3.1.3
Pharmacological treatment",0.6755,"The trials did not provide a clear indication of desirable or undesirable effects for insulin versus no insulin. Most reported 29 outcomes were not estimable or were assessed to be very low certainty. Comparisons of oral glucose-lowering agents and insulin –
When metformin is compared to insulin as a first-line medication, there is evidence of probable or possible moderate desirable effects – induction of labour (AR 78 fewer per 1000, 95% CI from 131 fewer to 10 fewer; seven trials, 1703 women; moderate certainty ); maternal hypoglycaemia (AR 147 fewer per 1000, 95% CI from 191 fewer to 75 fewer; four trials, 702 women; low certainty ); admission to neonatal intensive care (AR 50 fewer per 1000, 95% CI from 80 fewer to 14 fewer; 16 trials, 3184 babies; moderate certainty ); macrosomia (AR 44 fewer per 1000, 95% CI from 65 fewer to 17 fewer; 14 trials, 2728 babies; low certainty ), shoulder dystocia (AR 16 fewer per 1000, 95% CI from 23 fewer to 0 fewer; five trials, 1290 babies; low certainty ), neonatal hypoglycaemia (AR 97 fewer per 1000, 95% CI from 121 fewer to 69 fewer; 19 trials, 4104 babies; low certainty ) and respiratory distress syndrome (AR 19 fewer per 1000, 95% CI from 32 fewer to 1 fewer; 10 trials, 2288 babies; low certainty ). There is no clear indication of undesirable effects. The GDG acknowledged, however, that many women on metformin will progress to requiring insulin to maintain or achieve glycaemic control. –
For glibenclamide compared to insulin, there is no clear indication of desirable effects, and evidence of probable moderate undesirable effects – maternal hypoglycaemia (AR 24 more per 1000, 95% CI from 3 more to 88 more; three trials, 988 women; moderate certainty ) and neonatal hypoglycaemia (AR 28 more per 1000, 95% CI from 4 more to 62 more; nine trials, 1967 babies; moderate certainty ) affecting a small proportion of those exposed (<3% for both outcomes). –
There is no clear indication of desirable or undesirable effects for"
balanced-local-384,who_en_care_actions,1,WHO_recommendations_on_care_for_women_wi_p3_c1,not_relevant,,,unjudged,unjudged,deterministic certified source/page/section/anchor match,certified_anchor_oracle,not_relevant,WHO recommendations on care for women with diabetes during pregnancy.pdf,3,,0.8747,"WHO recommendations on
care for women with diabetes

during pregnancy"
balanced-local-384,who_en_care_actions,2,WHO_recommendations_on_care_for_women_wi_p1_c0,not_relevant,,,unjudged,unjudged,deterministic certified source/page/section/anchor match,certified_anchor_oracle,not_relevant,WHO recommendations on care for women with diabetes during pregnancy.pdf,1,,0.8747,"WHO recommendations on
care for women with diabetes

during pregnancy"
balanced-local-384,who_en_care_actions,3,WHO_recommendations_on_care_for_women_wi_p72_c127,not_relevant,,,unjudged,unjudged,deterministic certified source/page/section/anchor match,certified_anchor_oracle,not_relevant,WHO recommendations on care for women with diabetes during pregnancy.pdf,72,"Annex 3.
Summary and management
of declared interests from
GDG members",0.8564,"WHO recommendations on care for women with diabetes during pregnancy

56"
balanced-local-384,who_en_care_actions,4,WHO_recommendations_on_care_for_women_wi_p36_c61,not_relevant,,,unjudged,unjudged,deterministic certified source/page/section/anchor match,certified_anchor_oracle,not_relevant,WHO recommendations on care for women with diabetes during pregnancy.pdf,36,"3.1.2
Glucose monitoring",0.84,"WHO recommendations on care for women with diabetes during pregnancy •
Although findings vary, some women with GDM find blood glucose monitoring to be a useful way of managing their condition without the use of insulin ( moderate confidence ) (37). However, some women with GDM find blood glucose monitoring to be time consuming and socially isolating ( moderate confidence ) (33), with some expressing concern about the associated pain and potential bleeding ( moderate confidence ) (33, 35). In addition, for women unused to the routine of blood glucose monitoring, there was a tendency to forget to test at regular intervals ( moderate confidence ) (38). The use of smartphone apps or health centre reminders sometimes negated this problem ( low confidence ) (38). Feasibility •
While the QES found no direct evidence regarding the feasibility of different monitoring systems from the perspective of health-care providers (16), indirect evidence suggests that some may require additional training to better understand the management of diabetes during pregnancy ( moderate confidence ) and that some find guidelines and protocols for diabetes management (including monitoring) during pregnancy to be inconsistent, confusing and occasionally outdated ( moderate confidence ). Glycated haemoglobin (HbA1c) Recommendations 8
For pregnant women with type 1 or type 2 diabetes, measure HbA1c in the first trimester or as soon as antenatal care is initiated. 20 9
For women with gestational diabetes, do not routinely measure HbA1c. Rationale •
HbA1c is used to reflect average plasma glucose over the last 8 to 12 weeks and is recommended by WHO to establish the diagnosis of type 2 diabetes and monitor glycaemic control in people with diabetes outside of pregnancy (28). •
In light of a lack of empirical evidence on health benefits of measuring HbA1c for pregnant women with diabetes, the GDG developed recommendations based on the capacity for testing of HbA1c early in"
balanced-local-384,who_en_care_actions,5,WHO_recommendations_on_care_for_women_wi_p34_c58,not_relevant,,,unjudged,unjudged,deterministic certified source/page/section/anchor match,certified_anchor_oracle,not_relevant,WHO recommendations on care for women with diabetes during pregnancy.pdf,34,"3.1.2
Glucose monitoring",0.8197,"Rationale •
Regular monitoring of blood glucose levels, and recognizing when they are low or high, is crucial to managing diabetes during pregnancy and preventing complications. Women using insulin or other glucose-lowering agents require more frequent monitoring. •
The GDG noted that SMBG has been standard care for people with type 1 diabetes since the mid- to late- 1980s and it is unethical not to offer it in this population. •
In the context of potential harm to the developing baby from both hypoglycaemia and hyperglycaemia and limited empirical evidence on the harms and benefits of different modes of glucose monitoring during pregnancy, these recommendations provide guidance on the appropriate mode of monitoring for the different types of diabetes."
balanced-local-384,no_evidence_en_vague,1,Availability__price_and_affordability_of_p5_c4,not_relevant,,,unjudged,unjudged,deterministic certified source/page/section/anchor match,certified_anchor_oracle,not_relevant,"Availability, price and affordability of health technologies for the management of diabetes.pdf",5,Acknowledgemen,0.3954,"|  | Contents |
| --- | --- |"
balanced-local-384,no_evidence_en_vague,2,Availability__price_and_affordability_of_p43_c81,not_relevant,,,unjudged,unjudged,deterministic certified source/page/section/anchor match,certified_anchor_oracle,not_relevant,"Availability, price and affordability of health technologies for the management of diabetes.pdf",43,"3. Results
3. Results",0.3923,"|  |  | Discussion |
| --- | --- | --- |"
balanced-local-384,no_evidence_en_vague,3,WHO_recommendations_on_care_for_women_wi_p71_c126,not_relevant,,,unjudged,unjudged,deterministic certified source/page/section/anchor match,certified_anchor_oracle,not_relevant,WHO recommendations on care for women with diabetes during pregnancy.pdf,71,"Annex 3.
Summary and management
of declared interests from
GDG members",0.3342,55
balanced-local-384,no_evidence_en_vague,4,Prevention_and_control_of_diabetes_melli_p20_c31,not_relevant,,,unjudged,unjudged,deterministic certified source/page/section/anchor match,certified_anchor_oracle,not_relevant,Prevention and control of diabetes mellitus Lessons for service delivery from countries in the WHO South-East Asia Region.pdf,20,Executive summary,0.3187,"|  |  | 6 |
| --- | --- | --- |"
balanced-local-384,no_evidence_en_vague,5,Availability__price_and_affordability_of_p49_c100,not_relevant,,,unjudged,unjudged,deterministic certified source/page/section/anchor match,certified_anchor_oracle,not_relevant,"Availability, price and affordability of health technologies for the management of diabetes.pdf",49,"Availability, price and affordability of health technologies for the management of diabetes",0.2913,"|  |  | Annexes |
| --- | --- | --- |"
balanced-local-384,no_evidence_ar_vague,1,Availability__price_and_affordability_of_p43_c81,not_relevant,,,unjudged,unjudged,deterministic certified source/page/section/anchor match,certified_anchor_oracle,not_relevant,"Availability, price and affordability of health technologies for the management of diabetes.pdf",43,"3. Results
3. Results",0.3829,"|  |  | Discussion |
| --- | --- | --- |"
balanced-local-384,no_evidence_ar_vague,2,Availability__price_and_affordability_of_p5_c4,not_relevant,,,unjudged,unjudged,deterministic certified source/page/section/anchor match,certified_anchor_oracle,not_relevant,"Availability, price and affordability of health technologies for the management of diabetes.pdf",5,Acknowledgemen,0.346,"|  | Contents |
| --- | --- |"
balanced-local-384,no_evidence_ar_vague,3,WHO_recommendations_on_care_for_women_wi_p71_c126,not_relevant,,,unjudged,unjudged,deterministic certified source/page/section/anchor match,certified_anchor_oracle,not_relevant,WHO recommendations on care for women with diabetes during pregnancy.pdf,71,"Annex 3.
Summary and management
of declared interests from
GDG members",0.3235,55
balanced-local-384,no_evidence_ar_vague,4,Prevention_and_control_of_diabetes_melli_p20_c31,not_relevant,,,unjudged,unjudged,deterministic certified source/page/section/anchor match,certified_anchor_oracle,not_relevant,Prevention and control of diabetes mellitus Lessons for service delivery from countries in the WHO South-East Asia Region.pdf,20,Executive summary,0.3075,"|  |  | 6 |
| --- | --- | --- |"
balanced-local-384,no_evidence_ar_vague,5,IDF_Diabetes_Atlas_11th_Edition_2025_WEB_p14_c23,not_relevant,,,unjudged,unjudged,deterministic certified source/page/section/anchor match,certified_anchor_oracle,not_relevant,IDF_Diabetes_Atlas_11th_Edition_2025_WEB.pdf,14,Key messages:,0.2769,"|  | 366 |
| --- | --- |
| 285 |  |"
balanced-local-384,no_evidence_en_type2_cross_condition,1,IDF_Diabetes_Atlas_11th_Edition_2025_WEB_p94_c169,not_relevant,,,unjudged,unjudged,deterministic certified source/page/section/anchor match,certified_anchor_oracle,not_relevant,IDF_Diabetes_Atlas_11th_Edition_2025_WEB.pdf,94,Key messages:,0.8073,"Key messages:

People with type 2 diabetes are at higher risk of
cardiovascular diseases, including a 72% higher
risk of heart attack, a 52% higher risk of stroke,
and an 84% higher risk of heart failure.

People with diabetes have a 56% higher risk of
dementia compared with people who do not
have diabetes.

The earlier someone develops type 2 diabetes,
the higher their chance of dementia in later life.

Close to one in four adults with diabetes have
some form of diabetes-related retinopathy.

More than one in ten people with some form of
diabetes-related retinopathy are at risk of losing
their vision or have lost it already.

IDF Diabetes Atlas 11th Edition - 2025 | diabetesatlas.org | 89"
balanced-local-384,no_evidence_en_type2_cross_condition,2,IDF_Diabetes_Atlas_11th_Edition_2025_WEB_p23_c38,not_relevant,,,unjudged,unjudged,deterministic certified source/page/section/anchor match,certified_anchor_oracle,not_relevant,IDF_Diabetes_Atlas_11th_Edition_2025_WEB.pdf,23,1.2 Type 2 diabetes,0.7699,"childhood
and adolescence. 23 The prevalence of type 2 diabetes varies by race and
ethnicity, as reported by the IDF Diabetes Atlas. 24–26 1.3 Impaired glucose tolerance and
impaired fasting glucose Impaired glucose tolerance (IGT) and impaired
fasting glucose (IFG) are conditions of blood
glucose levels above the normal range and below
the threshold recommended for diagnosis of
diabetes (see Figure 1.1). The terms ‘prediabetes’,
‘dysglycaemia’, ‘borderline diabetes’ and ‘intermediate
hyperglycaemia’ are often used interchangeably. 27
IGT and IFG are associated with a heightened risk
of the future development of type 2 diabetes 28–31 18 | IDF Diabetes Atlas 11th Edition - 2025 | diabetesatlas.org"
balanced-local-384,no_evidence_en_type2_cross_condition,3,Guidance_on_global_monitoring_for_diabet_p61_c112,not_relevant,,,unjudged,unjudged,deterministic certified source/page/section/anchor match,certified_anchor_oracle,not_relevant,"Guidance on global monitoring for diabetes prevention and control Framework, indicators and application.pdf",61,Risk factors,0.7515,"Risk factors

General population. Population with diabetes.

49"
balanced-local-384,no_evidence_en_type2_cross_condition,4,IDF_Diabetes_Atlas_11th_Edition_2025_WEB_p22_c34,not_relevant,,,unjudged,unjudged,deterministic certified source/page/section/anchor match,certified_anchor_oracle,not_relevant,IDF_Diabetes_Atlas_11th_Edition_2025_WEB.pdf,22,1.2 Type 2 diabetes,0.741,"Type 2 diabetes may have symptoms similar to those
of type 1 diabetes, but the onset is typically much less
dramatic and often completely asymptomatic. The
lack of symptoms makes the exact time of the onset
of type 2 diabetes difficult or impossible to determine.
As a result, there is often a long period before the
diabetes is diagnosed. At any given time, as many as
one-third to one-half of people with type 2 diabetes in
the population may be undiagnosed. If the diagnosis
is delayed for a prolonged time, complications may
develop. 19,20 Many are diagnosed because they already
have one or more of the complications associated with
the condition. Living with type 1 diabetes remains a challenge for
a child and the whole family, even in countries with
access to multiple daily injections or an insulin pump,
glucose monitoring, structured diabetes education
(including insulin adjustments, physical activity and
a healthy diet) and expert medical care. Besides the
acute complications of hypoglycaemia (abnormally
low blood glucose) and DKA, suboptimal glycaemic
control may lead to poor growth and the early onset
of circulatory (or ‘vascular’) complications. 14 Optimal
care is now recognised to be the use of an automated
insulin delivery system that combines an insulin
pump and a continuous glucose monitor, but this is
an expensive approach which, as yet, is only widely
available in some high-income countries. The causes of type 2 diabetes are not completely
understood, but there is a strong link with excess
body weight, higher age, ethnicity and a family history
of diabetes. Contributors to type 2 diabetes risk are
thought to include multi-gene predisposition and
environmental triggers. In many countries, especially in economically
disadvantaged families, access to insulin and self-care
tools, including structured diabetes education, can
be limited. 15 This may lead to serious acute and
chronic complications which can result in early
death or severe disability. 16"
balanced-local-384,no_evidence_en_type2_cross_condition,5,IDF_Diabetes_Atlas_11th_Edition_2025_WEB_p96_c173,not_relevant,,,unjudged,unjudged,deterministic certified source/page/section/anchor match,certified_anchor_oracle,not_relevant,IDF_Diabetes_Atlas_11th_Edition_2025_WEB.pdf,96,5.1 Type 2 Diabetes and the risk of cardiovascular diseases,0.735,"Figure 5.1 Meta-analysis of the incidence risk of atherosclerotic cardiovascular disease,
stroke, myocardial infarction, and heart failure in people with type 2 diabetes versus
those without diabetes. IDF Diabetes Atlas 11th Edition - 2025 | diabetesatlas.org | 91"
balanced-local-384,no_evidence_ar_type1_cross_condition,1,Guidance_on_global_monitoring_for_diabet_p55_c100,not_relevant,,,unjudged,unjudged,deterministic certified source/page/section/anchor match,certified_anchor_oracle,not_relevant,"Guidance on global monitoring for diabetes prevention and control Framework, indicators and application.pdf",55,Service delivery,0.7475,"Indicators and metadata

23. 	Treatment with glucose-lowering medication among people with diabetes

43"
balanced-local-384,no_evidence_ar_type1_cross_condition,2,Guidance_on_global_monitoring_for_diabet_p51_c92,not_relevant,,,unjudged,unjudged,deterministic certified source/page/section/anchor match,certified_anchor_oracle,not_relevant,"Guidance on global monitoring for diabetes prevention and control Framework, indicators and application.pdf",51,Service delivery,0.6653,"Indicators and metadata

19. 	Blood glucose measurement among people with diabetes

39"
balanced-local-384,no_evidence_ar_type1_cross_condition,3,Availability__price_and_affordability_of_p53_c105,not_relevant,,,unjudged,unjudged,deterministic certified source/page/section/anchor match,certified_anchor_oracle,not_relevant,"Availability, price and affordability of health technologies for the management of diabetes.pdf",53,Annex 3. List of publications compiled by this scoping review,0.6629,"Annex 3. List of publications compiled by this scoping review Annexes 1
Insulin Availability Among
International Diabetes
Federation Member
Associations Report of
the Task Force on Insulin
Distribution Deeb
1994
60 coun­
tries Mainly insulin. Availability of syringes 42% of the
countries. Glucometers were used in 49 countries (81%). DM
Survey 2
Home monitoring of blood
glucose (HMBG) in Type-
2 Diabetes mellitus in a
developing country Kibriya
1999
Bangla­
desh Home Monitoring of Blood Glucose pack. Glucometer
cost: 131.3 USD Test strips cost: 12.62 for 25 strips (1 strip
0.5 USD), 100 strips 50.5 USD (1 USD = 49.5 Taka). T2DM
Cost-
effectiveness
evaluation 3
Excess costs of medical care
1 and 8 years after diagnosis
of diabetes: estimates from
young and middle-aged
incidence cohorts in Sweden Jonsson
2000
Sweden
Excess cost. Use. Annual cost strips. Strips' cost exceeds
the cost of insulin. The use of blood glucose test strips
was $321 in women compared to $177 USD in men T1DM
and
T2DM Cohort study 4
Is access to Insulin, Insulin
supplies and Education
a Democratic Right for
All People Affected by
Diabetes? Murray
2000
16 coun­
tries Cen­
tral and
Eastern
Europe Insulin and glucose strip cost. 50 strips 14-57 USD.
Cost per strip 0.28–1.14 USD. Cost Barriers: access
in rural areas was a concern, cost, supply shortages,
transportation difficulties, lack of education for patients,
lack of trained personnel. Syringes and pens were
reported to be available for free. Insulin cost was 5-18
USD. DM
Survey 5
Final report of the
International Insulin
Foundation on the rapid
assessment protocol for
insulin access in Zambia International
Insulin
Foundation"
balanced-local-384,no_evidence_ar_type1_cross_condition,4,WHO_recommendations_on_care_for_women_wi_p43_c76,not_relevant,,,unjudged,unjudged,deterministic certified source/page/section/anchor match,certified_anchor_oracle,not_relevant,WHO recommendations on care for women with diabetes during pregnancy.pdf,43,"3.1.3
Pharmacological treatment",0.6552,"27 with insulin for the treatment of GDM suggests that treatment satisfaction is higher with metformin than with insulin (52–54), which may be extrapolated to women with type 2 diabetes. Availability •
The WHO 2021 report on access to insulin suggests that there are a significant number of markets in lower-income countries and in the WHO African Region, WHO South-East Asia Region and WHO Eastern Mediterranean Region where the availability of insulin does not meet demand (50). Gestational diabetes Recommendations 17
For women with GDM who are unable to achieve optimal blood glucose levels with diet and physical activity alone, recommend initiation of metformin or insulin to optimize blood glucose control and outcomes for the woman and baby. 18
For women with GDM who are receiving monotherapy with metformin or insulin and are unable to achieve optimal blood glucose levels, consider initiation of a combination of metformin and insulin to optimize blood glucose control and outcomes for the woman and baby. Rationale •
The GDG acknowledged that, while some women with GDM may maintain optimal blood glucose levels with diet and physical activity alone, other women may need to initiate a glucose-lowering agent to optimize blood glucose control and outcomes for the woman and baby."
balanced-local-384,no_evidence_ar_type1_cross_condition,5,IDF_Diabetes_Atlas_11th_Edition_2025_WEB_p20_c30,not_relevant,,,unjudged,unjudged,deterministic certified source/page/section/anchor match,certified_anchor_oracle,not_relevant,IDF_Diabetes_Atlas_11th_Edition_2025_WEB.pdf,20,Key messages:,0.6474,"Figure 1.1 Diagnostic criteria for diabetes. 1

Impaired Glucose

Impaired Fasting

Diabetes

Tolerance

Glucose (IFG)

Should be diagnosed if

Should be diagnosed if
THE FIRST OR BOTH of

Should be diagnosed
if ONE OR MORE of the
following criteria are met

BOTH of the following

criteria are met

the following are met

mmol/L
< 7.0

mmol/L
6.1–6.9

mmol/L
7.0

Fasting plasma

glucose

(126 mg/dL)

(110 - 125 mg/dL)

(126 mg/dL)

or
and
and if measured

mmol/L
< 7.8

mmol/L
11.1

Two-hour
plasma glucose

mmol/L
7.8 and < 11.1

after a 75g oral glucose

load (oral glucose
tolerance test (OGTT))

(140-199 mg/dL)

(140 mg/dL)

(200 mg/dL)

or

mmol/L
48

HbA1c

(equivalent to 6.5%)

or

mmol/L
11.1

Random plasma

glucose

in the presence of symptoms

of hyperglycaemia

(200 mg/dL)

Note: Fasting is defined as no caloric intake for at least eight hours.

The HbA1c test should be performed in a laboratory using a method that is National Glycohaemoglobin Certification
Program (NGSP) certified and standardised to the Diabetes Control and Complications Trial assay.

The two-hour postprandial plasma glucose test should be performed using a glucose load containing the equivalent
of 75-g anhydrous glucose dissolved in water.

In the absence of symptoms of hyperglycaemia, two abnormal tests are required for the diagnosis of diabetes.

The American Diabetes Association (ADA) (2) recommends diagnosing “prediabetes” with a fasting plasma glucose
between 5.6 and 6.9 mmol/L (100mg/dL to 125mg/dL: impaired fasting glucose), a 2-h plasma glucose ≥ 7.8 and
<11.1 mmol/L (140–200 mg/dl: impaired glucose tolerance) or HbA1c values between 39 and 47 mmol/mol (5.7–6.4%). 2

IDF Diabetes Atlas 11th Edition - 2025 | diabetesatlas.org | 15"
balanced-local-384,no_evidence_en_football,1,IDF_Diabetes_Atlas_11th_Edition_2025_WEB_p88_c158,not_relevant,,,unjudged,unjudged,deterministic certified source/page/section/anchor match,certified_anchor_oracle,not_relevant,IDF_Diabetes_Atlas_11th_Edition_2025_WEB.pdf,88,"Figure 4.5 Estimated prevalence (%) of diabetes by age and sex, IDF South and Central America
Region 2024.",0.3842,"| Top 5 countries |  |  |
| --- | --- | --- |
|  | 2024 | 2050 |
| Top five countries for number of people with diabetes (20-79 years) |  |  |
| Brazil | 17.0m | 24.0m |
| Argentina | 4.3m | 5.9m |
| Colombia | 3.0m | 4.3m |
| Chile | 1.9m | 2.4m |
| Venezuela | 1.6m | 2.4m |
| Top five countries for age-standardised prevalence of people with diabetes (20-79 years) |  |  |
| Dominican Republic | 17.6% | 19.9% |
| Argentina | 14.0% | 15.4% |
| Guatemala | 13.2% | 13.8% |
| El Salvador | 12.7% | 14.8% |
| Chile | 12.2% | 13.7% |"
balanced-local-384,no_evidence_en_football,2,IDF_Diabetes_Atlas_11th_Edition_2025_WEB_p82_c146,not_relevant,,,unjudged,unjudged,deterministic certified source/page/section/anchor match,certified_anchor_oracle,not_relevant,IDF_Diabetes_Atlas_11th_Edition_2025_WEB.pdf,82,"Figure 4.2 Estimated prevalence (%) of diabetes by age and sex, IDF Europe Region 2024.",0.3807,"| Top 5 countries |  |  |
| --- | --- | --- |
|  | 2024 | 2050 |
| Top five countries for number of people with diabetes (20-79 years) |  |  |
| Turkey | 9.6m | 14.1m |
| Russian Federation | 7.6m | 7.7m |
| Germany | 6.5m | 6.1m |
| Italy | 5.0m | 4.7m |
| Spain | 4.7m | 4.9m |
| Top five countries for age-standardised prevalence of people with diabetes (20-79 years) |  |  |
| Turkey | 16.5% | 18.6% |
| Montenegro | 10.7% | 12.3% |
| Albania | 10.6% | 12.3% |
| Portugal | 10.5% | 12.2% |
| Croatia | 10.5% | 12.2% |"
balanced-local-384,no_evidence_en_football,3,Availability__price_and_affordability_of_p20_c33,not_relevant,,,unjudged,unjudged,deterministic certified source/page/section/anchor match,certified_anchor_oracle,not_relevant,"Availability, price and affordability of health technologies for the management of diabetes.pdf",20,"2.3
Online Survey",0.3784,"3. Results

World Diabetes Day, Brazzaville Congo 2019 © WHO/Marta Villa Monge"
balanced-local-384,no_evidence_en_football,4,Prevention_and_control_of_diabetes_melli_p84_c149,not_relevant,,,unjudged,unjudged,deterministic certified source/page/section/anchor match,certified_anchor_oracle,not_relevant,Prevention and control of diabetes mellitus Lessons for service delivery from countries in the WHO South-East Asia Region.pdf,84,References,0.3669,"References 1.
World Health Organization (2024). Diabetes. Geneva: World Health Organization; 2024. (https ://
www.who.int/news-room/fact-sheets/detail/diabetes, accessed 23 November 2025). 2.
World Health Organization (2025). Noncommunicable Diseases Data Portal. Geneva: World Health
Organization; 2025 (https://ncdportal.org/, accessed 23 November 2025). 3.
World Health Organization (2024). Probability of dying between exact ages 30 and 70 from
cardiovascular disease, cancer, diabetes, or chronic respiratory diseases (Global Health Estimates,
2024). Geneva: World Health Organization; 2024 (https://www.who.int/data/gho/data/indicators/
indicator-details/GHO/probability-of-dying-between-exact-ages-30-and-70-from-any-of-
cardiovascular-disease-cancer-diabetes-or-chronic-respiratory-(-), accessed 23 November 2025) 4.
World Health Organization (2022).  Resolutions and Decisions, Seventy‑fifth World Health
Assembly: Recommendations to strengthen and monitor diabetes responses within national
noncommunicable disease programmes, including targets, A75_REC1, p. 95. Geneva: World Health
Organization; 2022 (https://apps.who.int/gb/ebwha/pdf_files/WHA75-REC1/A75_REC1_Interactive_
en.pdf, accessed 23 November 2025) Prevention and control of diabetes mellitus: Lessons for service delivery from countries in the WHO South-East Asia Region 5.
World Health Organization (2020). HEARTS D: Diagnosis and management of type 2 diabetes.
Geneva: World Health Organization; 2020. WHO reference number WHO/UCN/NCD/20.1. (https ://
www.who.int/publications/i/item/who-ucn-ncd-20.1, accessed 23 November 2025) 6.
World Health Organization Regional Office for South‑East Asia (2023). SEAHEARTS: Accelerating
prevention and control of cardiovascular diseases in the South‑East Asia Region. New Delhi: WHO
SEARO; 2023. WHO reference number SEA‑RC76‑R5. (https ://www.who.int/publications/i/item/
SEA‑RC76‑R5, accessed 23 November 2025)."
balanced-local-384,no_evidence_en_football,5,IDF_Diabetes_Atlas_11th_Edition_2025_WEB_p80_c142,not_relevant,,,unjudged,unjudged,deterministic certified source/page/section/anchor match,certified_anchor_oracle,not_relevant,IDF_Diabetes_Atlas_11th_Edition_2025_WEB.pdf,80,Key messages:,0.3606,"| Top 5 countries |  |  |
| --- | --- | --- |
|  | 2024 | 2050 |
| Top five countries for number of people with diabetes (20-79 years) |  |  |
| Nigeria | 3.0m | 6.6m |
| United Republic of Tanzania | 2.9m | 7.6m |
| Democratic Republic of the Congo | 2.9m | 7.3m |
| South Africa | 2.3m | 4.0m |
| Ethiopia | 2.3m | 6.0m |
| Top five countries for age-standardised prevalence of people with diabetes (20-79 years) |  |  |
| Sao Tome and Principe | 12.1% | 13.7% |
| Comoros | 10.8% | 12.7% |
| Zambia | 10.3% | 12.5% |
| United Republic of Tanzania | 9.8% | 11.2% |
| Seychelles | 10.1% | 10.1% |"
balanced-local-384,no_evidence_ar_out_of_scope,1,Prevention_and_control_of_diabetes_melli_p58_c99,not_relevant,,,unjudged,unjudged,deterministic certified source/page/section/anchor match,certified_anchor_oracle,not_relevant,Prevention and control of diabetes mellitus Lessons for service delivery from countries in the WHO South-East Asia Region.pdf,58,Case study 5,0.264,"total target population of 9.8 million. The
project strengthened integrated DM/TB
service delivery by collaborating closely with
provincial and district health authorities,
reaching both urban and rural populations
through 33 public health centres. The project
was implemented between 2012 and 2016. to the primary-level health-care staff and
community health workers to strengthen
community-level understanding. Government laboratories in primary care
were used for bidirectional screening
and the capability of primary health care
clinics to conduct sputum examination
was strengthened. Interventions such as
establishment of sputum booths outside
primary care facilities to reduce the risk of
nosocomial transmission within the health
facility and administration of expectorants
to patients with dry cough to facilitate the
production of sputum were initiated. Implementation approach: The project
approach was aligned with WHO and
International Union Against Tuberculosis
and Lung Disease (the Union)’s framework
for collaborative activities to address the dual
burden of TB and diabetes. The approach was
based on the establishment of a collaborative
framework for diabetes and TB detection,
management and care at provincial and
district levels, created through roundtable
discussions between the existing TB and
diabetes programmes. TB and diabetes
services are provided at different facilities
and by different health workers. Patients
diagnosed with one condition are screened
for the other and cross-referred between the
two programmes to ensure continuity of care
and follow-up. Prevention and control of diabetes mellitus: Lessons for service delivery from countries in the WHO South-East Asia Region"
balanced-local-384,no_evidence_ar_out_of_scope,2,Guidance_on_global_monitoring_for_diabet_p31_c53,not_relevant,,,unjudged,unjudged,deterministic certified source/page/section/anchor match,certified_anchor_oracle,not_relevant,"Guidance on global monitoring for diabetes prevention and control Framework, indicators and application.pdf",31,Health system determinants,0.2451,"| Indicator name | Existence and implementation of policies and/or legislation for diabetes prevention |
| --- | --- |
| Purpose | To assess the availability of governance mechanisms for diabetes prevention. |
| Definition | Country has adopted policies and/or legislation aimed at preventing diabetes and its risk factors, and the policies and/or legislation are currently being implemented. National diabetes prevention policies include the country’s vision, priorities, budgetary decisions and course of action for diabetes prevention. A policy or legislation may be an independent diabetes prevention policy/legislation or part of a comprehensive noncommunicable diseases policy/legislation. This indicator excludes assessment of tax laws. |
| Numerator | Not applicable |
| Denominator | Not applicable |
| Method of estimation | Country can respond “Yes” to the question “Has the country adopted national policies and/or legislation aimed at preventing diabetes and its risk factors?” and needs to provide a copy of the policies and legislations and the latest report on their implementation. Existence of policies and/or legislation is validated by examining policy/ legislation documents and implementation is validated by examining the latest report detailing the execution of policies and legislations. The indicator is considered “Yes” if the country has adopted policies and/or legislation aimed at preventing diabetes and its risk factors, that are currently being implemented. The indicator is considered “Partially yes” if the country has adopted policies and/or legislation aimed at preventing diabetes and its risk factors, but these are not currently being implemented. The indicator is considered “No” if the country has not adopted policies and/or legislation. |
| Disaggregation | Policy/legislation |
| Sources of data | NCD country capacity survey, other survey, country report |
| Limitations/comments | An acceptable minimum number of policies and/or legislation implemented according to plan must be defined every evaluation period to consider the policies and/or legislation as currently implemented. |
| Related links | WHO Noncommunicable disease surveillance, monitoring and reporting: NCD country capacity survey [website]. Geneva: World Health Organization; 2023 (https://www.who.int/teams/ncds/surveillance/monitoring-capacity/ ncdccs, accessed 26 May 2024). |"
balanced-local-384,no_evidence_ar_out_of_scope,3,IDF_Diabetes_Atlas_11th_Edition_2025_WEB_p69_c125,not_relevant,,,unjudged,unjudged,deterministic certified source/page/section/anchor match,certified_anchor_oracle,not_relevant,IDF_Diabetes_Atlas_11th_Edition_2025_WEB.pdf,69,"Figure 3.12 Diabetes-related health expenditure as a percentage of Gross Domestic Product
(GDP) by World Bank income classification, 2024.",0.2298,"expenditure as a percentage of GDP is highest
amongst high-income countries (1.4%), followed by
middle income countries (1.3%), and followed distantly
by low-income countries (0.8%) (Figure 3.12).

Diabetes-related health expenditure as a percentage
of Gross Domestic Product (GDP) is highest in the
SACA Region at 2.5%, followed by 1.9% in the NAC
Region (Figure 3.11). When considering World
Bank income classification, diabetes-related health

Figure 3.12 Diabetes-related health expenditure as a percentage of Gross Domestic Product
(GDP) by World Bank income classification, 2024.

1.6

1.4

1.4

1.3

1.2

Percentage of GDP (%)

1.0

0.8

0.8

0.6

0.4

0.2

0.0

High-income countries
Middle-income countries
Low-income countries

World bank income classification

64 | IDF Diabetes Atlas 11th Edition - 2025 | diabetesatlas.org"
balanced-local-384,no_evidence_ar_out_of_scope,4,IDF_Diabetes_Atlas_11th_Edition_2025_WEB_p86_c155,not_relevant,,,unjudged,unjudged,deterministic certified source/page/section/anchor match,certified_anchor_oracle,not_relevant,IDF_Diabetes_Atlas_11th_Edition_2025_WEB.pdf,86,"Figure 4.4 Estimated prevalence (%) of diabetes by age and sex, IDF North America and
Caribbean Region 2024.",0.2269,"t = thousand | m = million | b = billion

Highlights

●
1 in 7 adults have diabetes – 56 million.

●
The Region has the second highest
diabetes prevalence (15.1%) of all
IDF Regions.

●
1 in 3 adults living with diabetes
are undiagnosed.

●
The Region has the highest diabetes-
related expenditure (USD 439 billion),
43% of global expenditure.

●
The Region has the highest proportion
of diabetes-related mortality, 21.4%.

●
The Region has the second highest
number of people with type 1 diabetes
– 1.9 million in total.

●
The Region has the highest average cost
per person with diabetes (20-79 years)
– USD 7,811.

●
1 in 4 live births are affected by
hyperglycaemia in pregnancy, the second
highest prevalence among all IDF regions.

*At the time of analysing the data for this edition, Mexico was included in the country listing for the IDF NAC Region.
The country will be listed among the countries in the IDF SACA Region for future editions.

IDF Diabetes Atlas 11th Edition - 2025 | diabetesatlas.org | 81"
balanced-local-384,no_evidence_ar_out_of_scope,5,IDF_Diabetes_Atlas_11th_Edition_2025_WEB_p74_c134,not_relevant,,,unjudged,unjudged,deterministic certified source/page/section/anchor match,certified_anchor_oracle,not_relevant,IDF_Diabetes_Atlas_11th_Edition_2025_WEB.pdf,74,3.8 Type 1 diabetes estimates in children and adults,0.2232,"| Rank |  | Country | Number of people of all ages living with T1D | Country | Number of children and adolescents under 20 living with T1D |
| --- | --- | --- | --- | --- | --- |
| 1 |  | United States of Ame | rica 1,477,000 | India | 301,000 |
| 2 |  | India | 941,000 | United States of America | 197,000 |
| 3 |  |  |  | China | 117,000 |
|  |  | China | 599,000 |  |  |
| 4 |  | Brazil | 499,000 | Brazil | 99,000 |
| 5 |  | United Kingdom | 341,000 | Egypt | 69,000 |
| 6 |  | Germany | 337,000 | Russian Federation | 61,000 |
| 7 |  | Russian Federation | 323,000 | Algeria | 56,000 |
| 8 |  | Canada | 243,000 | Turkey | 47,000 |
| 9 |  | Saudi Arabia | 223,000 | Saudi Arabia | 46,000 |
| 10 |  | Turkey | 196,000 | Morocco | 43,000 |"
large-local-384,idf_en_global_prevalence,1,IDF_Diabetes_Atlas_11th_Edition_2025_WEB_p46_c62,relevant,,,unjudged,unjudged,deterministic certified source/page/section/anchor match,certified_anchor_oracle,relevant,IDF_Diabetes_Atlas_11th_Edition_2025_WEB.pdf,46,Key messages:,0.8629,"Key messages:

An estimated 589 million adults aged 20–79 years
are living with diabetes. This represents 11.1% of
the world’s population in this age group.

The total number of adults living with diabetes is
predicted to rise to 853 million (13%) by 2050.

An estimated 252 million adults living with diabetes
are unaware they have the condition.

One in four adults (158 million) living with diabetes
are aged over 65.

An estimated 635 million adults aged 20–79 years
are living with impaired glucose tolerance (12%).

Over USD 1 trillion was spent on diabetes in 2024.
This represents 12% of global health expenditure.

Over 3.4 million people died as a result of diabetes
in 2024. This corresponds to 9.3% of global deaths
from all causes.

An estimated 9.1 million people are living with type
1 diabetes. The majority (69%) are aged 20-59.

An estimated 1 in 5 live births (23 million) are
affected by some form of hyperglycaemia
in pregnancy.

IDF Diabetes Atlas 11th Edition - 2025 | diabetesatlas.org | 41
IDF Diabetes Atlas 11th Edition - 2025 | diabetesatlas.org | 41"
large-local-384,idf_en_global_prevalence,2,IDF_Diabetes_Atlas_11th_Edition_2025_WEB_p53_c75,not_relevant,,,unjudged,unjudged,deterministic certified source/page/section/anchor match,certified_anchor_oracle,not_relevant,IDF_Diabetes_Atlas_11th_Edition_2025_WEB.pdf,53,"Figure 3.2 Prevalence of diabetes among men and women (20–79 years), 2024.",0.8336,"|  | 2024 | 2050 |
| --- | --- | --- |
| Adult population (65-99 years) | 667.8 million | 1.1 billion |
| Prevalence (65-99 years) | 23.7% | 24.3% |
| Number of people over 65 with diabetes (65–99 years) | 158.3 million | 278 million |"
large-local-384,idf_en_global_prevalence,3,IDF_Diabetes_Atlas_11th_Edition_2025_WEB_p92_c147,not_relevant,,,unjudged,unjudged,deterministic certified source/page/section/anchor match,certified_anchor_oracle,not_relevant,IDF_Diabetes_Atlas_11th_Edition_2025_WEB.pdf,92,"Figure 4.5 Estimated prevalence (%) of diabetes by age and sex, IDF South and Central America
Region 2024.",0.832,"| At a glance |  |  |
| --- | --- | --- |
|  | 2024 | 2050 |
| Adult population (20-79 years) | 1.74b | 1.72b |
| Diabetes (20-79 years) |  |  |
| Regional prevalence | 12.4% | 14.7% |
| Age-standardised prevalence | 11.1% | 12.8% |
| Number of people with diabetes (20-79 years) | 215m | 254m |
| Number of deaths due to diabetes (20-79 years) | 1.2m |  |
| Healthcare expenditure due to diabetes (20-79 years) |  |  |
| Total healthcare expenditure, USD | 246.3b | 237.7b |
| Impaired glucose tolerance (20-79 years) |  |  |
| Regional prevalence | 14.4% | 15.5% |
| Age-standardised prevalence | 13.5% | 14.3% |
| Number of people with impaired glucose tolerance | 251m | 268m |
| Impaired fasting glucose (20-79 years) |  |  |
| Regional prevalence | 9.1% | 9.9% |
| Age-standardised prevalence | 8.6% | 9.2% |
| Number of people with impaired glucose tolerance | 160m | 171m |
| Undiagnosed diabetes (20-79 years) |  |  |
| Regional proportion | 50.0% |  |
| Number of people with undiagnosed diabetes | 108m |  |
| Type 1 diabetes (all age groups) |  |  |
| Number of people with type 1 diabetes | 991,000 |  |"
large-local-384,idf_en_global_prevalence,4,IDF_Diabetes_Atlas_11th_Edition_2025_WEB_p53_c73,not_relevant,,,unjudged,unjudged,deterministic certified source/page/section/anchor match,certified_anchor_oracle,not_relevant,IDF_Diabetes_Atlas_11th_Edition_2025_WEB.pdf,53,"Figure 3.2 Prevalence of diabetes among men and women (20–79 years), 2024.",0.8293,"Table 3.5 Top 10 countries or territories with age-standardised diabetes prevalence in adults
(20–79 years) in 2024 and 2050.

i. Countries without in-country data sources. Estimates are extrapolated.

Table 3.6 Global diabetes estimates in people (65-99 years) in 2024 and 2050.

3.2 Diabetes prevalence in older adults in 2024 and projection to 2050

Regional distribution

Diabetes prevalence increases with age. Therefore,
the highest estimated prevalence is in people over
65 (Figure 3.1). In 2024, the estimated number of
people with diabetes aged 65–99 years was 158.3
million (23.7%). If the current trend continues, the
number of people aged 65-99 years with diabetes will
be 278 million in 2050 (Table 3.6). These data point
to a significant increase in the diabetes population of
ageing societies in the next 25 years and the inevitable
public health and economic challenges this will bring.
It will require all countries to commit to sufficient
resources to tackle diabetes.

There are significant regional differences in the
prevalence of diabetes in people over 65. Regions
included in the top five places remained the same
in 2024 compared with 2019, but the MENA region
had the highest prevalence at (32.3%). The lowest
prevalence remains in the AFR region (7.8%). This is
generally true for 2050 as well (Table 3.7). However,
the EUR region will fall to 6th place in the table with
the SEA region taking its place. Overall, the projected
diabetes prevalence in 2050 in this age group does not
forecast significant increases. As an example, in the
SACA Region the figures are 23.2% in 2024 and 23.6%
in 2050, and in AFR 7.8% in 2024 and 8.3% in 2050.

48 | IDF Diabetes Atlas 11th Edition - 2025 | diabetesatlas.org"
large-local-384,idf_en_global_prevalence,5,IDF_Diabetes_Atlas_11th_Edition_2025_WEB_p49_c67,not_relevant,,,unjudged,unjudged,deterministic certified source/page/section/anchor match,certified_anchor_oracle,not_relevant,IDF_Diabetes_Atlas_11th_Edition_2025_WEB.pdf,49,3.1 Diabetes prevalence in 2024 and projection to 2050 (20–79 years),0.8291,"Variation in diabetes prevalence across age, sex and setting

The estimated diabetes prevalence is similar in women
and men aged 20–79 (10.9% vs 11.3%). In 2024, the
IDF estimates that 9.8 million more men than women
were living with diabetes (Figure 3.2).

Age is an important risk factor for diabetes. Ageing of
the world’s population contributes to higher diabetes
prevalence that results in an increasing proportion of
people with diabetes over the age of 60.

Prevalence was lowest among adults aged 20–24
(1.9% in 2024 and 2.2% in 2050). Conversely, it was
highest among adults aged 75–79, with an estimated
prevalence of 24.8% in 2024, which is expected to rise
to 25.4% by 2050.

Map 3.2 Estimated age-standardised country prevalence of diabetes in adults (20–79 years), 2024.

<4%

4-<5%

5-<7%

7-<9%

9-<12%

≥ 12%

No estimates

44 | IDF Diabetes Atlas 11th Edition - 2025 | diabetesatlas.org"
large-local-384,idf_ar_projection_2050,1,IDF_Diabetes_Atlas_11th_Edition_2025_WEB_p47_c63,not_relevant,,,unjudged,unjudged,deterministic certified source/page/section/anchor match,certified_anchor_oracle,not_relevant,IDF_Diabetes_Atlas_11th_Edition_2025_WEB.pdf,47,3.1 Diabetes prevalence in 2024 and projection to 2050 (20–79 years),0.837,"While the world’s population is estimated to grow
25% over the next 25 years, the number of people
with diabetes is estimated to increase by 45%
(Map 3.1, Table 3.1, Map 3.2).

This 11th edition of the IDF Diabetes Atlas provides
estimates for diabetes in 2024 and projected
estimates for 2050. The estimates include diagnosed
and undiagnosed diabetes for adults aged 20–79.

Worldwide, a total of 589 million adults aged 20–79
are estimated to have diabetes (11.1% of all adults in
this age group). By 2050, the number of adults living
with diabetes will rise to a projected 852.5 million.

Map 3.1 Estimated number of adults (20–79 years) with diabetes by country, 2024.

< 100 thousand

100-<500 thousand

500 thousand-<1 million

1 - <10 million
10-<20 million
≥ 20 million
No estimates

3.1 Diabetes prevalence in 2024 and projection to 2050 (20–79 years)

Our projection for 2050 predicts a growth of 17% in
the prevalence of diabetes due to the ageing of the
population and increased urbanisation across the
globe. It is estimated that 95% of the increase in the
number of people with diabetes by 2050 will occur in
low- and middle-income countries, where population
growth is expected to be greater than in high-income
countries (Table 3.2).

The estimates in the 11th edition of the IDF Diabetes
Atlas are provided for 215 countries and territories,
grouped into the seven IDF Regions: Africa (AFR),
Europe (EUR), Middle East and North Africa (MENA),
North America and Caribbean (NAC), South and
Central America (SACA), South-East Asia (SEA) and
Western Pacific (WP). In total, 246 data sources from
153 countries and territories were included in the
analyses (See Resources www.diabetesatlas.org). 1
Data are presented considering each country´s current
age structure and, after adjustment to reflect the
prevalence, the age structure of the world population.

42 | IDF Diabetes Atlas 11th Edition - 2025 | diabetesatlas.org"
large-local-384,idf_ar_projection_2050,2,IDF_Diabetes_Atlas_11th_Edition_2025_WEB_p46_c62,relevant,,,unjudged,unjudged,deterministic certified source/page/section/anchor match,certified_anchor_oracle,relevant,IDF_Diabetes_Atlas_11th_Edition_2025_WEB.pdf,46,Key messages:,0.8195,"Key messages:

An estimated 589 million adults aged 20–79 years
are living with diabetes. This represents 11.1% of
the world’s population in this age group.

The total number of adults living with diabetes is
predicted to rise to 853 million (13%) by 2050.

An estimated 252 million adults living with diabetes
are unaware they have the condition.

One in four adults (158 million) living with diabetes
are aged over 65.

An estimated 635 million adults aged 20–79 years
are living with impaired glucose tolerance (12%).

Over USD 1 trillion was spent on diabetes in 2024.
This represents 12% of global health expenditure.

Over 3.4 million people died as a result of diabetes
in 2024. This corresponds to 9.3% of global deaths
from all causes.

An estimated 9.1 million people are living with type
1 diabetes. The majority (69%) are aged 20-59.

An estimated 1 in 5 live births (23 million) are
affected by some form of hyperglycaemia
in pregnancy.

IDF Diabetes Atlas 11th Edition - 2025 | diabetesatlas.org | 41
IDF Diabetes Atlas 11th Edition - 2025 | diabetesatlas.org | 41"
large-local-384,idf_ar_projection_2050,3,IDF_Diabetes_Atlas_11th_Edition_2025_WEB_p88_c141,not_relevant,,,unjudged,unjudged,deterministic certified source/page/section/anchor match,certified_anchor_oracle,not_relevant,IDF_Diabetes_Atlas_11th_Edition_2025_WEB.pdf,88,"Figure 4.5 Estimated prevalence (%) of diabetes by age and sex, IDF South and Central America
Region 2024.",0.8133,"m = million | b = billion

Highlights

●
1 in 10 adults have diabetes – 35 million.

●
The number of adults with diabetes
is expected to increase by 46% to 52
million by 2050.

●
1 in 3 adults living with diabetes
(30.4%) are undiagnosed.

●
Diabetes is responsible for 224,000
deaths in 2024.

●
797,000 people live with type 1 diabetes.

●
Diabetes-related expenditure totals
USD 81 billion in 2024.

●
1 in 6 live births are affected by
hyperglycaemia in pregnancy.

IDF Diabetes Atlas 11th Edition - 2025 | diabetesatlas.org | 83"
large-local-384,idf_ar_projection_2050,4,IDF_Diabetes_Atlas_11th_Edition_2025_WEB_p53_c75,not_relevant,,,unjudged,unjudged,deterministic certified source/page/section/anchor match,certified_anchor_oracle,not_relevant,IDF_Diabetes_Atlas_11th_Edition_2025_WEB.pdf,53,"Figure 3.2 Prevalence of diabetes among men and women (20–79 years), 2024.",0.8108,"|  | 2024 | 2050 |
| --- | --- | --- |
| Adult population (65-99 years) | 667.8 million | 1.1 billion |
| Prevalence (65-99 years) | 23.7% | 24.3% |
| Number of people over 65 with diabetes (65–99 years) | 158.3 million | 278 million |"
large-local-384,idf_ar_projection_2050,5,IDF_Diabetes_Atlas_11th_Edition_2025_WEB_p53_c73,not_relevant,,,unjudged,unjudged,deterministic certified source/page/section/anchor match,certified_anchor_oracle,not_relevant,IDF_Diabetes_Atlas_11th_Edition_2025_WEB.pdf,53,"Figure 3.2 Prevalence of diabetes among men and women (20–79 years), 2024.",0.8009,"Table 3.5 Top 10 countries or territories with age-standardised diabetes prevalence in adults
(20–79 years) in 2024 and 2050.

i. Countries without in-country data sources. Estimates are extrapolated.

Table 3.6 Global diabetes estimates in people (65-99 years) in 2024 and 2050.

3.2 Diabetes prevalence in older adults in 2024 and projection to 2050

Regional distribution

Diabetes prevalence increases with age. Therefore,
the highest estimated prevalence is in people over
65 (Figure 3.1). In 2024, the estimated number of
people with diabetes aged 65–99 years was 158.3
million (23.7%). If the current trend continues, the
number of people aged 65-99 years with diabetes will
be 278 million in 2050 (Table 3.6). These data point
to a significant increase in the diabetes population of
ageing societies in the next 25 years and the inevitable
public health and economic challenges this will bring.
It will require all countries to commit to sufficient
resources to tackle diabetes.

There are significant regional differences in the
prevalence of diabetes in people over 65. Regions
included in the top five places remained the same
in 2024 compared with 2019, but the MENA region
had the highest prevalence at (32.3%). The lowest
prevalence remains in the AFR region (7.8%). This is
generally true for 2050 as well (Table 3.7). However,
the EUR region will fall to 6th place in the table with
the SEA region taking its place. Overall, the projected
diabetes prevalence in 2050 in this age group does not
forecast significant increases. As an example, in the
SACA Region the figures are 23.2% in 2024 and 23.6%
in 2050, and in AFR 7.8% in 2024 and 8.3% in 2050.

48 | IDF Diabetes Atlas 11th Edition - 2025 | diabetesatlas.org"
large-local-384,idf_en_undiagnosed,1,IDF_Diabetes_Atlas_11th_Edition_2025_WEB_p73_c113,not_relevant,,,unjudged,unjudged,deterministic certified source/page/section/anchor match,certified_anchor_oracle,not_relevant,IDF_Diabetes_Atlas_11th_Edition_2025_WEB.pdf,73,3.8 Type 1 diabetes estimates in children and adults,0.7661,"3.8 Type 1 diabetes estimates in children and adults Findings Previous editions of the IDF Diabetes Atlas were
restricted to children and adolescents living with
type 1 diabetes (T1D) and did not consider potential
changes in incidence and mortality in the interval
between the study dates of the respective individual
country data and publication dates of the Atlas. In 2024, there were an estimated 9.15 million
individuals worldwide living with diagnosed clinical
T1D, 17 with 22.3% (2.04 million) of these living in
low-income and lower-middle-income countries. Of this total population of 9.15 million, 1.81 million
(19.8%), were younger than 20 years, 6.28 million
(68.6%) were between 20 and 59 and 1.06 million
(11.8%) were 60 or older. Development of the Type 1 Diabetes Index (T1D Index)
has enabled more current and accurate estimates to
be calculated for all ages across all countries. 15–17 The
T1D Index is a joint initiative of Breakthrough T1D, Life
for a Child, The International Diabetes Federation, and
the International Society for Paediatric and Adolescent
Diabetes. The Index uses a Markov model with
machine learning and all available population-based
incidence, prevalence and mortality data to produce
national and, thereby, global estimates. 17 Figure 3.13 shows the number of people with T1D
in each of these age brackets by IDF Region. The IDF
Europe Region has the highest number of cases,
followed by the IDF North America and Caribbean
Region. The lowest number of people with T1D was
observed in the Africa Region. Figure 3.13 Number of individuals with type 1 diabetes in each world region in 2024. 3,000,000 Number of people with T1D 2,500,000 2,000,000 1,500,000 1,000,000 500,000 - AFR
EUR
MENA
NAC
SACA
SEA
WP IDF Region All ages
<20 years of age
20 - 59 years of age
>=60 years of age IDF: International Diabetes Federation; AFR: Africa; EUR: Europe; MENA: Middle East and North Africa; NAC: North America and Caribbean; SACA:
South and Central America; SEA: South-East Asia; WP: Western Pacific For the 83 countries with published data from recent
years, the ten countries with the highest estimated
incidence in children under 15 years of age in 2024
were Finland, Saudi Arabia, Kuwait, Qatar, Estonia,
Algeria, Sweden, Canada, Norway and Libya, ranked
in order of highest incidence. In 2024, there were 503,000 new cases of T1D
diagnosed at all ages, with 219,000 of these new cases
in children and young adults under 20 years of age. The T1D Index numbers clearly show that T1D is not
just a condition that affects children and youth. With
good care, people developing T1D in childhood live
to older ages, adding to the number of adults with
diabetes. Furthermore, adult onset of T1D is common.
In 2024, 284,000 (56.5%) of all new clinically diagnosed
T1D cases occurred in people aged 20 years or older.
The current mean age of a person living with T1D
is 35 years."
large-local-384,idf_en_undiagnosed,2,IDF_Diabetes_Atlas_11th_Edition_2025_WEB_p57_c83,not_relevant,,,unjudged,unjudged,deterministic certified source/page/section/anchor match,certified_anchor_oracle,not_relevant,IDF_Diabetes_Atlas_11th_Edition_2025_WEB.pdf,57,3.3 Undiagnosed diabetes,0.7586,"Map 3.4 Proportion of adults (20–79 years) with undiagnosed diabetes by country in 2024.

<24%

35-<45%

45-<55%

55-<64%
≥ 65%
No estimates

Table 3.11 Top 10 countries with the largest number of adults (20–79 years) with undiagnosed
diabetes in 2024.

52 | IDF Diabetes Atlas 11th Edition - 2025 | diabetesatlas.org"
large-local-384,idf_en_undiagnosed,3,IDF_Diabetes_Atlas_11th_Edition_2025_WEB_p46_c62,relevant,,,unjudged,unjudged,deterministic certified source/page/section/anchor match,certified_anchor_oracle,relevant,IDF_Diabetes_Atlas_11th_Edition_2025_WEB.pdf,46,Key messages:,0.7569,"Key messages:

An estimated 589 million adults aged 20–79 years
are living with diabetes. This represents 11.1% of
the world’s population in this age group.

The total number of adults living with diabetes is
predicted to rise to 853 million (13%) by 2050.

An estimated 252 million adults living with diabetes
are unaware they have the condition.

One in four adults (158 million) living with diabetes
are aged over 65.

An estimated 635 million adults aged 20–79 years
are living with impaired glucose tolerance (12%).

Over USD 1 trillion was spent on diabetes in 2024.
This represents 12% of global health expenditure.

Over 3.4 million people died as a result of diabetes
in 2024. This corresponds to 9.3% of global deaths
from all causes.

An estimated 9.1 million people are living with type
1 diabetes. The majority (69%) are aged 20-59.

An estimated 1 in 5 live births (23 million) are
affected by some form of hyperglycaemia
in pregnancy.

IDF Diabetes Atlas 11th Edition - 2025 | diabetesatlas.org | 41
IDF Diabetes Atlas 11th Edition - 2025 | diabetesatlas.org | 41"
large-local-384,idf_en_undiagnosed,4,Guidance_on_global_monitoring_for_diabet_p61_c106,not_relevant,,,unjudged,unjudged,deterministic certified source/page/section/anchor match,certified_anchor_oracle,not_relevant,"Guidance on global monitoring for diabetes prevention and control Framework, indicators and application.pdf",61,Risk factors,0.7499,"Risk factors

General population. Population with diabetes.

49"
large-local-384,idf_en_undiagnosed,5,Guidance_on_global_monitoring_for_diabet_p71_c126,not_relevant,,,unjudged,unjudged,deterministic certified source/page/section/anchor match,certified_anchor_oracle,not_relevant,"Guidance on global monitoring for diabetes prevention and control Framework, indicators and application.pdf",71,Outcomes and impacts,0.749,"Outcomes and impacts

General population. Population with diabetes.

59"
large-local-384,idf_ar_expenditure,1,IDF_Diabetes_Atlas_11th_Edition_2025_WEB_p66_c100,relevant,,,unjudged,unjudged,deterministic certified source/page/section/anchor match,certified_anchor_oracle,relevant,IDF_Diabetes_Atlas_11th_Edition_2025_WEB.pdf,66,"In 2024, the total global
diabetes-related health
expenditure exceeded
one trillion USD for the
first time.",0.8372,"Figure 3.7 Total diabetes-related health expenditure for adults (20–79 years) with diabetes from
2006 to 2050.

1200

1000

800

USD billion

600

400

200

0

2006
2009
2011
2013
2015
2017
2019
2021
2024
2050

Year

Regional distribution

Expenditure due to diabetes has a substantial
impact on total health expenditure worldwide,
representing 11.9% of total global health spending.
In the SACA Region, an average of 22.4% of the
total health expenditure was due to diabetes, the
highest percentage of the IDF Regions, followed by
17.0% in the MENA Region. The lowest percentage
of health expenditure due to diabetes was
observed in the EUR Region (8.8%) (Figure 3.10).

The NAC Region has the highest total diabetes-related
health expenditure of the seven IDF Regions (USD
438.6 billion) and accounts for 43.2% of total global
diabetes-related health expenditure in 2024. The
second highest is the WP Region, with USD 246.3
billion, followed by the EUR Region (USD 192.9 billion),
corresponding to 24.3% and 19.0% of total global
diabetes-related health expenditure, respectively.
Despite being home to 42.7% of people with
diabetes in the world, the SACA, MENA, SEA, and AFR
Regions collectively account for only 13.5% of global
diabetes-related health expenditure (Figure 3.8).

The NAC Region also has the highest diabetes-related
health expenditure per adult with diabetes (USD
7,811), followed by the EUR Region (USD 2,950),
SACA Region (USD 2,417) and WP Region (USD 1,173)
(Figure 3.9). Health expenditure is USD 429 per person
with diabetes in the MENA region, USD 414 in the AFR
region, and USD 108 in the SEA region (Figure 3.9).
In 2024, diabetes-related health expenditure per
adult with diabetes varied across IDF regions by
more than 70-fold.

IDF Diabetes Atlas 11th Edition - 2025 | diabetesatlas.org | 61"
large-local-384,idf_ar_expenditure,2,IDF_Diabetes_Atlas_11th_Edition_2025_WEB_p71_c110,not_relevant,,,unjudged,unjudged,deterministic certified source/page/section/anchor match,certified_anchor_oracle,not_relevant,IDF_Diabetes_Atlas_11th_Edition_2025_WEB.pdf,71,"Map 3.8 Total diabetes-related health expenditure (USD) by country for adults (20–79 years) with
diabetes in 2024.",0.8201,"Map 3.8 Total diabetes-related health expenditure (USD) by country for adults (20–79 years) with
diabetes in 2024.

<50 million

10-<50 million

50-<200 million

200 million-<1 billion
≥ 1 billion

No estimates

Map 3.9 Diabetes-related health expenditure (USD) by country per adult (20–79 years) with
diabetes in 2024.

<250

250-<500

500-<1,000

1,000-<2,000

2,000-<5,000
≥ 5,000
No estimates

66 | IDF Diabetes Atlas 11th Edition - 2025 | diabetesatlas.org"
large-local-384,idf_ar_expenditure,3,IDF_Diabetes_Atlas_11th_Edition_2025_WEB_p48_c65,not_relevant,,,unjudged,unjudged,deterministic certified source/page/section/anchor match,certified_anchor_oracle,not_relevant,IDF_Diabetes_Atlas_11th_Edition_2025_WEB.pdf,48,3.1 Diabetes prevalence in 2024 and projection to 2050 (20–79 years),0.7958,"| At a glance |  | 2024 | 2050 |
| --- | --- | --- | --- |
| World Population Total Adults (20-79 years) |  | 8.1 billion 5.3 billion | 9.7 billion 6.6 billion |
| All diabetes (20–79 years) Number of people with diabetes Prevalencei Number of deaths attributed to diabetes Total health expenditure due to diabetesii (2024 USD) |  | 588.7 million 11.1% 3.4 million 1.015 trillion | 852.5 million 13.0% - 1.043 trillion |
| Type 1 diabetes Number of people with type 1 diabetes (all age groups) Number of people with type 1 diabetes (>20 years) |  | 9.2 million 1.8 million |  |
| Intermediate Hyperglycaemia Impaired glucose tolerance (20–79 years) Number of people Prevalencei Impaired fasting glucose (20–79 years) Number of people with impaired fasting glucose Prevalencei |  | 634.8 million 12.0% 487.7 million 9.2% | 846.5 million 12.9% 647.5 million 9.8% |
| Hyperglycaemia in pregnancy (20–49 years) Number of live births affected Proportion of live births affected |  | 23 million 19.7% |  |"
large-local-384,idf_ar_expenditure,4,IDF_Diabetes_Atlas_11th_Edition_2025_WEB_p43_c59,not_relevant,,,unjudged,unjudged,deterministic certified source/page/section/anchor match,certified_anchor_oracle,not_relevant,IDF_Diabetes_Atlas_11th_Edition_2025_WEB.pdf,43,References,0.7947,"(CURES - 150).
PLoS One 13 , e0197376 (2018). 10. The World Bank . World Bank Income Group
Classification ; 2024. 11. Sun, H. et al . IDF Diabetes Atlas: Global, regional
and country-level diabetes prevalence estimates
for 2021 and projections for 2045. Diabetes Res
Clin Pract 183 , 109119 (2022). 23. Ganna, A. & Ingelsson, E. 5 year mortality
predictors in 498,103 UK Biobank participants: a
prospective population-based study. Lancet 386 ,
533–540 (2015). 12. Ahmad OB, Boschi-Pinto C, Lopez AD, Murray CJ,
Lozano R, Inoue M. Age Standardization of Rates:
A new WHO Standard. :14. 24. Kondal, D. et al . Cohort Profile: The Center for
Cardiometabolic Risk Reduction in South Asia
(CARRS). Int J Epidemiol 51 , e358–e371 (2022). 13. NCD Risk Factor Collaboration (NCD-RisC). Global
variation in diabetes diagnosis and prevalence
based on fasting glucose and hemoglobin A1c.
Nat Med 29 , 2885–2901 (2023). 25. Follow-up of Indian Council of Medical Research-
India Diabetes (ICMR-INDIAB) study Phase-I &
Northeast (Tamil Nadu & Arunachal Pradesh) -
Changes in prevalence of diabetes/prediabetes,
Incidence risk and rates of complications/
mortality. Grant number: No.57/3/INDIAB/
Ph-II/21-NCD-III (Unpublished data). 14. Yuen, L. et al . Projections of the prevalence of
hyperglycaemia in pregnancy in 2019 and beyond:
Results from the International Diabetes Federation
Diabetes Atlas, 9th edition. Diabetes Res Clin Pract
157 , 107841 (2019). 38 | IDF Diabetes Atlas 11th Edition - 2025 | diabetesatlas.org"
large-local-384,idf_ar_expenditure,5,IDF_Diabetes_Atlas_11th_Edition_2025_WEB_p1_c0,not_relevant,,,unjudged,unjudged,deterministic certified source/page/section/anchor match,certified_anchor_oracle,not_relevant,IDF_Diabetes_Atlas_11th_Edition_2025_WEB.pdf,1,"11th Edition | 2025
Diabetes Atlas",0.7903,"11th Edition | 2025
Diabetes Atlas

589

million

people worldwide

have diabetes"
large-local-384,idf_en_regions,1,IDF_Diabetes_Atlas_11th_Edition_2025_WEB_p117_c192,not_relevant,,,unjudged,unjudged,deterministic certified source/page/section/anchor match,certified_anchor_oracle,not_relevant,IDF_Diabetes_Atlas_11th_Edition_2025_WEB.pdf,117,"Country summary in IDF South and Central America Region
2024",0.8364,"Country summary in IDF South and Central America Region
2024

South and Central America

112 | IDF Diabetes Atlas 11th Edition - 2025 | diabetesatlas.org"
large-local-384,idf_en_regions,2,IDF_Diabetes_Atlas_11th_Edition_2025_WEB_p119_c196,not_relevant,,,unjudged,unjudged,deterministic certified source/page/section/anchor match,certified_anchor_oracle,not_relevant,IDF_Diabetes_Atlas_11th_Edition_2025_WEB.pdf,119,"Country summary in IDF South-East Asia Region
2024",0.8329,"Country summary in IDF South-East Asia Region
2024

South-East Asia

114 | IDF Diabetes Atlas 11th Edition - 2025 | diabetesatlas.org"
large-local-384,idf_en_regions,3,IDF_Diabetes_Atlas_11th_Edition_2025_WEB_p109_c176,not_relevant,,,unjudged,unjudged,deterministic certified source/page/section/anchor match,certified_anchor_oracle,not_relevant,IDF_Diabetes_Atlas_11th_Edition_2025_WEB.pdf,109,"Country summary in IDF Europe Region
2024",0.8248,"Country summary in IDF Europe Region
2024

Europe

104 | IDF Diabetes Atlas 11th Edition - 2025 | diabetesatlas.org"
large-local-384,idf_en_regions,4,IDF_Diabetes_Atlas_11th_Edition_2025_WEB_p32_c45,not_relevant,,,unjudged,unjudged,deterministic certified source/page/section/anchor match,certified_anchor_oracle,not_relevant,IDF_Diabetes_Atlas_11th_Edition_2025_WEB.pdf,32,Key messages:,0.8211,"Key messages:

246 data sources from 153 countries were selected
to estimate diabetes prevalence for the current IDF
Diabetes Atlas.

Data sources come from countries which comprise
over 93% of the global population.

Other sources, such as registries, have also been
included, but only after rigorous scrutiny of their
quality, just as for the peer-reviewed publications.

Future projections have been calculated using the
United Nations population predictions and degree
of urbanisation. These predictions only take into
account changes in the distribution of age, sex
and urban/rural residence ratio.

IDF Diabetes Atlas 11th Edition - 2025 | diabetesatlas.org | 27"
large-local-384,idf_en_regions,5,IDF_Diabetes_Atlas_11th_Edition_2025_WEB_p9_c9,not_relevant,,,unjudged,unjudged,deterministic certified source/page/section/anchor match,certified_anchor_oracle,not_relevant,IDF_Diabetes_Atlas_11th_Edition_2025_WEB.pdf,9,"Foreword by the IDF Diabetes
Atlas Chairs",0.8205,"Foreword by the IDF Diabetes
Atlas Chairs span for the estimate of numbers of persons globally
with diabetes, ranging from approximately 500 to
800 million in 2021-2024. Along this range, the GBD
and IDF estimates fall close to 500 million, while the
NCD-RisC estimate is at the upper end of the range.
A critical examination of differing methodologies
is needed to better inform healthcare planning
regarding the magnitude of the diabetes problem. It gives us great pleasure to present to you the 11th
Edition of the IDF Diabetes Atlas. The IDF Atlas has now been in production for over two
decades and delivers valuable and realistic summary
data on the state of diabetes for each nation and the
world population. Initially designed as a data resource
for individual countries and to advance the interests of
global health, it has since evolved and demonstrated
itself to be a valuable advocacy tool as well. In this edition, 62 out of 215 countries or territories
(29%) lack in-country data. While this is an
improvement on previous editions, it is still grossly
inadequate, and data from Africa is still worryingly
sparse. It should be noted that many older studies
cannot be used to predict diabetes prevalence given
that the epidemic has continued to rise since the
first edition of the IDF Diabetes Atlas, such that older
research will almost certainly underestimate current
conditions. We have, therefore, elected not to use
studies conducted before 2005 in the estimations.
We have also instituted some new aspects of data
inclusion and have elected to exclusively use regular
national surveys, like the National Health and
Nutrition Examination Survey (NHANES) and the
Korean National Health and Nutrition Examination
Survey (KHANES) in the countries where these were
conducted. Further, technological advances now
allow access to the whole-of-population data of
diabetes prevalence by way of national registries
and administrative sources. National compulsory
health insurance organisations also provide excellent
unbiased estimates. Notably, these sources only
capture known diabetes, but estimates are corrected
with recent estimates of undiagnosed diabetes to
derive a credible unbiased estimate of total diabetes
prevalence for those nations. We can expect that
the future expansion of diabetes registry data will
enhance national estimates. WHO STEPS studies still
have a strong place in the Atlas. This year, we have
included over 60 WHO STEPS surveys in our estimates. Our new data confirm that diabetes prevalence is still
increasing globally and provide strong evidence that
should promote action and initiatives to improve the
lives of people with diabetes."
large-local-384,who_ar_recommendation_count,1,WHO_recommendations_on_care_for_women_wi_p3_c1,not_relevant,,,unjudged,unjudged,deterministic certified source/page/section/anchor match,certified_anchor_oracle,not_relevant,WHO recommendations on care for women with diabetes during pregnancy.pdf,3,,0.8101,"WHO recommendations on
care for women with diabetes

during pregnancy"
large-local-384,who_ar_recommendation_count,2,WHO_recommendations_on_care_for_women_wi_p1_c0,not_relevant,,,unjudged,unjudged,deterministic certified source/page/section/anchor match,certified_anchor_oracle,not_relevant,WHO recommendations on care for women with diabetes during pregnancy.pdf,1,,0.8101,"WHO recommendations on
care for women with diabetes

during pregnancy"
large-local-384,who_ar_recommendation_count,3,WHO_recommendations_on_care_for_women_wi_p72_c99,not_relevant,,,unjudged,unjudged,deterministic certified source/page/section/anchor match,certified_anchor_oracle,not_relevant,WHO recommendations on care for women with diabetes during pregnancy.pdf,72,"Annex 3.
Summary and management
of declared interests from
GDG members",0.804,"WHO recommendations on care for women with diabetes during pregnancy

56"
large-local-384,who_ar_recommendation_count,4,WHO_recommendations_on_care_for_women_wi_p22_c29,not_relevant,,,unjudged,unjudged,deterministic certified source/page/section/anchor match,certified_anchor_oracle,not_relevant,WHO recommendations on care for women with diabetes during pregnancy.pdf,22,"2.2.2 Evidence on values, resource use and cost–effectiveness, equity and
human rights, acceptability and feasibility",0.7928,"WHO recommendations on care for women with diabetes during pregnancy

2.2 Evidence identification and retrieval

Evidence to support the development of the guideline recommendations was derived from several sources by

the systematic review teams working in collaboration with the WHO Steering Group.

2.2.1 Evidence on effectiveness

To inform the development of the recommendations, WHO commissioned a set of three de novo systematic

reviews on the management of diabetes during pregnancy, one of which covered nine priority questions.

External groups of systematic reviewers were asked to prepare review protocols with clear PICO questions

and criteria for identification of studies, including search strategies for different bibliographic databases,

methods for assessing risk of bias and a data analysis plan (19–21). The WHO Steering Group and the guideline

methodologists reviewed and endorsed the protocols before the systematic reviews were conducted.

The search strategies employed to identify the studies and the specific criteria for inclusion and exclusion

of studies are described in the individual systematic reviews. Studies from low-, middle- and high-

income countries were considered and there were no language restrictions. The entire systematic review

development process was iterative, with the systematic reviewers and guideline methodologists constantly

communicating with the WHO Steering Group to discuss challenges and agree on solutions.

2.2.2 Evidence on values, resource use and cost–effectiveness, equity and
human rights, acceptability and feasibility

6

Values, equity and human rights, acceptability and feasibility

Two qualitative evidence syntheses (QES) explored the views and experiences of women with type 1 or

type 2 diabetes during their encounters with maternity services (17) and those of health-care providers caring

for women with diabetes during the maternity phase (16).

Evidence on the views and experiences of women with GDM was obtained from previously published systematic

reviews of qualitative evidence. Existing reviews identified by a systematic search were appraised using the

Joanna Briggs Institute Checklist for Systematic Reviews, and 14 high-quality reviews were referenced.

These reviews were the primary source of evidence on values, equity and human rights, acceptability, and

feasibility.

Resource use and cost–effectiveness

The evidence synthesis team initiated a new systematic review of economic evaluations for the screening,

management and treatment for women with diabetes during pregnancy (18). The review aimed to:

•
synthesize the available evidence from economic evaluations of interventions to screen/diagnose, treat

and/or manage diabetes during pregnancy;

•
assess the methodological quality of the economic evaluation studies;

•
identify the gaps in the evidence from economic evaluations of interventions to manage diabetes during

pregnancy."
large-local-384,who_ar_recommendation_count,5,WHO_recommendations_on_care_for_women_wi_p27_c36,relevant,,,unjudged,unjudged,deterministic certified source/page/section/anchor match,certified_anchor_oracle,relevant,WHO recommendations on care for women with diabetes during pregnancy.pdf,27,3,0.7846,"3

Recommendations
and supporting
evidence

The GDG issued 27 recommendations – four on care for all women with diabetes (type 1, type 2 or gestational)

during pregnancy, six on glucose monitoring, two on pharmacological treatment for pregnant women with

type 1 diabetes, four on pharmacological treatment for pregnant women with type 2 diabetes and two on

pharmacological treatment for women with GDM, and nine on additional monitoring and assessments. This

section outlines the recommendations corresponding to the priority questions.

To ensure that the recommendations are correctly understood and appropriately implemented in

11

practice, additional ‘remarks’ reflecting the summary of the discussions by the GDG are included. The

recommendations should be applied in conjunction with the implementation considerations.

The EtD frameworks – presenting the available effectiveness evidence, the balance between the desirable

and undesirable effects, values of stakeholders, resource requirements, cost–effectiveness, acceptability,

feasibility and equity, and human rights that were considered in formulating each recommendation – are

presented separately in the web annexes to this guideline.

3.1 Recommendations

3.1.1
Core practices in caring for women with diabetes during pregnancy

Advice on diet, physical activity and weight management

Recommendation

1
For pregnant women with type 1, type 2 or gestational diabetes, provide individualized advice on diet, physical

activity and weight management based on existing WHO guidance, including:

•
dietary advice for the general adult population;

•
physical activity advice for the general pregnant population;

•
weight management advice based on the above dietary and physical activity advice, with a focus on appropriate

gestational weight gain."
large-local-384,who_en_monitoring_scope,1,WHO_recommendations_on_care_for_women_wi_p61_c83,not_relevant,,,unjudged,unjudged,deterministic certified source/page/section/anchor match,certified_anchor_oracle,not_relevant,WHO recommendations on care for women with diabetes during pregnancy.pdf,61,References,0.8268,"19.
Burk J, Sweeting A. The impact of self-monitoring of blood glucose and continuous glucose monitoring on perinatal and health
system outcomes in individuals with diabetes in pregnancy: a systematic review and meta-analysis. PROSPERO. 2024;https://
www.crd.york.ac.uk/PROSPERO/view/CRD42024594987. 20.
Hurley A, Makama M, Vogel J, Sultana S. Antepartum fetal monitoring in diabetic and high-risk women: A systematic review.
PROSPERO. 2024;https://www.crd.york.ac.uk/PROSPERO/view/CRD42024557435. 21.
Villanueva G, Cogo E, Sguassero Y, Buckley B, Probyn K, Bergman H, et al. Diabetes management during pregnancy. PROSPERO.
2025;https://www.crd.york.ac.uk/PROSPERO/view/CRD42025630036. 22.
Weibel S, Popp M, Reis S, Skoetz N, Garner P, Sydenham E. Identifying and managing problematic trials: A research integrity
assessment tool for randomized controlled trials in evidence synthesis. Res Synth Methods. 2023;14(3):357–69. doi: https://doi.
org/10.1002/jrsm.1599. 23.
Lewin S, Booth A, Glenton C, Munthe-Kaas H, Rashidian A, Wainwright M, et al. Applying GRADE-CERQual to qualitative evidence
synthesis findings: introduction to the series. Implement Sci. 2018;13(Suppl 1):2. doi: https://doi.org/10.1186/s13012-017-0688-3. 24.
Evers S, Goossens M, de Vet H, van Tulder M, Ament A. Criteria list for assessment of methodological quality of economic
evaluations: Consensus on Health Economic Criteria. Int J Technol Assess Health Care. 2005;21(2):240–5. doi: PMID: https://
pubmed.ncbi.nlm.nih.gov/15921065/. 25.
GRADEpro GDT. GRADEpro Guideline Development Tool [Software]. McMaster University and Evidence Prime, 2024. Available from:
gradepro.org. 26.
Alonso-Coello P, Schünemann HJ, Moberg J, Brignardello-Petersen R, Akl EA, Davoli M, et al. [GRADE Evidence to Decision (EtD)
frameworks: a systematic and transparent approach to making well informed healthcare choices. 1: Introduction]. Gac Sanit.
2018;32(2):166.e1–.e10. doi: https://doi.org/10.1016/j.gaceta.2017.02.010. 27.
WHO guideline on physical activity and sedentary behaviour. Geneva: World Health Organization; 2020. (https://iris.who.int/
handle/10665/336656, accessed 18 September 2025). 45 28.
Diagnosis and management of type 2 diabetes (HEARTS-D). Geneva: World Health Organization; 2020. (https://iris.who.int/
handle/10665/331710, accessed 18 September 2025). 29.
Saturated fatty acid and trans-fatty acid intake for adults and children: WHO guideline. Geneva: World Health Organization; 2023.
(https://iris.who.int/handle/10665/370419, accessed 18 September 2025). 30.
Total fat intake for prevention of unhealthy weight gain in adults and children: WHO guideline. Geneva: World Health Organization;
2023. (https://iris.who.int/handle/10665/370421, accessed 18 September 2025). 31.
Carbohydrate intake for adults and children: WHO guideline. Geneva: World Health Organization; 2023. (https://iris.who.int/
handle/10665/370420, accessed 18 September 2025)."
large-local-384,who_en_monitoring_scope,2,WHO_recommendations_on_care_for_women_wi_p36_c48,not_relevant,,,unjudged,unjudged,deterministic certified source/page/section/anchor match,certified_anchor_oracle,not_relevant,WHO recommendations on care for women with diabetes during pregnancy.pdf,36,"3.1.2
Glucose monitoring",0.8215,"WHO recommendations on care for women with diabetes during pregnancy

•
Although findings vary, some women with GDM find blood glucose monitoring to be a useful way of

managing their condition without the use of insulin ( moderate confidence ) (37). However, some women

with GDM find blood glucose monitoring to be time consuming and socially isolating ( moderate confidence )

(33), with some expressing concern about the associated pain and potential bleeding ( moderate

confidence ) (33, 35). In addition, for women unused to the routine of blood glucose monitoring, there was

a tendency to forget to test at regular intervals ( moderate confidence ) (38). The use of smartphone apps or

health centre reminders sometimes negated this problem ( low confidence ) (38).

Feasibility

•
While the QES found no direct evidence regarding the feasibility of different monitoring systems from the

perspective of health-care providers (16), indirect evidence suggests that some may require additional

training to better understand the management of diabetes during pregnancy ( moderate confidence )

and that some find guidelines and protocols for diabetes management (including monitoring) during

pregnancy to be inconsistent, confusing and occasionally outdated ( moderate confidence ).

Glycated haemoglobin (HbA1c)

Recommendations

8
For pregnant women with type 1 or type 2 diabetes, measure HbA1c in the first trimester or as soon as antenatal

care is initiated.

20

9
For women with gestational diabetes, do not routinely measure HbA1c.

Rationale

•
HbA1c is used to reflect average plasma glucose over the last 8 to 12 weeks and is recommended by

WHO to establish the diagnosis of type 2 diabetes and monitor glycaemic control in people with diabetes

outside of pregnancy (28).

•
In light of a lack of empirical evidence on health benefits of measuring HbA1c for pregnant women with

diabetes, the GDG developed recommendations based on the capacity for testing of HbA1c early in

pregnancy for women with type 1 or type 2 diabetes to act as an adjunct to risk stratification (e.g. in

identifying risk for serious complications). The GDG acknowledged that HbA1c is not useful in caring for

women with GDM.

Remarks

Availability

•
The availability and affordability of HbA1c testing varies between countries and health-care settings (43).

Follow-up after testing

•
Follow-up after HbA1c testing will depend on the individual woman’s results and available resources.

Routine use

•
While Recommendation 9 advises against routinely recommending HbA1c measurement in women with

GDM, this does not preclude its use in clinical contexts where its use could potentially improve outcomes."
large-local-384,who_en_monitoring_scope,3,WHO_recommendations_on_care_for_women_wi_p34_c46,not_relevant,,,unjudged,unjudged,deterministic certified source/page/section/anchor match,certified_anchor_oracle,not_relevant,WHO recommendations on care for women with diabetes during pregnancy.pdf,34,"3.1.2
Glucose monitoring",0.7979,"WHO recommendations on care for women with diabetes during pregnancy

–
support the woman in monitoring blood glucose;

–
support the woman in maintaining target glucose levels;

–
effectively manage the use of insulin and/or oral glucose-lowering agents in pregnancy;

–
provide individualized dietary and activity advice, education and support;

–
undertake and respond to appropriate fetal surveillance.

Equity and human rights

•
Indirect evidence from the QES (16) indicates that specialized services may not be available in all settings,

particularly in low-income contexts ( l ow confidence ).

•
In addition, where specialized services are available, the additional costs associated with attendance

(transportation, childcare, time away from work) may be prohibitive for some women, especially those on

low incomes and/or those requiring extra clinic visits to support other aspects of their antenatal care and/

or diabetic management ( low confidence ).

Feasibility

•
Indirect evidence from the QES (16) suggests that health-care providers recognize the importance of inter-

professional collaboration and a multidisciplinary team approach to care ( moderate confidence ).

•
Indirect evidence from the same review (16) suggests that some health-care providers would like more

18

specialized training to better understand diabetes management during pregnancy ( moderate confidence ).

3.1.2
Glucose monitoring

Mode of glucose monitoring

Recommendations

5
For pregnant women with type 1, type 2 or gestational diabetes, recommend SMBG in addition to routine care,

where feasible.

6
For pregnant women with type 1 diabetes, recommend the use of a CGM system, where feasible.

7
For pregnant women with type 2 or gestational diabetes, do not routinely recommend use of a CGM system.

Rationale

•
Regular monitoring of blood glucose levels, and recognizing when they are low or high, is crucial to

managing diabetes during pregnancy and preventing complications. Women using insulin or other

glucose-lowering agents require more frequent monitoring.

•
The GDG noted that SMBG has been standard care for people with type 1 diabetes since the mid- to late-

1980s and it is unethical not to offer it in this population.

•
In the context of potential harm to the developing baby from both hypoglycaemia and hyperglycaemia

and limited empirical evidence on the harms and benefits of different modes of glucose monitoring during

pregnancy, these recommendations provide guidance on the appropriate mode of monitoring for the

different types of diabetes."
large-local-384,who_en_monitoring_scope,4,WHO_recommendations_on_care_for_women_wi_p3_c1,not_relevant,,,unjudged,unjudged,deterministic certified source/page/section/anchor match,certified_anchor_oracle,not_relevant,WHO recommendations on care for women with diabetes during pregnancy.pdf,3,,0.7816,"WHO recommendations on
care for women with diabetes

during pregnancy"
large-local-384,who_en_monitoring_scope,5,WHO_recommendations_on_care_for_women_wi_p1_c0,not_relevant,,,unjudged,unjudged,deterministic certified source/page/section/anchor match,certified_anchor_oracle,not_relevant,WHO recommendations on care for women with diabetes during pregnancy.pdf,1,,0.7816,"WHO recommendations on
care for women with diabetes

during pregnancy"
large-local-384,who_ar_individualized_care,1,WHO_recommendations_on_care_for_women_wi_p44_c60,not_relevant,,,unjudged,unjudged,deterministic certified source/page/section/anchor match,certified_anchor_oracle,not_relevant,WHO recommendations on care for women with diabetes during pregnancy.pdf,44,"3.1.3
Pharmacological treatment",0.6963,"considered (e.g. when a woman refuses insulin and metformin is not tolerated or is ineffective in achieving the woman’s glycaemic control). In these circumstances other agents, such as a sulfonylurea, may be considered after discussion of potential benefits and harms. Dosage of glucose-lowering agent •
Titration of medications for glycaemic control is individualized and guided by regular blood glucose monitoring. Stopping treatment with glucose-lowering agents •
The GDG acknowledged that usual clinical practice is to stop treatment with glucose-lowering agents soon after the birth of the baby. Due to the increased risk of type 2 diabetes in women who have experienced GDM (7), follow-up assessment of glucose tolerance is essential 6 to 12 weeks postnatally."
large-local-384,who_ar_individualized_care,2,WHO_recommendations_on_care_for_women_wi_p43_c58,not_relevant,,,unjudged,unjudged,deterministic certified source/page/section/anchor match,certified_anchor_oracle,not_relevant,WHO recommendations on care for women with diabetes during pregnancy.pdf,43,"3.1.3
Pharmacological treatment",0.6575,"metformin and insulin to optimize blood glucose control and outcomes for the woman and baby. Rationale •
The GDG acknowledged that, while some women with GDM may maintain optimal blood glucose levels with diet and physical activity alone, other women may need to initiate a glucose-lowering agent to optimize blood glucose control and outcomes for the woman and baby."
large-local-384,who_ar_individualized_care,3,IDF_Diabetes_Atlas_11th_Edition_2025_WEB_p21_c26,not_relevant,,,unjudged,unjudged,deterministic certified source/page/section/anchor match,certified_anchor_oracle,not_relevant,IDF_Diabetes_Atlas_11th_Edition_2025_WEB.pdf,21,1.1 Type 1 diabetes,0.646,"appropriate range.
Without insulin replacement therapy, they would
not survive. However, with daily insulin treatment,
regular blood or interstitial fluid glucose monitoring,
education and support, they can live healthy lives and
delay or prevent many of the complications associated
with diabetes. Clinical (stage 3) type 1 diabetes is diagnosed by an
elevated blood glucose concentration (Figure 1.1) in
the presence of some or, rarely, all the symptoms
listed in Figure 1.2. However, diagnosing the type of
diabetes is sometimes difficult, and additional testing
may be required to distinguish between type 1, type 2,
and rarer forms of monogenic diabetes. 9,10 Figure 1.2 The typical symptoms of type 1 diabetes Constant hunger Excessive thirst Frequent urination Lack of energy or bedwetting or fatigue Diabetic
ketoacidosis Blurred vision Sudden weight Loss 16 | IDF Diabetes Atlas 11th Edition - 2025 | diabetesatlas.org"
large-local-384,who_ar_individualized_care,4,Availability__price_and_affordability_of_p53_c89,not_relevant,,,unjudged,unjudged,deterministic certified source/page/section/anchor match,certified_anchor_oracle,not_relevant,"Availability, price and affordability of health technologies for the management of diabetes.pdf",53,Annex 3. List of publications compiled by this scoping review,0.64,"Annex 3. List of publications compiled by this scoping review

Annexes

1
Insulin Availability Among
International Diabetes
Federation Member
Associations Report of
the Task Force on Insulin
Distribution

Deeb
1994
60 coun­
tries

Mainly insulin. Availability of syringes 42% of the
countries. Glucometers were used in 49 countries (81%).

DM
Survey

2
Home monitoring of blood
glucose (HMBG) in Type-
2 Diabetes mellitus in a
developing country

Kibriya
1999
Bangla­
desh

Home Monitoring of Blood Glucose pack. Glucometer
cost: 131.3 USD Test strips cost: 12.62 for 25 strips (1 strip
0.5 USD), 100 strips 50.5 USD (1 USD = 49.5 Taka).

T2DM
Cost-
effectiveness
evaluation

3
Excess costs of medical care
1 and 8 years after diagnosis
of diabetes: estimates from
young and middle-aged
incidence cohorts in Sweden

Jonsson
2000
Sweden
Excess cost. Use. Annual cost strips. Strips' cost exceeds
the cost of insulin. The use of blood glucose test strips
was $321 in women compared to $177 USD in men

T1DM
and
T2DM

Cohort study

4
Is access to Insulin, Insulin
supplies and Education
a Democratic Right for
All People Affected by
Diabetes?

Murray
2000
16 coun­
tries Cen­
tral and
Eastern
Europe

Insulin and glucose strip cost. 50 strips 14-57 USD.
Cost per strip 0.28–1.14 USD. Cost Barriers: access
in rural areas was a concern, cost, supply shortages,
transportation difficulties, lack of education for patients,
lack of trained personnel. Syringes and pens were
reported to be available for free. Insulin cost was 5-18
USD.

DM
Survey

5
Final report of the
International Insulin
Foundation on the rapid
assessment protocol for
insulin access in Zambia

International
Insulin
Foundation

2004
Zambia
Syringe cost $0.15-1.15 USD. Glucometer availability 42-
61% of facilities. Strips availability 17-32% of facilities.
Cost per strip $0.58-0.74 USD. Blood glucose test cost
$1.06-51.06 USD per month. Barriers: long distance to
care and additional travel expenses, health workers and
patients lack knowledge of diabetes. Recommendations:
Improve acquisition process to ensure lowest possible
cost. Relative success of DAZ Diabetes Association of
Zambia increasing access to diabetes care (RAPIA)

T1DM
Report

41"
large-local-384,who_ar_individualized_care,5,Regional_Commemoration_of_World_Diabetes_p18_c18,not_relevant,,,unjudged,unjudged,deterministic certified source/page/section/anchor match,certified_anchor_oracle,not_relevant,Regional Commemoration of World Diabetes Day 2024.pdf,18,2 Summary of the proceedings,0.628,"diabetes, across all levels of the healthcare system. These frameworks ensure the
utilization of analogue insulin in both public and private healthcare sectors.

(2)	 Discussing the India’s advancements in producing biosimilars and glucometers, which

are widely used and available at all health facilities, Dr Anupam Prakash highlighted that
country employs an integrated drug distribution system and has introduced a digital
forecasting tool to prevent drug stock-outs. However, challenges remain in accurately
forecasting the needs of newly diagnosed diabetes cases, which require frequent updates
to avoid shortages.

(3)	 Dr Helder Juvinal Not da Silva from Timor-Leste shared the country’s progress in

addressing insulin shortages. Until 2024, Timor-Leste had no insulin, but it has since
started importing insulin from Indonesia and India, including short-acting, mixtard, and
long-acting analogues. The country has also established a national regulatory directorate
to ensure the quality of imported medicines, including insulin. The primary challenge
lies in selecting reliable suppliers.

(4)	 Important aspect of high expenditure on analogue insulin in the South-East Asia region,

and exclusion of insulin and fixed drug combinations for diabetes from national essential
medicines lists was indicated by Ms Kim Uhjin from WHO SEARO. She brought the point
that this leads to irrational drug use, as private practitioners frequently prescribe newer,
more expensive drugs outside the essential list. Weak public procurement processes
further exacerbate the issue. Ms Uhjin proposed four key interventions: strengthening
public procurement, regulating medical prices, promoting rational drug use, and
increasing public spending.

Following were Key takeaways from this session.


strengthen the capacity of national regulatory authorities to ensure all diabetes
products on the market are quality-assured (including the evaluation of biosimilar
insulins).


adopt robust forecasting tools for realistic quantification of requirements as per
treatment protocol (including up-to-date patient registries).


strengthening national procurement mechanisms by incorporating market
assessments, supplier prequalification, centralized tendering and other best practices
for goods procurement.


strengthen distribution systems, including the use of digitalized systems and
monitoring stock-outs.


scale up the cold chain infrastructure to ensure the quality of insulin.


regulate prices and distribution mark-ups, and eliminating taxes on essential diabetes
medicines, blood glucose monitoring devices and testing strips.


monitor availability and prices in facilities.


in addition to testing blood glucose using a meter and test strips, prioritize access
to HbA1c testing at primary health care facilities.

Regional Commemoration of World Diabetes Day 2024
12"
large-local-384,who_en_gdm_lifestyle_trial,1,WHO_recommendations_on_care_for_women_wi_p44_c59,relevant,,,unjudged,unjudged,deterministic certified source/page/section/anchor match,certified_anchor_oracle,relevant,WHO recommendations on care for women with diabetes during pregnancy.pdf,44,"3.1.3
Pharmacological treatment",0.7765,"WHO recommendations on care for women with diabetes during pregnancy Remarks Commencement of pharmacotherapy •
The GDG acknowledged that a two-week trial of diet and physical activity to achieve glycaemic control is typically conducted before considering commencement of blood glucose-lowering medication for GDM. The trials comparing different pharmacological agents included in the systematic review used a range of lengths of diet/activity (when described this ranged from 3 to 28 days, most commonly seven days). However, in some settings and for some clinical presentations (e.g. based on level of glycaemic control or maternal/fetal concerns), medication may be commenced without a trial of diet/activity. Trigger for treatment initiation or change •
In the trials comparing different pharmacological agents included in the systematic review, thresholds used for insulin initiation, treatment agent switch and dose escalation were poorly and inconsistently reported. In most studies, the trigger for FPG was 5.0 to 5.5 mmol/L (90 to 100 mg/dL), with some using stricter (3.4 to 5.0 mmol/L [60 to 90 mg/dL]) or looser (<6.1 mmol/L [<110 mg/dL]) targets. One-hour postprandial targets ranged from <6.5 to <9.0 mmol/L (<117 to <162 mg/dL) and most studies used a two- hour postprandial target of <6.7 mmol/L (120 mg/dL), ranging between <5.6 and <7.8 mmol/L (<100 mg/dL and <140 mg/dL). •
In clinical practice, a flexible approach may be appropriate and triggers for treatment initiation or change will likely be based on a woman’s blood glucose control and clinical criteria that reflect local realities 28 (e.g. food insecurity, challenges in monitoring or follow-up), aiming to balance safety and feasibility. Choice of glucose-lowering agent •
The GDG acknowledged that although there is some indication of possible benefits of commencing with metformin, overall the evidence does not strongly support metformin over insulin as a first-line medicine. Many women who begin pharmacotherapy with metformin will go on to need insulin. Clinical practices and the availability of medications are highly variable. The choice of glucose-lowering agent for women with GDM will be based on the woman’s glycaemic control, local availability and expertise, and her values and preferences. •
Many blood-glucose lowering agents are either not recommended for use in pregnancy or do not have adequate safety data in pregnancy (e.g. GLP-1Ras and SGLT2 inhibitors). However, the GDG acknowledged that there may be situations where a blood-glucose lowering agent other than insulin or metformin needs to be considered (e.g. when a woman refuses insulin and metformin is not tolerated or is ineffective in achieving the woman’s glycaemic control). In these circumstances other agents, such as a sulfonylurea, may be considered after discussion of potential benefits and harms. Dosage of glucose-lowering agent"
large-local-384,who_en_gdm_lifestyle_trial,2,WHO_recommendations_on_care_for_women_wi_p38_c50,not_relevant,,,unjudged,unjudged,deterministic certified source/page/section/anchor match,certified_anchor_oracle,not_relevant,WHO recommendations on care for women with diabetes during pregnancy.pdf,38,"3.1.2
Glucose monitoring",0.7502,"WHO recommendations on care for women with diabetes during pregnancy available, a target fasting blood glucose of ≤7 mmol/L (126 mg/dl) and a postprandial plasma glucose of ≤9 mmol/L (45) can serve as surrogates. However, an individualized approach is encouraged in setting the patient’s target level for glycaemic control, taking into account their comorbidities, risks from medication side-effects and likely benefit from tight glycaemic control in view of life expectancy (46). •
In the context of limited empirical evidence, the GDG developed this recommendation based on the potential harm to the developing baby from hypoglycaemia and hyperglycaemia and the importance of glucose monitoring as noted in Recommendation 5. Remarks Benefits and harms •
The systematic review conducted to inform this guideline found that for women with type 1 diabetes: –
for very tight glycaemic targets (fasting plasma glucose [FPG] 3.33 to 5.00 mmol/L [60 to 90 mg/dL]) versus moderately tight glycaemic targets (FPG 5.27 to 6.38 mmol/L [95 to 115 mg/dL]), there was no evidence of benefit and possible increases in the percentage of days with maternal hypoglycaemia (n=22 women) and increased length of postnatal hospitalization (n=137 women) ( low certainty ); –
for tight glycaemic targets (FPG <5.6 mmol/L [<101 mg/dL]) versus moderate (FPG 5.6 to 6.7 mmol/L glycaemic targets [101 to 121 mg/dL]) there was no evidence of benefit or harm; –
for moderate glycaemic targets (FPG target 5.6 to 6.7 mmol/L [101 to 121 mg/dL]) versus loose 22 glycaemic targets (FPG 6.7 to 8.9 mmol/L [121 mg/dL to 160 mg/dL]), there were possible reductions in caesarean birth (n=44 women), large-for-gestational age (n=44 babies) and respiratory distress syndrome (n=44 babies) ( low certainty ) and no certain evidence of harm. •
For tight versus moderate glycaemic targets or moderate versus loose glycaemic targets, the lack of harm is not established as many outcomes were of very low certainty. •
For women with GDM, with tight versus moderate glycaemic targets there was little to no difference in effect on induction of labour (n=1097 women), mean birthweight (n=1202 babies), large-for-gestational age (n=1202 babies), length of maternal antenatal hospitalization (n=1097 women), length of neonatal hospitalization (n=1097 babies), and length of postnatal hospitalization (n=1097 women) ( high certainty ), suggesting a lack of harm. Individualized care •
The low certainty evidence identified through the review challenges the assumption that stricter glycaemic control always leads to better outcomes. In type 1 diabetes, tight control may increase harm (hypoglycaemia), highlighting the need for individualized targets that balance safety, benefits and resource use. In addition, the use of an individualized target allows for consistency in approach and ease of use in clinical practice. Other considerations include the woman’s values and preferences, her ability to manage a"
large-local-384,who_en_gdm_lifestyle_trial,3,IDF_Diabetes_Atlas_11th_Edition_2025_WEB_p29_c41,not_relevant,,,unjudged,unjudged,deterministic certified source/page/section/anchor match,certified_anchor_oracle,not_relevant,IDF_Diabetes_Atlas_11th_Edition_2025_WEB.pdf,29,References,0.7433,"54. Saravanan, P. et al . Early pregnancy HbA1c as
the first screening test for gestational diabetes:
results from three prospective cohorts. Lancet
Diabetes Endocrinol 12 , 535–544 (2024). 44. Simmons, D. et al . Treatment of Gestational
Diabetes Mellitus Diagnosed Early in Pregnancy.
N Engl J Med 388 , 2132–2144 (2023). 45. Seifu, C. N. et al . Association Between Immediate
Treatment of Early Gestational Diabetes Mellitus
and Breastfeeding Outcomes: Findings From the
TOBOGM Study. Diabetes Care dc231635 (2024)
doi:10.2337/dc23-1635. 55. Guariguata, L., Linnenkamp, U., Beagley, J.,
Whiting, D. R. & Cho, N. H. Global estimates of
the prevalence of hyperglycaemia in pregnancy.
Diabetes Res. Clin. Pract. 103 , 176–185 (2014). 56. Hivert, M.-F. et al . Pathophysiology from
preconception, during pregnancy, and beyond.
Lancet 404 , 158–174 (2024). 46. Haque, M. M. et al . Cost-effectiveness of
diagnosis and treatment of early gestational
diabetes mellitus: economic evaluation of the
TOBOGM study, an international multicenter
randomized controlled trial. EClinicalMedicine
71 , 102610 (2024). 57. Bellamy, L., Casas, J.-P., Hingorani, A. D. & Williams,
D. Type 2 diabetes mellitus after gestational
diabetes: a systematic review and meta-analysis.
Lancet 373 , 1773–1779 (2009). 47. American Diabetes Association. Diagnosis and
classification of diabetes mellitus. Diabetes Care
37 Suppl 1 , S81-90 (2014). 58. Fetita, L.-S., Sobngwi, E., Serradas, P., Calvo, F. &
Gautier, J.-F. Consequences of fetal exposure to
maternal diabetes in offspring. J. Clin. Endocrinol.
Metab. 91 , 3718–3724 (2006). 48. Chivese, T. et al . IDF Diabetes Atlas: The
prevalence of pre-existing diabetes in pregnancy
- A systematic reviewand meta-analysis of studies
published during 2010-2020. Diabetes Res Clin
Pract 183 , 109049 (2022). 59. World Health Organization. Classification of
diabetes mellitus [Internet]. World Health
Organization; 2019 [cited 2019 Jul 16].
Available from: https://apps.who.int/iris/
handle/10665/325182. 49. Diagnostic criteria and classification of
hyperglycaemia first detected in pregnancy: a
World Health Organization Guideline. Diabetes
Res. Clin. Pract . 103 , 341–363 (2014). 60. Hattersley, A. T. et al . ISPAD Clinical Practice
Consensus Guidelines 2018: The diagnosis and
management of monogenic diabetes in children
and adolescents. Pediatr Diabetes 19 Suppl 27 ,
47–63 (2018). 50. International Association of Diabetes and
Pregnancy Study Groups Consensus Panel et
al . International association of diabetes and
pregnancy study groups recommendations on
the diagnosis and classification of hyperglycaemia
in pregnancy. Diabetes Care 33 , 676–682 (2010). 61. Vaxillaire, M., Bonnefond, A. & Froguel, P. The
lessons of early-onset monogenic diabetes for
the understanding of diabetes pathogenesis.
Best Pract Res Clin Endocrinol Metab 26 ,
171–187 (2012)."
large-local-384,who_en_gdm_lifestyle_trial,4,WHO_recommendations_on_care_for_women_wi_p3_c1,not_relevant,,,unjudged,unjudged,deterministic certified source/page/section/anchor match,certified_anchor_oracle,not_relevant,WHO recommendations on care for women with diabetes during pregnancy.pdf,3,,0.7373,"WHO recommendations on
care for women with diabetes

during pregnancy"
large-local-384,who_en_gdm_lifestyle_trial,5,WHO_recommendations_on_care_for_women_wi_p1_c0,not_relevant,,,unjudged,unjudged,deterministic certified source/page/section/anchor match,certified_anchor_oracle,not_relevant,WHO recommendations on care for women with diabetes during pregnancy.pdf,1,,0.7373,"WHO recommendations on
care for women with diabetes

during pregnancy"
large-local-384,who_ar_care_actions,1,WHO_recommendations_on_care_for_women_wi_p3_c1,not_relevant,,,unjudged,unjudged,deterministic certified source/page/section/anchor match,certified_anchor_oracle,not_relevant,WHO recommendations on care for women with diabetes during pregnancy.pdf,3,,0.9075,"WHO recommendations on
care for women with diabetes

during pregnancy"
large-local-384,who_ar_care_actions,2,WHO_recommendations_on_care_for_women_wi_p1_c0,not_relevant,,,unjudged,unjudged,deterministic certified source/page/section/anchor match,certified_anchor_oracle,not_relevant,WHO recommendations on care for women with diabetes during pregnancy.pdf,1,,0.9075,"WHO recommendations on
care for women with diabetes

during pregnancy"
large-local-384,who_ar_care_actions,3,WHO_recommendations_on_care_for_women_wi_p72_c99,not_relevant,,,unjudged,unjudged,deterministic certified source/page/section/anchor match,certified_anchor_oracle,not_relevant,WHO recommendations on care for women with diabetes during pregnancy.pdf,72,"Annex 3.
Summary and management
of declared interests from
GDG members",0.8922,"WHO recommendations on care for women with diabetes during pregnancy

56"
large-local-384,who_ar_care_actions,4,WHO_recommendations_on_care_for_women_wi_p34_c46,relevant,,,unjudged,unjudged,deterministic certified source/page/section/anchor match,certified_anchor_oracle,relevant,WHO recommendations on care for women with diabetes during pregnancy.pdf,34,"3.1.2
Glucose monitoring",0.7936,"WHO recommendations on care for women with diabetes during pregnancy

–
support the woman in monitoring blood glucose;

–
support the woman in maintaining target glucose levels;

–
effectively manage the use of insulin and/or oral glucose-lowering agents in pregnancy;

–
provide individualized dietary and activity advice, education and support;

–
undertake and respond to appropriate fetal surveillance.

Equity and human rights

•
Indirect evidence from the QES (16) indicates that specialized services may not be available in all settings,

particularly in low-income contexts ( l ow confidence ).

•
In addition, where specialized services are available, the additional costs associated with attendance

(transportation, childcare, time away from work) may be prohibitive for some women, especially those on

low incomes and/or those requiring extra clinic visits to support other aspects of their antenatal care and/

or diabetic management ( low confidence ).

Feasibility

•
Indirect evidence from the QES (16) suggests that health-care providers recognize the importance of inter-

professional collaboration and a multidisciplinary team approach to care ( moderate confidence ).

•
Indirect evidence from the same review (16) suggests that some health-care providers would like more

18

specialized training to better understand diabetes management during pregnancy ( moderate confidence ).

3.1.2
Glucose monitoring

Mode of glucose monitoring

Recommendations

5
For pregnant women with type 1, type 2 or gestational diabetes, recommend SMBG in addition to routine care,

where feasible.

6
For pregnant women with type 1 diabetes, recommend the use of a CGM system, where feasible.

7
For pregnant women with type 2 or gestational diabetes, do not routinely recommend use of a CGM system.

Rationale

•
Regular monitoring of blood glucose levels, and recognizing when they are low or high, is crucial to

managing diabetes during pregnancy and preventing complications. Women using insulin or other

glucose-lowering agents require more frequent monitoring.

•
The GDG noted that SMBG has been standard care for people with type 1 diabetes since the mid- to late-

1980s and it is unethical not to offer it in this population.

•
In the context of potential harm to the developing baby from both hypoglycaemia and hyperglycaemia

and limited empirical evidence on the harms and benefits of different modes of glucose monitoring during

pregnancy, these recommendations provide guidance on the appropriate mode of monitoring for the

different types of diabetes."
large-local-384,who_ar_care_actions,5,WHO_recommendations_on_care_for_women_wi_p50_c69,not_relevant,,,unjudged,unjudged,deterministic certified source/page/section/anchor match,certified_anchor_oracle,not_relevant,WHO recommendations on care for women with diabetes during pregnancy.pdf,50,"3.1.4
Additional monitoring",0.7812,"WHO recommendations on care for women with diabetes during pregnancy •
Indirect evidence highlights the importance of teamwork, especially for women receiving additional (or enhanced) services (16). Some health-care providers felt there were gaps in the system caused by poor communication between different disciplines and/or departments and stressed the importance of ‘joined up’ care and efficient, multidisciplinary teamworking ( moderate confidence ). Feasibility •
Indirect evidence from the QES suggests that some health systems may struggle to cope with enhanced services for pregnant diabetic women given the extra demands (in terms of resources, staff training and equipment) required to support these services in already overstretched health systems ( high confidence ) (16). Renal assessment Recommendations 25
For pregnant women with type 1 or type 2 diabetes, assess renal function when antenatal care is initiated and arrange specialist follow-up for women if impaired renal function is identified. 26
For women with GDM, do not routinely assess renal function. 27
For pregnant women with type 1 or type 2 diabetes with impaired renal function, emphasize the importance of maintaining blood pressure levels below 130/80 mmHg during pregnancy and offer antihypertensives known to be safe in pregnancy as indicated. Advise women to modify major risk factors for cardiovascular disease (e.g. smoking, 34 unhealthy diet, sedentary behaviour) and to seek specialist postnatal follow-up. Rationale •
Diabetic nephropathy is the most common cause of chronic kidney disease and end-stage renal disease worldwide. It arises as a microvascular complication of chronic hyperglycaemia, leading to structural damage within the glomeruli and progressive loss of kidney function (60). The early stages of diabetic nephropathy, characterized by microalbuminuria, signal systemic endothelial dysfunction and serve as a critical marker of poor metabolic control. Importantly, the progression of renal disease often mirrors the overall status of diabetes management – individuals with worsening nephropathy typically exhibit persistent hyperglycaemia, hypertension and dyslipidaemia (61). •
Laboratory assessment for renal function during pregnancy includes measurement of serum creatinine and protein in urine. Tests for proteinuria include spot albumin, protein/creatinine ratio, and 24-hour urine collection for albumin/protein. While estimated glomerular filtration rate (eGFR) is used in assessing renal function outside of pregnancy, its accuracy is reduced during pregnancy (62, 63). The GDG acknowledged that the different tests may not be available in all settings. •
Early and aggressive interventions targeting hyperglycaemia, blood pressure control, and renin- angiotensin-aldosterone system inhibition are now the foundation of management (64). •
In the light of a lack of empirical evidence on renal assessment for women with diabetes, the GDG based"
large-local-384,no_evidence_en_malaria,1,Prevention_and_control_of_diabetes_melli_p57_c76,not_relevant,,,unjudged,unjudged,deterministic certified source/page/section/anchor match,certified_anchor_oracle,not_relevant,Prevention and control of diabetes mellitus Lessons for service delivery from countries in the WHO South-East Asia Region.pdf,57,Case study 4,0.4161,"|  | INDONESIA Improving integrated screening and management of tuberculosis and diabetes Background and rationale: Like many other Objectives: The main objective of the project countries, Indonesia is in an epidemiological was to strengthen bidirectional screening and transition with a high burden of infectious integrated management of TB and diabetes, diseases, including tuberculosis (TB), and as bidirectional screening and treatment is a rising NCD burden. The country has an vital to control both conditions. It focused on estimated diabetes prevalence of 10.8%, developing practical guidelines and training accounting for 19 465 102 adults (28). In 2022, modules, tailored for doctors, nurses and the estimated prevalence of TB in Indonesia community health workers, and facilitated was approximately 312 cases per 100 000 training of health-care professionals and population. Both TB and diabetes prevalence community health workers in co-management places Indonesia among the seven countries protocols. The project also promoted with the highest burden of these two diseases early identification of TB and diabetes by (34). introducing diabetes checks among TB patients and TB screening for individuals with Indonesian Family Life Survey (IFLS) 2014 data diabetes. It also strengthened health-seeking show that only 54% of public health centres behaviour through community education and (puskesmas) can test blood glucose and patient awareness activities. only 47% reported the ability to test urine. The capacity of primary care to undertake Project setting, population and timeline: diagnostic testing also varies among urban Building on earlier work in North Moluccas, and rural areas and across provinces. Urban East Kalimantan and Jakarta, this project capacity was higher than rural capacity, extended the scope across five provinces: while the eastern provinces demonstrated North Moluccas (North Maluku), North lower capacity compared with the western Celebes (now North Sulawesi), Jakarta, provinces. West Java and East Nusa Tenggara, with a |
| --- | --- |"
large-local-384,no_evidence_en_malaria,2,Availability__price_and_affordability_of_p54_c91,not_relevant,,,unjudged,unjudged,deterministic certified source/page/section/anchor match,certified_anchor_oracle,not_relevant,"Availability, price and affordability of health technologies for the management of diabetes.pdf",54,Annex 3. List of publications compiled by this scoping review,0.4058,"Availability, price and affordability of health technologies for the management of diabetes

6
Final report of the
international insulin
foundation on the rapid
assessment protocol for
insulin access in Mali

International
Insulin
Foundation

2004
Mali
Glucometer availability 16-100% availability. Cost of
glucose test for the patient 0.08–3.00 Euro.  Barriers:
unavailability of diagnostics tools and the appropriate
level of care, supply issues for reagents and other
laboratory materials. Recommendations: removing 5%
VAT and mark-ups for technologies needed for diabetes
management, develop a national priority devices list
for each level within the health system, develop supply
chain for laboratory materials.

T1DM
Report

7
Report of the international
insulin foundation on the
rapid assessment protocol
for insulin access in
Mozambique

International
Insulin
Foundation

2004
Mozam­
bique

Glucometer availability 21% of facilities. Strips availability
6% of facilities. Blood glucose test fee 0.21 USD. Barriers:
unavailability of diagnostics tools at the Hospital, lack
of training for healthcare providers, self-monitoring
equipment out of reach for patients. Recommendations:
Improve access to diagnostics tools, develop diabetes
care guidelines, and improve training for laboratory
technicians.

T1DM
Report

8
Assessing health systems
for type 1 diabetes in sub-
Saharan Africa: Developing
a 'Rapid Assessment
Protocol for Insulin Access'

Beran
2006
Mozam­
bique,
Mali and
Zambia

System barriers. Availability and pricing of insulin,
syringes and monitoring equipment. Levels of provision
in the system classified as macro, meso, and micro
(RAPIA)

T1DM
Assessment
development
and piloting

9
Diabetes care in sub-
Saharan Africa

Beran
2006
Africa
Mainly insulin cost and availability. Glucometer
availability in Mozambique 18%. Recommendations.
RAPIA

DM
Review

10
The cost burden of diabetes
mellitus: The evidence from
Germany - The CoDiM study

Köster
2006
Germany
Excess cost. Annual cost. Excess cost on only medical
devices 229 Euros.

T1DM
and
T2DM

Secondary
data analysis

11
Report on the rapid
assessment protocol for
insulin access in Nicaragua

Beran
2007
Nicaragua
Barriers: availability and supply issues with test strips
reagents and other devices for diagnostics. High cost
of self-monitoring equipment. Strip cost 0.20 USD.
Glucometer cost 120 USD. Blood glucose test cost
2.5 USD. Brands of available glucometers: ACON and
Roche. Glucometer availability 95% of facilities. Strips
availability 72% of the facilities. Recommendations:
Improve supplies mechanisms for strips and reagents,
development of a diabetes toolkit, limit number of
available glucometer brands in the public sector to limit
the type of strips needed, provide education to health
workers regarding the use of self-monitoring equipment.

T1DM
Report

42"
large-local-384,no_evidence_en_malaria,3,EJOS_Volume_4_Issue_13_Pages_5_24_p3_c2,not_relevant,,,unjudged,unjudged,deterministic certified source/page/section/anchor match,certified_anchor_oracle,not_relevant,EJOS_Volume 4_Issue 13_Pages 5-24.pdf,3,,0.3992,"THE IMPACT OF THE USE OF PLANTS STEVIA ON

LABORATORY RATS INDUCED DIABETIC

The control and treatment of diabetes and its
complications
mainly
depend
on
the
chemical
or
biochemical agents . There are new trend to use traditional
natural medicines mainly originated in herbs, that is
showing a bright future in the therapy of diabetes mellitus
(DM) and its complications (Li et al, 2004).

Stevia rebaudiana (Bertoni) is an herb of the 950
genera of Asteraceae family. It is also known as sweet herb,
sweet leaf, honey leaf, candy leaf and honey yerba
(Carakostas et al., 2008).

Stevia rebaudiana(Bertoni) has been used for the
treatment of diabetes in many countries. Although, a
positive effect on antidiabetic and its complications has not
been unequivocally demonstrated.This herb has been proven
safe and effective over hundreds of years.

Accordingly, this study aimed to study the effect of
different doses of Stevia rebaudianaplants on blood glucose,
lipid profile, kidney and liver functions level in induced
diabetic rats.

Materials and Methods
Biological Experiment:

Male albino rats Sprague Dawley strainweighing 110-
120g were maintained under standard conditions for one
week before starting the experimental for acclimatization.

After acclimatization period for one week, rats will
feeding balance diet and inject by aloxan150 mg/Kg body

7"
large-local-384,no_evidence_en_malaria,4,Regional_Commemoration_of_World_Diabetes_p32_c33,not_relevant,,,unjudged,unjudged,deterministic certified source/page/section/anchor match,certified_anchor_oracle,not_relevant,Regional Commemoration of World Diabetes Day 2024.pdf,32,2 Summary of the proceedings,0.3939,"Identified solutions, cross-learning, field experiences, and shared knowledge will guide
future actions. The Colombo Call to Action provides a framework for coordinated efforts,
and the government is fully committed to combating diabetes and other NCDs.

He mentioned that Sri Lanka will implement catalytic actions outlined in Call to Action,
stressing the need for serious commitment from all stakeholders. The country has already
initiated SEAHEARTS, ensuring universal access to diagnostics, treatment, and essential
medicines. The focus is not just on policies and programs but on making a real impact on
the millions living with diabetes. Increased engagement and networking are essential for
achieving these goals.

The event was officially closed by Dr P. G. Mahipala, Secretary of the Ministry of Health,
Sri Lanka.

Regional Commemoration of World Diabetes Day 2024
26"
large-local-384,no_evidence_en_malaria,5,Availability__price_and_affordability_of_p66_c115,not_relevant,,,unjudged,unjudged,deterministic certified source/page/section/anchor match,certified_anchor_oracle,not_relevant,"Availability, price and affordability of health technologies for the management of diabetes.pdf",66,Annex 3. List of publications compiled by this scoping review,0.3863,"Availability, price and affordability of health technologies for the management of diabetes

66
Diabetes CarePak: Creating
& testing a bundling solution
to improve access to safe
insulin administration in
Kenya

Guy
2022
Kenya
Provision. Cost-benefit. Barriers. Availability (70% of
PLWD do not own a glucometer). COVID-19 effects.
Reuse of syringes.

T1DM
and
T2DM

Implementa­
tion research

67
Closing the Type 1 Diabetes
gap in South-East Asia
through government
partnership working
with non-government
organisations

May
2022
Lao Peo­
ple's Dem­
ocratic
Republic,
Malaysia,
Viet Nam,
Cambodia
and Myan­
mar

Barriers: unavailability of blood glucose monitoring
supplies, lack of transport, poverty, food insecurity,
varying policies, lack of price transparency, complexity
in supply chains, lack of market competition.
Epidemiological trends.

T1DM
Health facility
surveillance

68
An integrated diabetes
ecosystem to address
patient barriers in low-
income communities in
Philippines

Praveen
2022
Philippines
Example of an integrated diabetes care program with
awareness, screening, diagnosis, affordable treatment,
and medical education. Success story.

T2DM
Program
evaluation

69
Sharing ‘‘a.ma.dia’’
Experiences of how the
Institution Have Faced
COVID-19 Issues

Ramamon­
jisoaa

2022
Madagas­
car

COVID-19 effects: increased number of diabetes
complications, lack of oxygen, PPE, and medicines. The
price of equipment increased 800%. 18% of diabetic
patients with Covid-19 died. 55% of patients coming for
Diabetes consultation missed treatment.

DM
Retrospective
analysis

70
MedevIS
World Health
Organization

2022
NA
Glucometer inclusion across all units
NA
WHO
guidance

54"
large-local-384,no_evidence_ar_quantum,1,The_Global_Diabetes_Compact_progress_in__p2_c1,not_relevant,,,unjudged,unjudged,deterministic certified source/page/section/anchor match,certified_anchor_oracle,not_relevant,The Global Diabetes Compact progress in supporting its workstreams technical report.pdf,2,,0.693,"The Global

Diabetes
Compact -
progress in
supporting its

workstreams

Technical report"
large-local-384,no_evidence_ar_quantum,2,The_Global_Diabetes_Compact_progress_in__p1_c0,not_relevant,,,unjudged,unjudged,deterministic certified source/page/section/anchor match,certified_anchor_oracle,not_relevant,The Global Diabetes Compact progress in supporting its workstreams technical report.pdf,1,,0.693,"The Global

Diabetes
Compact -
progress in
supporting its

workstreams

Technical report"
large-local-384,no_evidence_ar_quantum,3,Guidance_on_global_monitoring_for_diabet_p33_c50,not_relevant,,,unjudged,unjudged,deterministic certified source/page/section/anchor match,certified_anchor_oracle,not_relevant,"Guidance on global monitoring for diabetes prevention and control Framework, indicators and application.pdf",33,Health system determinants,0.6733,"Indicators and metadata

4. Existence of national guidelines for diabetes management

21"
large-local-384,no_evidence_ar_quantum,4,Prevention_and_control_of_diabetes_melli_p16_c17,not_relevant,,,unjudged,unjudged,deterministic certified source/page/section/anchor match,certified_anchor_oracle,not_relevant,Prevention and control of diabetes mellitus Lessons for service delivery from countries in the WHO South-East Asia Region.pdf,16,Executive summary,0.658,"| The Global Diabetes Compact what you need to know |  |
| --- | --- |"
large-local-384,no_evidence_ar_quantum,5,IDF_Diabetes_Atlas_11th_Edition_2025_WEB_p114_c187,not_relevant,,,unjudged,unjudged,deterministic certified source/page/section/anchor match,certified_anchor_oracle,not_relevant,IDF_Diabetes_Atlas_11th_Edition_2025_WEB.pdf,114,Middle-East and North Africa,0.6565,IDF Diabetes Atlas 11th Edition - 2025 | diabetesatlas.org | 109
large-local-384,idf_en_prevalence_rephrased,1,IDF_Diabetes_Atlas_11th_Edition_2025_WEB_p46_c62,relevant,,,unjudged,unjudged,deterministic certified source/page/section/anchor match,certified_anchor_oracle,relevant,IDF_Diabetes_Atlas_11th_Edition_2025_WEB.pdf,46,Key messages:,0.884,"Key messages:

An estimated 589 million adults aged 20–79 years
are living with diabetes. This represents 11.1% of
the world’s population in this age group.

The total number of adults living with diabetes is
predicted to rise to 853 million (13%) by 2050.

An estimated 252 million adults living with diabetes
are unaware they have the condition.

One in four adults (158 million) living with diabetes
are aged over 65.

An estimated 635 million adults aged 20–79 years
are living with impaired glucose tolerance (12%).

Over USD 1 trillion was spent on diabetes in 2024.
This represents 12% of global health expenditure.

Over 3.4 million people died as a result of diabetes
in 2024. This corresponds to 9.3% of global deaths
from all causes.

An estimated 9.1 million people are living with type
1 diabetes. The majority (69%) are aged 20-59.

An estimated 1 in 5 live births (23 million) are
affected by some form of hyperglycaemia
in pregnancy.

IDF Diabetes Atlas 11th Edition - 2025 | diabetesatlas.org | 41
IDF Diabetes Atlas 11th Edition - 2025 | diabetesatlas.org | 41"
large-local-384,idf_en_prevalence_rephrased,2,IDF_Diabetes_Atlas_11th_Edition_2025_WEB_p53_c73,not_relevant,,,unjudged,unjudged,deterministic certified source/page/section/anchor match,certified_anchor_oracle,not_relevant,IDF_Diabetes_Atlas_11th_Edition_2025_WEB.pdf,53,"Figure 3.2 Prevalence of diabetes among men and women (20–79 years), 2024.",0.8681,"Table 3.5 Top 10 countries or territories with age-standardised diabetes prevalence in adults
(20–79 years) in 2024 and 2050.

i. Countries without in-country data sources. Estimates are extrapolated.

Table 3.6 Global diabetes estimates in people (65-99 years) in 2024 and 2050.

3.2 Diabetes prevalence in older adults in 2024 and projection to 2050

Regional distribution

Diabetes prevalence increases with age. Therefore,
the highest estimated prevalence is in people over
65 (Figure 3.1). In 2024, the estimated number of
people with diabetes aged 65–99 years was 158.3
million (23.7%). If the current trend continues, the
number of people aged 65-99 years with diabetes will
be 278 million in 2050 (Table 3.6). These data point
to a significant increase in the diabetes population of
ageing societies in the next 25 years and the inevitable
public health and economic challenges this will bring.
It will require all countries to commit to sufficient
resources to tackle diabetes.

There are significant regional differences in the
prevalence of diabetes in people over 65. Regions
included in the top five places remained the same
in 2024 compared with 2019, but the MENA region
had the highest prevalence at (32.3%). The lowest
prevalence remains in the AFR region (7.8%). This is
generally true for 2050 as well (Table 3.7). However,
the EUR region will fall to 6th place in the table with
the SEA region taking its place. Overall, the projected
diabetes prevalence in 2050 in this age group does not
forecast significant increases. As an example, in the
SACA Region the figures are 23.2% in 2024 and 23.6%
in 2050, and in AFR 7.8% in 2024 and 8.3% in 2050.

48 | IDF Diabetes Atlas 11th Edition - 2025 | diabetesatlas.org"
large-local-384,idf_en_prevalence_rephrased,3,IDF_Diabetes_Atlas_11th_Edition_2025_WEB_p14_c17,not_relevant,,,unjudged,unjudged,deterministic certified source/page/section/anchor match,certified_anchor_oracle,not_relevant,IDF_Diabetes_Atlas_11th_Edition_2025_WEB.pdf,14,Key messages:,0.867,"prevalence of diabetes
in the 20–79 year age group (millions) Projections of the global prevalence of diabetes
in the 20–79 year age group (millions) 853 2024 783 2050 2021 589 537 643 642 2045 2024 592
2015 2021 366
382
415
425
463 700 2013 629 2021 2019 2030 2040 2017 2011 2013
2015
2017
2019 2035 578 246
285 552 380 2019 2011 2006 438 194 2007
2009 2009 151 2025 2003 333 2000 2003 Projection in millions Number of people with diabetes in millions Year projection made
2003 IDF Diabetes Atlas 11th Edition - 2025 | diabetesatlas.org | 9"
large-local-384,idf_en_prevalence_rephrased,4,IDF_Diabetes_Atlas_11th_Edition_2025_WEB_p47_c63,not_relevant,,,unjudged,unjudged,deterministic certified source/page/section/anchor match,certified_anchor_oracle,not_relevant,IDF_Diabetes_Atlas_11th_Edition_2025_WEB.pdf,47,3.1 Diabetes prevalence in 2024 and projection to 2050 (20–79 years),0.8469,"While the world’s population is estimated to grow
25% over the next 25 years, the number of people
with diabetes is estimated to increase by 45%
(Map 3.1, Table 3.1, Map 3.2).

This 11th edition of the IDF Diabetes Atlas provides
estimates for diabetes in 2024 and projected
estimates for 2050. The estimates include diagnosed
and undiagnosed diabetes for adults aged 20–79.

Worldwide, a total of 589 million adults aged 20–79
are estimated to have diabetes (11.1% of all adults in
this age group). By 2050, the number of adults living
with diabetes will rise to a projected 852.5 million.

Map 3.1 Estimated number of adults (20–79 years) with diabetes by country, 2024.

< 100 thousand

100-<500 thousand

500 thousand-<1 million

1 - <10 million
10-<20 million
≥ 20 million
No estimates

3.1 Diabetes prevalence in 2024 and projection to 2050 (20–79 years)

Our projection for 2050 predicts a growth of 17% in
the prevalence of diabetes due to the ageing of the
population and increased urbanisation across the
globe. It is estimated that 95% of the increase in the
number of people with diabetes by 2050 will occur in
low- and middle-income countries, where population
growth is expected to be greater than in high-income
countries (Table 3.2).

The estimates in the 11th edition of the IDF Diabetes
Atlas are provided for 215 countries and territories,
grouped into the seven IDF Regions: Africa (AFR),
Europe (EUR), Middle East and North Africa (MENA),
North America and Caribbean (NAC), South and
Central America (SACA), South-East Asia (SEA) and
Western Pacific (WP). In total, 246 data sources from
153 countries and territories were included in the
analyses (See Resources www.diabetesatlas.org). 1
Data are presented considering each country´s current
age structure and, after adjustment to reflect the
prevalence, the age structure of the world population.

42 | IDF Diabetes Atlas 11th Edition - 2025 | diabetesatlas.org"
large-local-384,idf_en_prevalence_rephrased,5,IDF_Diabetes_Atlas_11th_Edition_2025_WEB_p92_c147,not_relevant,,,unjudged,unjudged,deterministic certified source/page/section/anchor match,certified_anchor_oracle,not_relevant,IDF_Diabetes_Atlas_11th_Edition_2025_WEB.pdf,92,"Figure 4.5 Estimated prevalence (%) of diabetes by age and sex, IDF South and Central America
Region 2024.",0.8407,"| At a glance |  |  |
| --- | --- | --- |
|  | 2024 | 2050 |
| Adult population (20-79 years) | 1.74b | 1.72b |
| Diabetes (20-79 years) |  |  |
| Regional prevalence | 12.4% | 14.7% |
| Age-standardised prevalence | 11.1% | 12.8% |
| Number of people with diabetes (20-79 years) | 215m | 254m |
| Number of deaths due to diabetes (20-79 years) | 1.2m |  |
| Healthcare expenditure due to diabetes (20-79 years) |  |  |
| Total healthcare expenditure, USD | 246.3b | 237.7b |
| Impaired glucose tolerance (20-79 years) |  |  |
| Regional prevalence | 14.4% | 15.5% |
| Age-standardised prevalence | 13.5% | 14.3% |
| Number of people with impaired glucose tolerance | 251m | 268m |
| Impaired fasting glucose (20-79 years) |  |  |
| Regional prevalence | 9.1% | 9.9% |
| Age-standardised prevalence | 8.6% | 9.2% |
| Number of people with impaired glucose tolerance | 160m | 171m |
| Undiagnosed diabetes (20-79 years) |  |  |
| Regional proportion | 50.0% |  |
| Number of people with undiagnosed diabetes | 108m |  |
| Type 1 diabetes (all age groups) |  |  |
| Number of people with type 1 diabetes | 991,000 |  |"
large-local-384,idf_ar_prevalence_rephrased,1,IDF_Diabetes_Atlas_11th_Edition_2025_WEB_p46_c62,relevant,,,unjudged,unjudged,deterministic certified source/page/section/anchor match,certified_anchor_oracle,relevant,IDF_Diabetes_Atlas_11th_Edition_2025_WEB.pdf,46,Key messages:,0.8806,"Key messages:

An estimated 589 million adults aged 20–79 years
are living with diabetes. This represents 11.1% of
the world’s population in this age group.

The total number of adults living with diabetes is
predicted to rise to 853 million (13%) by 2050.

An estimated 252 million adults living with diabetes
are unaware they have the condition.

One in four adults (158 million) living with diabetes
are aged over 65.

An estimated 635 million adults aged 20–79 years
are living with impaired glucose tolerance (12%).

Over USD 1 trillion was spent on diabetes in 2024.
This represents 12% of global health expenditure.

Over 3.4 million people died as a result of diabetes
in 2024. This corresponds to 9.3% of global deaths
from all causes.

An estimated 9.1 million people are living with type
1 diabetes. The majority (69%) are aged 20-59.

An estimated 1 in 5 live births (23 million) are
affected by some form of hyperglycaemia
in pregnancy.

IDF Diabetes Atlas 11th Edition - 2025 | diabetesatlas.org | 41
IDF Diabetes Atlas 11th Edition - 2025 | diabetesatlas.org | 41"
large-local-384,idf_ar_prevalence_rephrased,2,IDF_Diabetes_Atlas_11th_Edition_2025_WEB_p53_c75,not_relevant,,,unjudged,unjudged,deterministic certified source/page/section/anchor match,certified_anchor_oracle,not_relevant,IDF_Diabetes_Atlas_11th_Edition_2025_WEB.pdf,53,"Figure 3.2 Prevalence of diabetes among men and women (20–79 years), 2024.",0.8486,"|  | 2024 | 2050 |
| --- | --- | --- |
| Adult population (65-99 years) | 667.8 million | 1.1 billion |
| Prevalence (65-99 years) | 23.7% | 24.3% |
| Number of people over 65 with diabetes (65–99 years) | 158.3 million | 278 million |"
large-local-384,idf_ar_prevalence_rephrased,3,IDF_Diabetes_Atlas_11th_Edition_2025_WEB_p92_c147,not_relevant,,,unjudged,unjudged,deterministic certified source/page/section/anchor match,certified_anchor_oracle,not_relevant,IDF_Diabetes_Atlas_11th_Edition_2025_WEB.pdf,92,"Figure 4.5 Estimated prevalence (%) of diabetes by age and sex, IDF South and Central America
Region 2024.",0.8476,"| At a glance |  |  |
| --- | --- | --- |
|  | 2024 | 2050 |
| Adult population (20-79 years) | 1.74b | 1.72b |
| Diabetes (20-79 years) |  |  |
| Regional prevalence | 12.4% | 14.7% |
| Age-standardised prevalence | 11.1% | 12.8% |
| Number of people with diabetes (20-79 years) | 215m | 254m |
| Number of deaths due to diabetes (20-79 years) | 1.2m |  |
| Healthcare expenditure due to diabetes (20-79 years) |  |  |
| Total healthcare expenditure, USD | 246.3b | 237.7b |
| Impaired glucose tolerance (20-79 years) |  |  |
| Regional prevalence | 14.4% | 15.5% |
| Age-standardised prevalence | 13.5% | 14.3% |
| Number of people with impaired glucose tolerance | 251m | 268m |
| Impaired fasting glucose (20-79 years) |  |  |
| Regional prevalence | 9.1% | 9.9% |
| Age-standardised prevalence | 8.6% | 9.2% |
| Number of people with impaired glucose tolerance | 160m | 171m |
| Undiagnosed diabetes (20-79 years) |  |  |
| Regional proportion | 50.0% |  |
| Number of people with undiagnosed diabetes | 108m |  |
| Type 1 diabetes (all age groups) |  |  |
| Number of people with type 1 diabetes | 991,000 |  |"
large-local-384,idf_ar_prevalence_rephrased,4,IDF_Diabetes_Atlas_11th_Edition_2025_WEB_p86_c135,not_relevant,,,unjudged,unjudged,deterministic certified source/page/section/anchor match,certified_anchor_oracle,not_relevant,IDF_Diabetes_Atlas_11th_Edition_2025_WEB.pdf,86,"Figure 4.4 Estimated prevalence (%) of diabetes by age and sex, IDF North America and
Caribbean Region 2024.",0.8425,"| At a glance |  |  |
| --- | --- | --- |
|  | 2024 | 2050 |
| Adult population (20-79 years) | 373m | 415m |
| Diabetes (20-79 years) |  |  |
| Regional prevalence | 15.1% | 16.4% |
| Age-standardised prevalence | 13.8% | 15.3% |
| Number of people with diabetes (20-79 years) | 56m | 68m |
| Number of deaths due to diabetes (20-79 years) | 526,000 |  |
| Healthcare expenditure due to diabetes (20-79 years) |  |  |
| Total healthcare expenditure, USD | 439b | 446b |
| Impaired glucose tolerance (20-79 years) |  |  |
| Regional prevalence | 12.5% | 13.3% |
| Age-standardised prevalence | 11.6% | 12.6% |
| Number of people with impaired glucose tolerance | 47m | 55m |
| Impaired fasting glucose (20-79 years) |  |  |
| Regional prevalence | 14.2% | 14.8% |
| Age-standardised prevalence | 13.6% | 14.3% |
| Number of people with impaired glucose tolerance | 53m | 62m |
| Undiagnosed diabetes (20-79 years) |  |  |
| Regional proportion | 29.1% |  |
| Number of people with undiagnosed diabetes | 16m |  |
| Type 1 diabetes (all age groups) |  |  |
| Number of people with type 1 diabetes | 1.9m |  |"
large-local-384,idf_ar_prevalence_rephrased,5,IDF_Diabetes_Atlas_11th_Edition_2025_WEB_p82_c127,not_relevant,,,unjudged,unjudged,deterministic certified source/page/section/anchor match,certified_anchor_oracle,not_relevant,IDF_Diabetes_Atlas_11th_Edition_2025_WEB.pdf,82,"Figure 4.2 Estimated prevalence (%) of diabetes by age and sex, IDF Europe Region 2024.",0.8422,"| At a glance |  |  |
| --- | --- | --- |
|  | 2024 | 2050 |
| Adult population (20-79 years) | 672m | 659m |
| Diabetes (20-79 years) |  |  |
| Regional prevalence | 9.8% | 11.0% |
| Age-standardised prevalence | 8.0% | 9.4% |
| Number of people with diabetes (20-79 years) | 66m | 72m |
| Number of deaths due to diabetes (20-79 years) | 433,000 |  |
| Healthcare expenditure due to diabetes (20-79 years) |  |  |
| Total healthcare expenditure, USD | 193b | 179b |
| Impaired glucose tolerance (20-79 years) |  |  |
| Regional prevalence | 6.8% | 7.0% |
| Age-standardised prevalence | 5.9% | 6.2% |
| Number of people with impaired glucose tolerance | 45.9m | 46.2m |
| Impaired fasting glucose (20-79 years) |  |  |
| Regional prevalence | 5.9% | 6.0% |
| Age-standardised prevalence | 5.3% | 5.7% |
| Number of people with impaired glucose tolerance | 39.7m | 40.4m |
| Undiagnosed diabetes (20-79 years) |  |  |
| Regional proportion | 33.6% |  |
| Number of people with undiagnosed diabetes | 22m |  |
| Type 1 diabetes (all age groups) |  |  |
| Number of people with type 1 diabetes | 2.7m |  |"
large-local-384,idf_ar_undiagnosed,1,IDF_Diabetes_Atlas_11th_Edition_2025_WEB_p46_c62,relevant,,,unjudged,unjudged,deterministic certified source/page/section/anchor match,certified_anchor_oracle,relevant,IDF_Diabetes_Atlas_11th_Edition_2025_WEB.pdf,46,Key messages:,0.7782,"Key messages:

An estimated 589 million adults aged 20–79 years
are living with diabetes. This represents 11.1% of
the world’s population in this age group.

The total number of adults living with diabetes is
predicted to rise to 853 million (13%) by 2050.

An estimated 252 million adults living with diabetes
are unaware they have the condition.

One in four adults (158 million) living with diabetes
are aged over 65.

An estimated 635 million adults aged 20–79 years
are living with impaired glucose tolerance (12%).

Over USD 1 trillion was spent on diabetes in 2024.
This represents 12% of global health expenditure.

Over 3.4 million people died as a result of diabetes
in 2024. This corresponds to 9.3% of global deaths
from all causes.

An estimated 9.1 million people are living with type
1 diabetes. The majority (69%) are aged 20-59.

An estimated 1 in 5 live births (23 million) are
affected by some form of hyperglycaemia
in pregnancy.

IDF Diabetes Atlas 11th Edition - 2025 | diabetesatlas.org | 41
IDF Diabetes Atlas 11th Edition - 2025 | diabetesatlas.org | 41"
large-local-384,idf_ar_undiagnosed,2,IDF_Diabetes_Atlas_11th_Edition_2025_WEB_p57_c83,not_relevant,,,unjudged,unjudged,deterministic certified source/page/section/anchor match,certified_anchor_oracle,not_relevant,IDF_Diabetes_Atlas_11th_Edition_2025_WEB.pdf,57,3.3 Undiagnosed diabetes,0.7593,"Map 3.4 Proportion of adults (20–79 years) with undiagnosed diabetes by country in 2024.

<24%

35-<45%

45-<55%

55-<64%
≥ 65%
No estimates

Table 3.11 Top 10 countries with the largest number of adults (20–79 years) with undiagnosed
diabetes in 2024.

52 | IDF Diabetes Atlas 11th Edition - 2025 | diabetesatlas.org"
large-local-384,idf_ar_undiagnosed,3,Prevention_and_control_of_diabetes_melli_p84_c116,not_relevant,,,unjudged,unjudged,deterministic certified source/page/section/anchor match,certified_anchor_oracle,not_relevant,Prevention and control of diabetes mellitus Lessons for service delivery from countries in the WHO South-East Asia Region.pdf,84,References,0.752,"in diabetes prevalence and
treatment from 1990 to 2022: a pooled analysis of 1108 population‑representative studies with
141 million participants. The Lancet. 2024;404(10467):2021–2130. (https://www.thelancet.com/
journals/lancet/article/PIIS0140-6736(24)02317-1/fulltext, accessed 23 November 2025). 10. Institute for Health Metrics and Evaluation (2024). Global Burden of Disease Compare. Seattle,
WA: IHME. 2015 (http://vizhub.healthdata.org/gbd-compare, accessed 23 November 2025). 11. World Health Organization (2024). Noncommunicable diseases data portal: South‑East Asia Region
profile. Geneva: World Health Organization; 2024 (https://ncdportal.org/CountryProfile/GHE110/
SEAR#risk‑factor1, accessed 23 November 2025). 12. International Diabetes Federation (2025).  IDF Diabetes Atlas, 11 th edn. Brussels, Belgium:
International Diabetes Federation; 2025 (https://diabetesatlas.org, accessed 23 November 2025). 13. World Health Organization (2025). Assessing national capacity for the prevention and control
of noncommunicable diseases: report of the 2023 country capacity survey in the WHO South-
East Asia Region. Geneva: World Health Organization. Available from: https://iris.who.int/
handle/10665/381772 (accessed 23 November 2025). 70"
large-local-384,idf_ar_undiagnosed,4,Guidance_on_global_monitoring_for_diabet_p71_c126,not_relevant,,,unjudged,unjudged,deterministic certified source/page/section/anchor match,certified_anchor_oracle,not_relevant,"Guidance on global monitoring for diabetes prevention and control Framework, indicators and application.pdf",71,Outcomes and impacts,0.747,"Outcomes and impacts

General population. Population with diabetes.

59"
large-local-384,idf_ar_undiagnosed,5,IDF_Diabetes_Atlas_11th_Edition_2025_WEB_p73_c113,not_relevant,,,unjudged,unjudged,deterministic certified source/page/section/anchor match,certified_anchor_oracle,not_relevant,IDF_Diabetes_Atlas_11th_Edition_2025_WEB.pdf,73,3.8 Type 1 diabetes estimates in children and adults,0.7462,"3.8 Type 1 diabetes estimates in children and adults Findings Previous editions of the IDF Diabetes Atlas were
restricted to children and adolescents living with
type 1 diabetes (T1D) and did not consider potential
changes in incidence and mortality in the interval
between the study dates of the respective individual
country data and publication dates of the Atlas. In 2024, there were an estimated 9.15 million
individuals worldwide living with diagnosed clinical
T1D, 17 with 22.3% (2.04 million) of these living in
low-income and lower-middle-income countries. Of this total population of 9.15 million, 1.81 million
(19.8%), were younger than 20 years, 6.28 million
(68.6%) were between 20 and 59 and 1.06 million
(11.8%) were 60 or older. Development of the Type 1 Diabetes Index (T1D Index)
has enabled more current and accurate estimates to
be calculated for all ages across all countries. 15–17 The
T1D Index is a joint initiative of Breakthrough T1D, Life
for a Child, The International Diabetes Federation, and
the International Society for Paediatric and Adolescent
Diabetes. The Index uses a Markov model with
machine learning and all available population-based
incidence, prevalence and mortality data to produce
national and, thereby, global estimates. 17 Figure 3.13 shows the number of people with T1D
in each of these age brackets by IDF Region. The IDF
Europe Region has the highest number of cases,
followed by the IDF North America and Caribbean
Region. The lowest number of people with T1D was
observed in the Africa Region. Figure 3.13 Number of individuals with type 1 diabetes in each world region in 2024. 3,000,000 Number of people with T1D 2,500,000 2,000,000 1,500,000 1,000,000 500,000 - AFR
EUR
MENA
NAC
SACA
SEA
WP IDF Region All ages
<20 years of age
20 - 59 years of age
>=60 years of age IDF: International Diabetes Federation; AFR: Africa; EUR: Europe; MENA: Middle East and North Africa; NAC: North America and Caribbean; SACA:
South and Central America; SEA: South-East Asia; WP: Western Pacific For the 83 countries with published data from recent
years, the ten countries with the highest estimated
incidence in children under 15 years of age in 2024
were Finland, Saudi Arabia, Kuwait, Qatar, Estonia,
Algeria, Sweden, Canada, Norway and Libya, ranked
in order of highest incidence. In 2024, there were 503,000 new cases of T1D
diagnosed at all ages, with 219,000 of these new cases
in children and young adults under 20 years of age. The T1D Index numbers clearly show that T1D is not
just a condition that affects children and youth. With
good care, people developing T1D in childhood live
to older ages, adding to the number of adults with
diabetes. Furthermore, adult onset of T1D is common.
In 2024, 284,000 (56.5%) of all new clinically diagnosed
T1D cases occurred in people aged 20 years or older.
The current mean age of a person living with T1D
is 35 years."
large-local-384,idf_en_expenditure_rephrased,1,IDF_Diabetes_Atlas_11th_Edition_2025_WEB_p66_c100,relevant,,,unjudged,unjudged,deterministic certified source/page/section/anchor match,certified_anchor_oracle,relevant,IDF_Diabetes_Atlas_11th_Edition_2025_WEB.pdf,66,"In 2024, the total global
diabetes-related health
expenditure exceeded
one trillion USD for the
first time.",0.8258,"Figure 3.7 Total diabetes-related health expenditure for adults (20–79 years) with diabetes from
2006 to 2050.

1200

1000

800

USD billion

600

400

200

0

2006
2009
2011
2013
2015
2017
2019
2021
2024
2050

Year

Regional distribution

Expenditure due to diabetes has a substantial
impact on total health expenditure worldwide,
representing 11.9% of total global health spending.
In the SACA Region, an average of 22.4% of the
total health expenditure was due to diabetes, the
highest percentage of the IDF Regions, followed by
17.0% in the MENA Region. The lowest percentage
of health expenditure due to diabetes was
observed in the EUR Region (8.8%) (Figure 3.10).

The NAC Region has the highest total diabetes-related
health expenditure of the seven IDF Regions (USD
438.6 billion) and accounts for 43.2% of total global
diabetes-related health expenditure in 2024. The
second highest is the WP Region, with USD 246.3
billion, followed by the EUR Region (USD 192.9 billion),
corresponding to 24.3% and 19.0% of total global
diabetes-related health expenditure, respectively.
Despite being home to 42.7% of people with
diabetes in the world, the SACA, MENA, SEA, and AFR
Regions collectively account for only 13.5% of global
diabetes-related health expenditure (Figure 3.8).

The NAC Region also has the highest diabetes-related
health expenditure per adult with diabetes (USD
7,811), followed by the EUR Region (USD 2,950),
SACA Region (USD 2,417) and WP Region (USD 1,173)
(Figure 3.9). Health expenditure is USD 429 per person
with diabetes in the MENA region, USD 414 in the AFR
region, and USD 108 in the SEA region (Figure 3.9).
In 2024, diabetes-related health expenditure per
adult with diabetes varied across IDF regions by
more than 70-fold.

IDF Diabetes Atlas 11th Edition - 2025 | diabetesatlas.org | 61"
large-local-384,idf_en_expenditure_rephrased,2,IDF_Diabetes_Atlas_11th_Edition_2025_WEB_p71_c110,not_relevant,,,unjudged,unjudged,deterministic certified source/page/section/anchor match,certified_anchor_oracle,not_relevant,IDF_Diabetes_Atlas_11th_Edition_2025_WEB.pdf,71,"Map 3.8 Total diabetes-related health expenditure (USD) by country for adults (20–79 years) with
diabetes in 2024.",0.788,"Map 3.8 Total diabetes-related health expenditure (USD) by country for adults (20–79 years) with
diabetes in 2024.

<50 million

10-<50 million

50-<200 million

200 million-<1 billion
≥ 1 billion

No estimates

Map 3.9 Diabetes-related health expenditure (USD) by country per adult (20–79 years) with
diabetes in 2024.

<250

250-<500

500-<1,000

1,000-<2,000

2,000-<5,000
≥ 5,000
No estimates

66 | IDF Diabetes Atlas 11th Edition - 2025 | diabetesatlas.org"
large-local-384,idf_en_expenditure_rephrased,3,Availability__price_and_affordability_of_p46_c78,not_relevant,,,unjudged,unjudged,deterministic certified source/page/section/anchor match,certified_anchor_oracle,not_relevant,"Availability, price and affordability of health technologies for the management of diabetes.pdf",46,References,0.7748,"References 1.
Worldwide trends in diabetes prevalence and treatment from 1990 to 2022: a pooled analysis of 1108 population-
representative studies with 141 million participants. Zhou, Bin et al. The Lancet, Volume 404, Issue 10467, 2077 -
20931. Availability, price and affordability of health technologies for the management of diabetes 2.
World Health Oragnization. Diabetes. 2024. https://www.who.int/news-room/fact-sheets/detail/diabetes (accessed
25 April 2023). 3.
Green A, Hede SM, Patterson CC, et al. Type 1 diabetes in 2017: global estimates of incident and prevalent cases in
children and adults. Diabetologia 2021; 64(12): 2741-50. 4.
Basu S, Yudkin JS, Kehlenbrink S, et al. Estimation of global insulin use for type 2 diabetes, 2018-30: a
microsimulation analysis. The lancet Diabetes & endocrinology 2018. 5.
World Health Oragnization. WHO list of priority medical devices for management of cardiovascular diseases and
diabetes. Geneva: World Health Organization, 2021. https://iris.who.int/handle/10665/341967 6.
World Health Oragnization. Priority Medical Devices Information System. 2024. https://medevis.who-
healthtechnologies.org/ (accessed 4 March 2024). 7.
World Health Oragnization. Electronic WHO Model List of Essential In Vitro Diagnostics. 2024. https://edl.who-
healthtechnologies.org (accessed 12 January 2024). 8.
Yadav H, Shah D, Sayed S, Horton S, Schroeder LF. Availability of essential diagnostics in ten low-income and
middle-income countries: results from national health facility surveys. The Lancet Global health 2021; 9(11):
e1553-e60. 9.
Fleming KA, Horton S, Wilson ML, et al. The Lancet Commission on diagnostics: transforming access to diagnostics.
Lancet 2021; 398(10315): 1997-2050. 10.
Beran D, Ewen M, Laing R. Insulin in 2016: Challenge and constraints to access. Diabetes Res Clin Pract 2016; 117:
119-21. 11.
Beran D, Lazo-Porras M, Mba CM, Mbanya JC. A global perspective on the issue of access to insulin. Diabetologia
2021. 12.
Abraimova A, Besancon S, Portocarrero J, et al. Management of type 1 diabetes in low- and middle-income
countries: comparative health system assessments in Kyrgyzstan, Mali, Peru and Tanzania. Diabet Med 2022: e14891. 13.
Cardenas MK, Perez-Leon S, Singh SB, et al. Forty years after Alma-Ata: primary health-care preparedness for
chronic diseases in Mozambique, Nepal and Peru. Glob Health Action 2021; 14(1): 1975920. 14.
Beran D, Yudkin JS, de Courten M. Access to care for patients with insulin-requiring diabetes in developing
countries: case studies of Mozambique and Zambia. Diabetes Care 2005; 28(9): 2136-40. 15.
Beran D, Yudkin JS. Looking beyond the issue of access to insulin: what is needed for proper diabetes care in
resource poor settings. Diabetes Res Clin Pract 2010; 88(3): 217-21. 16.
World Health Oragnization. The Global Diabetes Compact. Geneva: World Health Organization, 2021. https://www.
who.int/initiatives/the-who-global-diabetes-compact (accessed 4 March 2024)."
large-local-384,idf_en_expenditure_rephrased,4,IDF_Diabetes_Atlas_11th_Edition_2025_WEB_p67_c101,not_relevant,,,unjudged,unjudged,deterministic certified source/page/section/anchor match,certified_anchor_oracle,not_relevant,IDF_Diabetes_Atlas_11th_Edition_2025_WEB.pdf,67,"Figure 3.8 Total diabetes-related health expenditure (USD billion) in adults with diabetes
(20–79 years) by IDF Region in 2024.",0.7629,"Figure 3.8 Total diabetes-related health expenditure (USD billion) in adults with diabetes
(20–79 years) by IDF Region in 2024.

500

Total diabetes-related health expenditure (USD billion)

450

400

350

300

250

200

150

100

50

0

NAC
WP
EUR
SACA
MENA
SEA
AFR

IDF: International Diabetes Federation; AFR: Africa; EUR: Europe; MENA: Middle East and North Africa; NAC:
North America and Caribbean; SACA: South and Central America; SEA: South-East Asia; WP: Western Pacific

Figure 3.9 Diabetes-related health expenditure (USD) per adult with diabetes (20–79 years)
by IDF Region in 2024.

9,000

8,000

Diabetes-related health expenditure

7,000

per person (USD)

6,000

5,000

4,000

3,000

2,000

1,000

-

NAC
EUR
SACA
WP
MENA
AFR
SEA

IDF Regions

IDF: International Diabetes Federation; AFR: Africa; EUR: Europe; MENA: Middle East and North Africa; NAC:
North America and Caribbean; SACA: South and Central America; SEA: South-East Asia; WP: Western Pacific

62 | IDF Diabetes Atlas 11th Edition - 2025 | diabetesatlas.org"
large-local-384,idf_en_expenditure_rephrased,5,IDF_Diabetes_Atlas_11th_Edition_2025_WEB_p129_c214,not_relevant,,,unjudged,unjudged,deterministic certified source/page/section/anchor match,certified_anchor_oracle,not_relevant,IDF_Diabetes_Atlas_11th_Edition_2025_WEB.pdf,129,Figures,0.7588,"Figures Figure 3.11 Diabetes-related health expenditure as a
percentage of Gross Domestic Product (GDP) by IDF
region in 2024. Figure 1 Estimates and projections of the global
prevalence of diabetes in the 20–79 year age group
in millions (IDF Diabetes Atlas editions 1st to 11th). Figure 3.12 Diabetes-related health expenditure as a
percentage of Gross Domestic Product (GDP) by World
Bank income classification, 2024. Figure 1.1 Diagnostic criteria for diabetes. Figure 1.2 The typical symptoms of type 1 diabetes. Figure 1.3. Other specific types of diabetes. Figure 3.13 Number of individuals with type 1 diabetes in
each world region in 2024. Figure 2.1 Classification of diabetes data sources. Figure 3.1 Estimated numbers of people with diabetes
(top panel) and estimated world-standardised prevalence
of diabetes (bottom panel) in adults (20–79 years) by age
group in 2024 and 2050. Figure 4.1 Estimated prevalence (%) of diabetes by age
and sex, IDF Africa Region 2024. Figure 4.2 Estimated prevalence (%) of diabetes by age
and sex, IDF Europe Region 2024. Figure 3.2 Prevalence of diabetes among men and
women (20–79 years), 2024. Figure 4.3 Estimated prevalence (%) of diabetes by age
and sex, Middle-East and North Africa Region 2024. Figure 3.3 Number of adults (20–79 years) with diabetes
living in urban and rural areas in 2024 and 2050. Figure 4.4 Estimated prevalence (%) of diabetes by age
and sex, IDF North America and Caribbean Region 2024. Figure 3.4 Reported prevalence of HbA1c between 5.7
to 6.4%. Label includes the country, study year, and age
range of the study participants. Figure 4.5 Estimated prevalence (%) of diabetes by age
and sex, IDF South and Central America Region 2024. Figure 4.6 Estimated prevalence (%) of diabetes by age
and sex, IDF South-East Asia Region 2024. Figure 3.5 Prevalence of hyperglycaemia in pregnancy by
age-group in 2024. Figure 4.7 Estimated prevalence (%) of diabetes by age
and sex, IDF Western Pacific Region 2024. Figure 3.6 Estimated number of deaths due to diabetes
in adults (20–79 years), by age and sex in 2024. Figure 5.1 Meta-analysis of the incidence risk of
atherosclerotic cardiovascular disease, stroke, myocardial
infarction, and heart failure in people with type 2
diabetes versus those without diabetes. Figure 3.7 Total diabetes-related health expenditure for
adults (20–79 years) with diabetes from 2006 to 2050. Figure 3.8 Total diabetes-related health expenditure
(USD billion) in adults with diabetes (20–79 years) by
IDF Region in 2024. Figure 5.2 Relative risks of dementia in midlife, late life
and combined age ranges. Figure 3.9 Diabetes-related health expenditure (USD) per
adult with diabetes (20–79 years) by IDF Region in 2024. Figure 5.3 Relative risk of vascular dementia (VaD),
Alzheimer’s disease (AD) and all-cause dementia in
people with diabetes."
large-local-384,idf_ar_regions,1,IDF_Diabetes_Atlas_11th_Edition_2025_WEB_p35_c49,not_relevant,,,unjudged,unjudged,deterministic certified source/page/section/anchor match,certified_anchor_oracle,not_relevant,IDF_Diabetes_Atlas_11th_Edition_2025_WEB.pdf,35,"2.3 Estimating diabetes prevalence
and projections for the future",0.6417,"2.3 Estimating diabetes prevalence
and projections for the future 2.4 Extrapolating data One-third of countries or territories with more than
50,000 habitants (62 countries out of 215 countries or
territories, 29%) do not have in-country data sources
on diabetes prevalence that fulfil the IDF Diabetes
Atlas inclusion criteria. Under such circumstances,
estimates were generated by extrapolation using
diabetes prevalence data from countries that are
similar in ethnicity, 8 language, 9 World Bank income
classification, 10 and geographic location. Smoothed age- and sex-specific prevalence estimates
for each selected data source were produced using
a logistic regression model. If more than one data source was available for
an individual country, the country-level diabetes
estimates were derived as the average prevalence
estimated from the various data sources, each
weighted by the analytical hierarchy process quality
score. This permitted the higher-quality studies to
contribute more to the final country estimate. The
details of the logistic regression model have been
described in a previous publication, 4 . Extrapolated estimates are less reliable than
estimates based on national data sources and
should be interpreted with caution. Countries with
extrapolated estimates are designated in the country
summary table (Appendices) and Map 2.1. The use
of extrapolation emphasises the importance of
conducting high-quality studies worldwide that help
to address gaps in diabetes prevalence information. For each country, age- sex- and urban/rural-specific
diabetes estimates were generated. When a study
was not nationally representative, the national
prevalence was estimated, taking into account the
urban/rural ratio of the study in relation to that of
the country. The ratio of urban to rural disease
prevalence was estimated for studies that did not
present results stratified by urban and rural residence
in countries. Atlas data from countries judged to be
similar and the United Nations Population Division
(UNPD) 6 approximation of the country’s urban/rural
population ratio were used to distribute the results
by urban and rural prevalence. 2.5 Estimating confidence intervals"
large-local-384,idf_ar_regions,2,IDF_Diabetes_Atlas_11th_Edition_2025_WEB_p36_c51,not_relevant,,,unjudged,unjudged,deterministic certified source/page/section/anchor match,certified_anchor_oracle,not_relevant,IDF_Diabetes_Atlas_11th_Edition_2025_WEB.pdf,36,2.6 Standardisation of estimates,0.6374,"2.6 Standardisation of estimates

These were produced by standardising 2024
prevalence estimates from each country to the age
structure of the UN Population Division’s estimated
world population (2022 Revision). They are referred
to as age-standardised and indicated with a footnote:
‘standardised to world population’. This latter
standardisation approach removes the effect of
differences in the age structure between countries.
The age-standardised diabetes prevalence in 2050 was
calculated using the UN projected global age structure
for 2050. 6

It is important to appreciate that the IDF Diabetes
Atlas presents two sets of prevalence estimates
for diabetes, impaired glucose tolerance (IGT),
and impaired fasting glucose (IFG) for each country
in 2024.

The first set is calculated by applying the computed
age-, sex- and urbanisation-specific prevalence rates
from the literature to the country’s 2024 age-, sex- and
urban/rural setting distribution as estimated by the
UN Population Division, World Population Prospects
(2024 Revision). 6,12

This provides a prevalence estimate per country, as
indicated in the table and figure footnotes: ‘national
prevalence’. However, to permit comparison of
diabetes prevalence between countries, additional
‘age-standardised’ estimates were also calculated.

Map 2.2 Countries and territories with data sources on the proportion of adults (20–79 years)
with previously undiagnosed diabetes.

Countries with
in-country data
sources

IDF Diabetes Atlas 11th Edition - 2025 | diabetesatlas.org | 31"
large-local-384,idf_ar_regions,3,IDF_Diabetes_Atlas_11th_Edition_2025_WEB_p70_c109,not_relevant,,,unjudged,unjudged,deterministic certified source/page/section/anchor match,certified_anchor_oracle,not_relevant,IDF_Diabetes_Atlas_11th_Edition_2025_WEB.pdf,70,"Figure 3.12 Diabetes-related health expenditure as a percentage of Gross Domestic Product
(GDP) by World Bank income classification, 2024.",0.6334,"| Rank | Country or territory | Total diabetes-rel (USD billion) in ad | ated health expenditure in 2024 ults (20-79 years) |
| --- | --- | --- | --- |
| Highest |  |  |  |
| 1 | United States of America |  | 404.5 |
| 2 | China |  | 168.9 |
| 3 | Brazil | 45.1 |  |
| 4 | Germany | 40.4 |  |
| 5 | Japan | 34.0 |  |
| 6 | United Kingdom | 23.6 |  |
| 7 | France | 22.5 |  |
| 8 | Mexico | 19.5 |  |
| 9 | Argentina | 15.4 |  |
| 10 | Italy | 15.4 |  |
| Lowest |  |  |  |
| 1 | Niue | 0.8 |  |
| 2 | Nauru | 1.7 |  |
| 3 | Tuvalu | 2.1 |  |
| 4 | Tonga | 4.5 |  |
| 5 | St Kitts and Nevis | 5.6 |  |
| 6 | St Vincent and the Grenadines | 5.9 |  |
| 7 | Gambia | 5.9 |  |
| 8 | Sao Tome and Principe | 6.3 |  |
| 9 | Seychelles | 6.6 |  |
| 10 | Comoros | 7.1 |  |"
large-local-384,idf_ar_regions,4,IDF_Diabetes_Atlas_11th_Edition_2025_WEB_p79_c122,not_relevant,,,unjudged,unjudged,deterministic certified source/page/section/anchor match,certified_anchor_oracle,not_relevant,IDF_Diabetes_Atlas_11th_Edition_2025_WEB.pdf,79,Key messages:,0.6226,"Diabetes in Africa
2024

Estimates are provided for 49 Sub-Saharan African
countries and territories in the IDF Africa (AFR) Region.
For this edition of the IDF Diabetes Atlas, a total of
35 data sources from 27 countries met the inclusion
criteria. About half (45%) of the countries in the IDF
AFR Region lack high-quality, in-country data sources.
Only three countries (Cape Verde, Gambia and Sao
Tome and Principe) had studies conducted within
the past five years.

Map 4.1 Age-standardised prevalence
(%) of diabetes (20–79 years), IDF Africa
Region 2024.

Despite the lowest prevalence estimate of 5.0%
among IDF Regions, the expected increase in the
number of people with diabetes by 2050 is the
highest at 142%, reaching 60 million. The AFR Region
is also predicted to have the highest increase in the
number of people with impaired glucose tolerance
and impaired fasting glucose by 2050, reaching 135
million (138% increase) and 88 million (134% increase)
respectively. The proportion of undiagnosed diabetes
is also highest of all the IDF Regions at 72.6%.

<5%

5-<6%

6-<7%

≥ 7%

Diabetes care receives the lowest level of investment
in the AFR Region, with only 10 billion USD spent on
diabetes, representing a mere 1% of the total spent
worldwide, despite the Region being home to 11.4%
of people with diabetes worldwide.

Figure 4.1 Estimated prevalence (%) of diabetes by age and sex, IDF Africa Region 2024.

9.0

8.0

Prevalence (%)

7.0

6.0

5.0

4.0

3.0

2.0

1.0

0.0

20-24
25-29
30-34
35-39
40-44
45-49
50-54
55-59
60-64
65-69
70-74
75-79

Age (years)

Women
Men

74 | IDF Diabetes Atlas 11th Edition - 2025 | diabetesatlas.org"
large-local-384,idf_ar_regions,5,IDF_Diabetes_Atlas_11th_Edition_2025_WEB_p87_c138,not_relevant,,,unjudged,unjudged,deterministic certified source/page/section/anchor match,certified_anchor_oracle,not_relevant,IDF_Diabetes_Atlas_11th_Edition_2025_WEB.pdf,87,"Diabetes in South and Central America
2024",0.6111,"Diabetes in South and Central America
2024

Map 4.5 Age-standardised prevalence (%)
of diabetes (20–79 years), IDF South and
Central America Region 2024.

Estimates were made for 19 countries and
territories in the IDF South and Central
America (SACA) Region. Estimates for
diabetes prevalence in adults aged 20–79
years were based on 29 data sources from
15 countries. Five countries: Brazil, Peru,
Brazil, Panama and Bolivia had studies
conducted within the past five years.

IDF projects that the number of people with
diabetes in the SACA Region will increase by
46%, reaching 52 million by 2050. Over the
same period, the prevalence of diabetes will
increase by 23%, reaching 12.3%. In 2024,
81 billion USD was spent on diabetes in
the SACA Region, representing 8% of total
expenditure worldwide.

<6%

6-<7%

7-<8%

8-<9%
≥ 9%

Figure 4.5 Estimated prevalence (%) of diabetes by age and sex, IDF South and Central America
Region 2024.

30.0

25.0

Prevalence (%)

20.0

15.0

10.0

5.0

0.0

20-24
25-29
30-34
35-39
40-44
45-49
50-54
55-59
60-64
65-69
70-74
75-79

Age (years)

Women
Men

82 | IDF Diabetes Atlas 11th Edition - 2025 | diabetesatlas.org"
large-local-384,who_en_recommendation_count,1,WHO_recommendations_on_care_for_women_wi_p22_c29,not_relevant,,,unjudged,unjudged,deterministic certified source/page/section/anchor match,certified_anchor_oracle,not_relevant,WHO recommendations on care for women with diabetes during pregnancy.pdf,22,"2.2.2 Evidence on values, resource use and cost–effectiveness, equity and
human rights, acceptability and feasibility",0.8165,"WHO recommendations on care for women with diabetes during pregnancy

2.2 Evidence identification and retrieval

Evidence to support the development of the guideline recommendations was derived from several sources by

the systematic review teams working in collaboration with the WHO Steering Group.

2.2.1 Evidence on effectiveness

To inform the development of the recommendations, WHO commissioned a set of three de novo systematic

reviews on the management of diabetes during pregnancy, one of which covered nine priority questions.

External groups of systematic reviewers were asked to prepare review protocols with clear PICO questions

and criteria for identification of studies, including search strategies for different bibliographic databases,

methods for assessing risk of bias and a data analysis plan (19–21). The WHO Steering Group and the guideline

methodologists reviewed and endorsed the protocols before the systematic reviews were conducted.

The search strategies employed to identify the studies and the specific criteria for inclusion and exclusion

of studies are described in the individual systematic reviews. Studies from low-, middle- and high-

income countries were considered and there were no language restrictions. The entire systematic review

development process was iterative, with the systematic reviewers and guideline methodologists constantly

communicating with the WHO Steering Group to discuss challenges and agree on solutions.

2.2.2 Evidence on values, resource use and cost–effectiveness, equity and
human rights, acceptability and feasibility

6

Values, equity and human rights, acceptability and feasibility

Two qualitative evidence syntheses (QES) explored the views and experiences of women with type 1 or

type 2 diabetes during their encounters with maternity services (17) and those of health-care providers caring

for women with diabetes during the maternity phase (16).

Evidence on the views and experiences of women with GDM was obtained from previously published systematic

reviews of qualitative evidence. Existing reviews identified by a systematic search were appraised using the

Joanna Briggs Institute Checklist for Systematic Reviews, and 14 high-quality reviews were referenced.

These reviews were the primary source of evidence on values, equity and human rights, acceptability, and

feasibility.

Resource use and cost–effectiveness

The evidence synthesis team initiated a new systematic review of economic evaluations for the screening,

management and treatment for women with diabetes during pregnancy (18). The review aimed to:

•
synthesize the available evidence from economic evaluations of interventions to screen/diagnose, treat

and/or manage diabetes during pregnancy;

•
assess the methodological quality of the economic evaluation studies;

•
identify the gaps in the evidence from economic evaluations of interventions to manage diabetes during

pregnancy."
large-local-384,who_en_recommendation_count,2,WHO_recommendations_on_care_for_women_wi_p1_c0,not_relevant,,,unjudged,unjudged,deterministic certified source/page/section/anchor match,certified_anchor_oracle,not_relevant,WHO recommendations on care for women with diabetes during pregnancy.pdf,1,,0.8136,"WHO recommendations on
care for women with diabetes

during pregnancy"
large-local-384,who_en_recommendation_count,3,WHO_recommendations_on_care_for_women_wi_p3_c1,not_relevant,,,unjudged,unjudged,deterministic certified source/page/section/anchor match,certified_anchor_oracle,not_relevant,WHO recommendations on care for women with diabetes during pregnancy.pdf,3,,0.8136,"WHO recommendations on
care for women with diabetes

during pregnancy"
large-local-384,who_en_recommendation_count,4,WHO_recommendations_on_care_for_women_wi_p72_c99,not_relevant,,,unjudged,unjudged,deterministic certified source/page/section/anchor match,certified_anchor_oracle,not_relevant,WHO recommendations on care for women with diabetes during pregnancy.pdf,72,"Annex 3.
Summary and management
of declared interests from
GDG members",0.8068,"WHO recommendations on care for women with diabetes during pregnancy

56"
large-local-384,who_en_recommendation_count,5,WHO_recommendations_on_care_for_women_wi_p27_c36,relevant,,,unjudged,unjudged,deterministic certified source/page/section/anchor match,certified_anchor_oracle,relevant,WHO recommendations on care for women with diabetes during pregnancy.pdf,27,3,0.7864,"3

Recommendations
and supporting
evidence

The GDG issued 27 recommendations – four on care for all women with diabetes (type 1, type 2 or gestational)

during pregnancy, six on glucose monitoring, two on pharmacological treatment for pregnant women with

type 1 diabetes, four on pharmacological treatment for pregnant women with type 2 diabetes and two on

pharmacological treatment for women with GDM, and nine on additional monitoring and assessments. This

section outlines the recommendations corresponding to the priority questions.

To ensure that the recommendations are correctly understood and appropriately implemented in

11

practice, additional ‘remarks’ reflecting the summary of the discussions by the GDG are included. The

recommendations should be applied in conjunction with the implementation considerations.

The EtD frameworks – presenting the available effectiveness evidence, the balance between the desirable

and undesirable effects, values of stakeholders, resource requirements, cost–effectiveness, acceptability,

feasibility and equity, and human rights that were considered in formulating each recommendation – are

presented separately in the web annexes to this guideline.

3.1 Recommendations

3.1.1
Core practices in caring for women with diabetes during pregnancy

Advice on diet, physical activity and weight management

Recommendation

1
For pregnant women with type 1, type 2 or gestational diabetes, provide individualized advice on diet, physical

activity and weight management based on existing WHO guidance, including:

•
dietary advice for the general adult population;

•
physical activity advice for the general pregnant population;

•
weight management advice based on the above dietary and physical activity advice, with a focus on appropriate

gestational weight gain."
large-local-384,who_ar_monitoring_scope,1,WHO_recommendations_on_care_for_women_wi_p27_c36,relevant,,,unjudged,unjudged,deterministic certified source/page/section/anchor match,certified_anchor_oracle,relevant,WHO recommendations on care for women with diabetes during pregnancy.pdf,27,3,0.8065,"3

Recommendations
and supporting
evidence

The GDG issued 27 recommendations – four on care for all women with diabetes (type 1, type 2 or gestational)

during pregnancy, six on glucose monitoring, two on pharmacological treatment for pregnant women with

type 1 diabetes, four on pharmacological treatment for pregnant women with type 2 diabetes and two on

pharmacological treatment for women with GDM, and nine on additional monitoring and assessments. This

section outlines the recommendations corresponding to the priority questions.

To ensure that the recommendations are correctly understood and appropriately implemented in

11

practice, additional ‘remarks’ reflecting the summary of the discussions by the GDG are included. The

recommendations should be applied in conjunction with the implementation considerations.

The EtD frameworks – presenting the available effectiveness evidence, the balance between the desirable

and undesirable effects, values of stakeholders, resource requirements, cost–effectiveness, acceptability,

feasibility and equity, and human rights that were considered in formulating each recommendation – are

presented separately in the web annexes to this guideline.

3.1 Recommendations

3.1.1
Core practices in caring for women with diabetes during pregnancy

Advice on diet, physical activity and weight management

Recommendation

1
For pregnant women with type 1, type 2 or gestational diabetes, provide individualized advice on diet, physical

activity and weight management based on existing WHO guidance, including:

•
dietary advice for the general adult population;

•
physical activity advice for the general pregnant population;

•
weight management advice based on the above dietary and physical activity advice, with a focus on appropriate

gestational weight gain."
large-local-384,who_ar_monitoring_scope,2,WHO_recommendations_on_care_for_women_wi_p38_c50,not_relevant,,,unjudged,unjudged,deterministic certified source/page/section/anchor match,certified_anchor_oracle,not_relevant,WHO recommendations on care for women with diabetes during pregnancy.pdf,38,"3.1.2
Glucose monitoring",0.7506,"WHO recommendations on care for women with diabetes during pregnancy available, a target fasting blood glucose of ≤7 mmol/L (126 mg/dl) and a postprandial plasma glucose of ≤9 mmol/L (45) can serve as surrogates. However, an individualized approach is encouraged in setting the patient’s target level for glycaemic control, taking into account their comorbidities, risks from medication side-effects and likely benefit from tight glycaemic control in view of life expectancy (46). •
In the context of limited empirical evidence, the GDG developed this recommendation based on the potential harm to the developing baby from hypoglycaemia and hyperglycaemia and the importance of glucose monitoring as noted in Recommendation 5. Remarks Benefits and harms •
The systematic review conducted to inform this guideline found that for women with type 1 diabetes: –
for very tight glycaemic targets (fasting plasma glucose [FPG] 3.33 to 5.00 mmol/L [60 to 90 mg/dL]) versus moderately tight glycaemic targets (FPG 5.27 to 6.38 mmol/L [95 to 115 mg/dL]), there was no evidence of benefit and possible increases in the percentage of days with maternal hypoglycaemia (n=22 women) and increased length of postnatal hospitalization (n=137 women) ( low certainty ); –
for tight glycaemic targets (FPG <5.6 mmol/L [<101 mg/dL]) versus moderate (FPG 5.6 to 6.7 mmol/L glycaemic targets [101 to 121 mg/dL]) there was no evidence of benefit or harm; –
for moderate glycaemic targets (FPG target 5.6 to 6.7 mmol/L [101 to 121 mg/dL]) versus loose 22 glycaemic targets (FPG 6.7 to 8.9 mmol/L [121 mg/dL to 160 mg/dL]), there were possible reductions in caesarean birth (n=44 women), large-for-gestational age (n=44 babies) and respiratory distress syndrome (n=44 babies) ( low certainty ) and no certain evidence of harm. •
For tight versus moderate glycaemic targets or moderate versus loose glycaemic targets, the lack of harm is not established as many outcomes were of very low certainty. •
For women with GDM, with tight versus moderate glycaemic targets there was little to no difference in effect on induction of labour (n=1097 women), mean birthweight (n=1202 babies), large-for-gestational age (n=1202 babies), length of maternal antenatal hospitalization (n=1097 women), length of neonatal hospitalization (n=1097 babies), and length of postnatal hospitalization (n=1097 women) ( high certainty ), suggesting a lack of harm. Individualized care •
The low certainty evidence identified through the review challenges the assumption that stricter glycaemic control always leads to better outcomes. In type 1 diabetes, tight control may increase harm (hypoglycaemia), highlighting the need for individualized targets that balance safety, benefits and resource use. In addition, the use of an individualized target allows for consistency in approach and ease of use in clinical practice. Other considerations include the woman’s values and preferences, her ability to manage a"
large-local-384,who_ar_monitoring_scope,3,WHO_recommendations_on_care_for_women_wi_p34_c46,not_relevant,,,unjudged,unjudged,deterministic certified source/page/section/anchor match,certified_anchor_oracle,not_relevant,WHO recommendations on care for women with diabetes during pregnancy.pdf,34,"3.1.2
Glucose monitoring",0.7505,"WHO recommendations on care for women with diabetes during pregnancy

–
support the woman in monitoring blood glucose;

–
support the woman in maintaining target glucose levels;

–
effectively manage the use of insulin and/or oral glucose-lowering agents in pregnancy;

–
provide individualized dietary and activity advice, education and support;

–
undertake and respond to appropriate fetal surveillance.

Equity and human rights

•
Indirect evidence from the QES (16) indicates that specialized services may not be available in all settings,

particularly in low-income contexts ( l ow confidence ).

•
In addition, where specialized services are available, the additional costs associated with attendance

(transportation, childcare, time away from work) may be prohibitive for some women, especially those on

low incomes and/or those requiring extra clinic visits to support other aspects of their antenatal care and/

or diabetic management ( low confidence ).

Feasibility

•
Indirect evidence from the QES (16) suggests that health-care providers recognize the importance of inter-

professional collaboration and a multidisciplinary team approach to care ( moderate confidence ).

•
Indirect evidence from the same review (16) suggests that some health-care providers would like more

18

specialized training to better understand diabetes management during pregnancy ( moderate confidence ).

3.1.2
Glucose monitoring

Mode of glucose monitoring

Recommendations

5
For pregnant women with type 1, type 2 or gestational diabetes, recommend SMBG in addition to routine care,

where feasible.

6
For pregnant women with type 1 diabetes, recommend the use of a CGM system, where feasible.

7
For pregnant women with type 2 or gestational diabetes, do not routinely recommend use of a CGM system.

Rationale

•
Regular monitoring of blood glucose levels, and recognizing when they are low or high, is crucial to

managing diabetes during pregnancy and preventing complications. Women using insulin or other

glucose-lowering agents require more frequent monitoring.

•
The GDG noted that SMBG has been standard care for people with type 1 diabetes since the mid- to late-

1980s and it is unethical not to offer it in this population.

•
In the context of potential harm to the developing baby from both hypoglycaemia and hyperglycaemia

and limited empirical evidence on the harms and benefits of different modes of glucose monitoring during

pregnancy, these recommendations provide guidance on the appropriate mode of monitoring for the

different types of diabetes."
large-local-384,who_ar_monitoring_scope,4,WHO_recommendations_on_care_for_women_wi_p3_c1,not_relevant,,,unjudged,unjudged,deterministic certified source/page/section/anchor match,certified_anchor_oracle,not_relevant,WHO recommendations on care for women with diabetes during pregnancy.pdf,3,,0.7435,"WHO recommendations on
care for women with diabetes

during pregnancy"
large-local-384,who_ar_monitoring_scope,5,WHO_recommendations_on_care_for_women_wi_p1_c0,not_relevant,,,unjudged,unjudged,deterministic certified source/page/section/anchor match,certified_anchor_oracle,not_relevant,WHO recommendations on care for women with diabetes during pregnancy.pdf,1,,0.7435,"WHO recommendations on
care for women with diabetes

during pregnancy"
large-local-384,who_en_individualized_care,1,WHO_recommendations_on_care_for_women_wi_p38_c50,relevant,,,unjudged,unjudged,deterministic certified source/page/section/anchor match,certified_anchor_oracle,relevant,WHO recommendations on care for women with diabetes during pregnancy.pdf,38,"3.1.2
Glucose monitoring",0.8005,"WHO recommendations on care for women with diabetes during pregnancy available, a target fasting blood glucose of ≤7 mmol/L (126 mg/dl) and a postprandial plasma glucose of ≤9 mmol/L (45) can serve as surrogates. However, an individualized approach is encouraged in setting the patient’s target level for glycaemic control, taking into account their comorbidities, risks from medication side-effects and likely benefit from tight glycaemic control in view of life expectancy (46). •
In the context of limited empirical evidence, the GDG developed this recommendation based on the potential harm to the developing baby from hypoglycaemia and hyperglycaemia and the importance of glucose monitoring as noted in Recommendation 5. Remarks Benefits and harms •
The systematic review conducted to inform this guideline found that for women with type 1 diabetes: –
for very tight glycaemic targets (fasting plasma glucose [FPG] 3.33 to 5.00 mmol/L [60 to 90 mg/dL]) versus moderately tight glycaemic targets (FPG 5.27 to 6.38 mmol/L [95 to 115 mg/dL]), there was no evidence of benefit and possible increases in the percentage of days with maternal hypoglycaemia (n=22 women) and increased length of postnatal hospitalization (n=137 women) ( low certainty ); –
for tight glycaemic targets (FPG <5.6 mmol/L [<101 mg/dL]) versus moderate (FPG 5.6 to 6.7 mmol/L glycaemic targets [101 to 121 mg/dL]) there was no evidence of benefit or harm; –
for moderate glycaemic targets (FPG target 5.6 to 6.7 mmol/L [101 to 121 mg/dL]) versus loose 22 glycaemic targets (FPG 6.7 to 8.9 mmol/L [121 mg/dL to 160 mg/dL]), there were possible reductions in caesarean birth (n=44 women), large-for-gestational age (n=44 babies) and respiratory distress syndrome (n=44 babies) ( low certainty ) and no certain evidence of harm. •
For tight versus moderate glycaemic targets or moderate versus loose glycaemic targets, the lack of harm is not established as many outcomes were of very low certainty. •
For women with GDM, with tight versus moderate glycaemic targets there was little to no difference in effect on induction of labour (n=1097 women), mean birthweight (n=1202 babies), large-for-gestational age (n=1202 babies), length of maternal antenatal hospitalization (n=1097 women), length of neonatal hospitalization (n=1097 babies), and length of postnatal hospitalization (n=1097 women) ( high certainty ), suggesting a lack of harm. Individualized care •
The low certainty evidence identified through the review challenges the assumption that stricter glycaemic control always leads to better outcomes. In type 1 diabetes, tight control may increase harm (hypoglycaemia), highlighting the need for individualized targets that balance safety, benefits and resource use. In addition, the use of an individualized target allows for consistency in approach and ease of use in clinical practice. Other considerations include the woman’s values and preferences, her ability to manage a"
large-local-384,who_en_individualized_care,2,WHO_recommendations_on_care_for_women_wi_p43_c58,not_relevant,,,unjudged,unjudged,deterministic certified source/page/section/anchor match,certified_anchor_oracle,not_relevant,WHO recommendations on care for women with diabetes during pregnancy.pdf,43,"3.1.3
Pharmacological treatment",0.7399,"metformin and insulin to optimize blood glucose control and outcomes for the woman and baby. Rationale •
The GDG acknowledged that, while some women with GDM may maintain optimal blood glucose levels with diet and physical activity alone, other women may need to initiate a glucose-lowering agent to optimize blood glucose control and outcomes for the woman and baby."
large-local-384,who_en_individualized_care,3,WHO_recommendations_on_care_for_women_wi_p34_c46,not_relevant,,,unjudged,unjudged,deterministic certified source/page/section/anchor match,certified_anchor_oracle,not_relevant,WHO recommendations on care for women with diabetes during pregnancy.pdf,34,"3.1.2
Glucose monitoring",0.738,"WHO recommendations on care for women with diabetes during pregnancy

–
support the woman in monitoring blood glucose;

–
support the woman in maintaining target glucose levels;

–
effectively manage the use of insulin and/or oral glucose-lowering agents in pregnancy;

–
provide individualized dietary and activity advice, education and support;

–
undertake and respond to appropriate fetal surveillance.

Equity and human rights

•
Indirect evidence from the QES (16) indicates that specialized services may not be available in all settings,

particularly in low-income contexts ( l ow confidence ).

•
In addition, where specialized services are available, the additional costs associated with attendance

(transportation, childcare, time away from work) may be prohibitive for some women, especially those on

low incomes and/or those requiring extra clinic visits to support other aspects of their antenatal care and/

or diabetic management ( low confidence ).

Feasibility

•
Indirect evidence from the QES (16) suggests that health-care providers recognize the importance of inter-

professional collaboration and a multidisciplinary team approach to care ( moderate confidence ).

•
Indirect evidence from the same review (16) suggests that some health-care providers would like more

18

specialized training to better understand diabetes management during pregnancy ( moderate confidence ).

3.1.2
Glucose monitoring

Mode of glucose monitoring

Recommendations

5
For pregnant women with type 1, type 2 or gestational diabetes, recommend SMBG in addition to routine care,

where feasible.

6
For pregnant women with type 1 diabetes, recommend the use of a CGM system, where feasible.

7
For pregnant women with type 2 or gestational diabetes, do not routinely recommend use of a CGM system.

Rationale

•
Regular monitoring of blood glucose levels, and recognizing when they are low or high, is crucial to

managing diabetes during pregnancy and preventing complications. Women using insulin or other

glucose-lowering agents require more frequent monitoring.

•
The GDG noted that SMBG has been standard care for people with type 1 diabetes since the mid- to late-

1980s and it is unethical not to offer it in this population.

•
In the context of potential harm to the developing baby from both hypoglycaemia and hyperglycaemia

and limited empirical evidence on the harms and benefits of different modes of glucose monitoring during

pregnancy, these recommendations provide guidance on the appropriate mode of monitoring for the

different types of diabetes."
large-local-384,who_en_individualized_care,4,WHO_recommendations_on_care_for_women_wi_p3_c1,not_relevant,,,unjudged,unjudged,deterministic certified source/page/section/anchor match,certified_anchor_oracle,not_relevant,WHO recommendations on care for women with diabetes during pregnancy.pdf,3,,0.7312,"WHO recommendations on
care for women with diabetes

during pregnancy"
large-local-384,who_en_individualized_care,5,WHO_recommendations_on_care_for_women_wi_p1_c0,not_relevant,,,unjudged,unjudged,deterministic certified source/page/section/anchor match,certified_anchor_oracle,not_relevant,WHO recommendations on care for women with diabetes during pregnancy.pdf,1,,0.7312,"WHO recommendations on
care for women with diabetes

during pregnancy"
large-local-384,who_ar_lifestyle_trial,1,WHO_recommendations_on_care_for_women_wi_p44_c59,relevant,,,unjudged,unjudged,deterministic certified source/page/section/anchor match,certified_anchor_oracle,relevant,WHO recommendations on care for women with diabetes during pregnancy.pdf,44,"3.1.3
Pharmacological treatment",0.7297,"WHO recommendations on care for women with diabetes during pregnancy Remarks Commencement of pharmacotherapy •
The GDG acknowledged that a two-week trial of diet and physical activity to achieve glycaemic control is typically conducted before considering commencement of blood glucose-lowering medication for GDM. The trials comparing different pharmacological agents included in the systematic review used a range of lengths of diet/activity (when described this ranged from 3 to 28 days, most commonly seven days). However, in some settings and for some clinical presentations (e.g. based on level of glycaemic control or maternal/fetal concerns), medication may be commenced without a trial of diet/activity. Trigger for treatment initiation or change •
In the trials comparing different pharmacological agents included in the systematic review, thresholds used for insulin initiation, treatment agent switch and dose escalation were poorly and inconsistently reported. In most studies, the trigger for FPG was 5.0 to 5.5 mmol/L (90 to 100 mg/dL), with some using stricter (3.4 to 5.0 mmol/L [60 to 90 mg/dL]) or looser (<6.1 mmol/L [<110 mg/dL]) targets. One-hour postprandial targets ranged from <6.5 to <9.0 mmol/L (<117 to <162 mg/dL) and most studies used a two- hour postprandial target of <6.7 mmol/L (120 mg/dL), ranging between <5.6 and <7.8 mmol/L (<100 mg/dL and <140 mg/dL). •
In clinical practice, a flexible approach may be appropriate and triggers for treatment initiation or change will likely be based on a woman’s blood glucose control and clinical criteria that reflect local realities 28 (e.g. food insecurity, challenges in monitoring or follow-up), aiming to balance safety and feasibility. Choice of glucose-lowering agent •
The GDG acknowledged that although there is some indication of possible benefits of commencing with metformin, overall the evidence does not strongly support metformin over insulin as a first-line medicine. Many women who begin pharmacotherapy with metformin will go on to need insulin. Clinical practices and the availability of medications are highly variable. The choice of glucose-lowering agent for women with GDM will be based on the woman’s glycaemic control, local availability and expertise, and her values and preferences. •
Many blood-glucose lowering agents are either not recommended for use in pregnancy or do not have adequate safety data in pregnancy (e.g. GLP-1Ras and SGLT2 inhibitors). However, the GDG acknowledged that there may be situations where a blood-glucose lowering agent other than insulin or metformin needs to be considered (e.g. when a woman refuses insulin and metformin is not tolerated or is ineffective in achieving the woman’s glycaemic control). In these circumstances other agents, such as a sulfonylurea, may be considered after discussion of potential benefits and harms. Dosage of glucose-lowering agent"
large-local-384,who_ar_lifestyle_trial,2,WHO_recommendations_on_care_for_women_wi_p38_c50,not_relevant,,,unjudged,unjudged,deterministic certified source/page/section/anchor match,certified_anchor_oracle,not_relevant,WHO recommendations on care for women with diabetes during pregnancy.pdf,38,"3.1.2
Glucose monitoring",0.6929,"WHO recommendations on care for women with diabetes during pregnancy available, a target fasting blood glucose of ≤7 mmol/L (126 mg/dl) and a postprandial plasma glucose of ≤9 mmol/L (45) can serve as surrogates. However, an individualized approach is encouraged in setting the patient’s target level for glycaemic control, taking into account their comorbidities, risks from medication side-effects and likely benefit from tight glycaemic control in view of life expectancy (46). •
In the context of limited empirical evidence, the GDG developed this recommendation based on the potential harm to the developing baby from hypoglycaemia and hyperglycaemia and the importance of glucose monitoring as noted in Recommendation 5. Remarks Benefits and harms •
The systematic review conducted to inform this guideline found that for women with type 1 diabetes: –
for very tight glycaemic targets (fasting plasma glucose [FPG] 3.33 to 5.00 mmol/L [60 to 90 mg/dL]) versus moderately tight glycaemic targets (FPG 5.27 to 6.38 mmol/L [95 to 115 mg/dL]), there was no evidence of benefit and possible increases in the percentage of days with maternal hypoglycaemia (n=22 women) and increased length of postnatal hospitalization (n=137 women) ( low certainty ); –
for tight glycaemic targets (FPG <5.6 mmol/L [<101 mg/dL]) versus moderate (FPG 5.6 to 6.7 mmol/L glycaemic targets [101 to 121 mg/dL]) there was no evidence of benefit or harm; –
for moderate glycaemic targets (FPG target 5.6 to 6.7 mmol/L [101 to 121 mg/dL]) versus loose 22 glycaemic targets (FPG 6.7 to 8.9 mmol/L [121 mg/dL to 160 mg/dL]), there were possible reductions in caesarean birth (n=44 women), large-for-gestational age (n=44 babies) and respiratory distress syndrome (n=44 babies) ( low certainty ) and no certain evidence of harm. •
For tight versus moderate glycaemic targets or moderate versus loose glycaemic targets, the lack of harm is not established as many outcomes were of very low certainty. •
For women with GDM, with tight versus moderate glycaemic targets there was little to no difference in effect on induction of labour (n=1097 women), mean birthweight (n=1202 babies), large-for-gestational age (n=1202 babies), length of maternal antenatal hospitalization (n=1097 women), length of neonatal hospitalization (n=1097 babies), and length of postnatal hospitalization (n=1097 women) ( high certainty ), suggesting a lack of harm. Individualized care •
The low certainty evidence identified through the review challenges the assumption that stricter glycaemic control always leads to better outcomes. In type 1 diabetes, tight control may increase harm (hypoglycaemia), highlighting the need for individualized targets that balance safety, benefits and resource use. In addition, the use of an individualized target allows for consistency in approach and ease of use in clinical practice. Other considerations include the woman’s values and preferences, her ability to manage a"
large-local-384,who_ar_lifestyle_trial,3,WHO_recommendations_on_care_for_women_wi_p46_c63,not_relevant,,,unjudged,unjudged,deterministic certified source/page/section/anchor match,certified_anchor_oracle,not_relevant,WHO recommendations on care for women with diabetes during pregnancy.pdf,46,"3.1.3
Pharmacological treatment",0.6677,"WHO recommendations on care for women with diabetes during pregnancy Comparisons of one oral glucose-lowering agent with another –
For metformin versus glibenclamide, there is evidence of possible moderate desirable effects – lower gestational weight gain (mean 7.78 kg versus 9.84 kg; MD 2.06 kg lower, 95% CI 3.98 kg lower to 0.14 kg lower; one trial, 200 women; low certainty ) and reduced risk of large-for-gestational age (AR 111 fewer per 1000, 95% CI from 156 fewer to 16 fewer; one trial, 200 babies; low certainty ) for >10% of exposed population, and no clear indication of undesirable effects. There is no clear indication of desirable or undesirable effects for glibenclamide versus acarbose (one trial, 43 women). Comparisons of protocols –
When glibenclamide is compared to insulin as a second-line treatment to metformin, there is no clear indication of desirable effects and evidence of possible moderate undesirable effects – increase in birthweight (mean 3706 g versus 3262 g; MD 444 g higher, 95% CI 16.62 higher to 871.38 higher; one trial, 23 babies; low certainty ). There is no clear indication of desirable or undesirable effects when glibenclamide (first line), metformin (second line), insulin (third line) is compared to metformin (first line), glibenclamide (second line), insulin (third line) (one trial, 108 women). Comparisons of types of insulin –
There is no clear indication of desirable or undesirable effects for premixed insulin analogue versus premixed human insulin (one trial, 323 women), rapid-acting insulin analogue versus regular human insulin (five trials, 330 women), or intermediate-acting human insulin versus regular human insulin 30 (one trial, 23 women). Comparison of frequency of insulin –
When twice daily insulin is compared with insulin four times daily, there is evidence of possible moderate undesirable effects – neonatal hypoglycaemia (AR 500 more per 1000, 95% CI from 282 more to 855 more; one trial, 480 babies; low certainty ) and hyperbilirubinaemia (AR 400 more per 1000, 95% CI from 252 more to 602 more; one trial 480 babies; low certainty ). The systematic review analysis found a possible reduction in maternal hypoglycaemia in the twice daily compared to the four times daily group (AR 296 fewer per 1000, 95% CI from 332 fewer to 250 fewer; two trials, 754 women; low certainty ). However, when the GDG requested further information, the systematic review team provided data that showed that ‘glycaemic control’ (an outcome not prioritized for the review) was improved in the four times daily group in both trials reporting the comparison. Acceptability •
Evidence from studies included in the systematic review of effectiveness evidence comparing metformin with insulin for the treatment of GDM suggests that treatment satisfaction is higher with metformin than with insulin (52–54). Limitations of the evidence •
The GDG acknowledged that the available evidence on pharmacotherapy for women with GDM is highly"
large-local-384,who_ar_lifestyle_trial,4,WHO_recommendations_on_care_for_women_wi_p44_c60,not_relevant,,,unjudged,unjudged,deterministic certified source/page/section/anchor match,certified_anchor_oracle,not_relevant,WHO recommendations on care for women with diabetes during pregnancy.pdf,44,"3.1.3
Pharmacological treatment",0.6674,"considered (e.g. when a woman refuses insulin and metformin is not tolerated or is ineffective in achieving the woman’s glycaemic control). In these circumstances other agents, such as a sulfonylurea, may be considered after discussion of potential benefits and harms. Dosage of glucose-lowering agent •
Titration of medications for glycaemic control is individualized and guided by regular blood glucose monitoring. Stopping treatment with glucose-lowering agents •
The GDG acknowledged that usual clinical practice is to stop treatment with glucose-lowering agents soon after the birth of the baby. Due to the increased risk of type 2 diabetes in women who have experienced GDM (7), follow-up assessment of glucose tolerance is essential 6 to 12 weeks postnatally."
large-local-384,who_ar_lifestyle_trial,5,WHO_recommendations_on_care_for_women_wi_p40_c54,not_relevant,,,unjudged,unjudged,deterministic certified source/page/section/anchor match,certified_anchor_oracle,not_relevant,WHO recommendations on care for women with diabetes during pregnancy.pdf,40,"3.1.3
Pharmacological treatment",0.6643,"WHO recommendations on care for women with diabetes during pregnancy

Rationale

•
The GDG acknowledged that women with type 1 diabetes will likely be using insulin before becoming

pregnant and considered the optimal approach to optimize blood glucose control and outcomes for the

woman and baby.

Remarks

Choice of insulin

•
The GDG acknowledged that the systematic review of evidence from randomized trials did not identify a

clear difference in benefits and harms between different types of insulin during pregnancy (see Desirable

and undesirable effects below). The choice of insulin for pregnant women with type 1 diabetes will be

based on the woman’s experiences of insulin before becoming pregnant, her glycaemic control during

pregnancy, and local availability and expertise. When treatments previously used are continued into

pregnancy, it is important to monitor glycaemic control and modify the regimen promptly when it is not

achieving optimal blood glucose control.

Method of insulin delivery

•
The GDG acknowledged that the availability of different methods for insulin delivery varies across

countries and in various contexts and settings (e.g. twice daily injections, multiple daily injections,

continuous subcutaneous insulin infusion, automated insulin delivery systems).

24

Frequency of insulin injections

•
Based on physiological evidence, insulin resistance increases during the second and third trimesters of

pregnancy (47). The GDG acknowledged that, although the evidence on the frequency of insulin injections

in pregnant women with type 1 diabetes is limited, increased frequency of insulin injections or continuous

subcutaneous insulin infusion may be required. Indirect evidence from the systematic review of evidence

conducted to inform this guideline suggests improved glycaemic control with four times compared to

twice daily injections in women with GDM. Automated insulin delivery systems and/or hybrid closed loop

therapy may also be a consideration, as available.

Timing of insulin

•
The GDG acknowledged that the study included in the systematic review that addressed this question did

not provide evidence of a clear difference in benefits and harms between different timings of insulin during

pregnancy (e.g. before or after meals). Indirect evidence (in non-pregnant type 1 diabetes populations)

suggests that insulin before meals is advisable (48).

Adjunctive metformin

•
Although the GDG prioritized this question, the systematic review identified no randomized trials

investigating the use of adjunctive metformin for women with type 1 diabetes in pregnancy.

Desirable and undesirable effects of insulin types

•
The systematic review conducted to inform this guideline identified the following comparisons and findings.

The GDG acknowledged that changes in the market mean that some medications may become unavailable

and that new products may become available and trigger review of the guidelines as evidence emerges."
large-local-384,who_en_care_actions,1,WHO_recommendations_on_care_for_women_wi_p3_c1,not_relevant,,,unjudged,unjudged,deterministic certified source/page/section/anchor match,certified_anchor_oracle,not_relevant,WHO recommendations on care for women with diabetes during pregnancy.pdf,3,,0.8747,"WHO recommendations on
care for women with diabetes

during pregnancy"
large-local-384,who_en_care_actions,2,WHO_recommendations_on_care_for_women_wi_p1_c0,not_relevant,,,unjudged,unjudged,deterministic certified source/page/section/anchor match,certified_anchor_oracle,not_relevant,WHO recommendations on care for women with diabetes during pregnancy.pdf,1,,0.8747,"WHO recommendations on
care for women with diabetes

during pregnancy"
large-local-384,who_en_care_actions,3,WHO_recommendations_on_care_for_women_wi_p72_c99,not_relevant,,,unjudged,unjudged,deterministic certified source/page/section/anchor match,certified_anchor_oracle,not_relevant,WHO recommendations on care for women with diabetes during pregnancy.pdf,72,"Annex 3.
Summary and management
of declared interests from
GDG members",0.8564,"WHO recommendations on care for women with diabetes during pregnancy

56"
large-local-384,who_en_care_actions,4,WHO_recommendations_on_care_for_women_wi_p36_c48,not_relevant,,,unjudged,unjudged,deterministic certified source/page/section/anchor match,certified_anchor_oracle,not_relevant,WHO recommendations on care for women with diabetes during pregnancy.pdf,36,"3.1.2
Glucose monitoring",0.84,"WHO recommendations on care for women with diabetes during pregnancy

•
Although findings vary, some women with GDM find blood glucose monitoring to be a useful way of

managing their condition without the use of insulin ( moderate confidence ) (37). However, some women

with GDM find blood glucose monitoring to be time consuming and socially isolating ( moderate confidence )

(33), with some expressing concern about the associated pain and potential bleeding ( moderate

confidence ) (33, 35). In addition, for women unused to the routine of blood glucose monitoring, there was

a tendency to forget to test at regular intervals ( moderate confidence ) (38). The use of smartphone apps or

health centre reminders sometimes negated this problem ( low confidence ) (38).

Feasibility

•
While the QES found no direct evidence regarding the feasibility of different monitoring systems from the

perspective of health-care providers (16), indirect evidence suggests that some may require additional

training to better understand the management of diabetes during pregnancy ( moderate confidence )

and that some find guidelines and protocols for diabetes management (including monitoring) during

pregnancy to be inconsistent, confusing and occasionally outdated ( moderate confidence ).

Glycated haemoglobin (HbA1c)

Recommendations

8
For pregnant women with type 1 or type 2 diabetes, measure HbA1c in the first trimester or as soon as antenatal

care is initiated.

20

9
For women with gestational diabetes, do not routinely measure HbA1c.

Rationale

•
HbA1c is used to reflect average plasma glucose over the last 8 to 12 weeks and is recommended by

WHO to establish the diagnosis of type 2 diabetes and monitor glycaemic control in people with diabetes

outside of pregnancy (28).

•
In light of a lack of empirical evidence on health benefits of measuring HbA1c for pregnant women with

diabetes, the GDG developed recommendations based on the capacity for testing of HbA1c early in

pregnancy for women with type 1 or type 2 diabetes to act as an adjunct to risk stratification (e.g. in

identifying risk for serious complications). The GDG acknowledged that HbA1c is not useful in caring for

women with GDM.

Remarks

Availability

•
The availability and affordability of HbA1c testing varies between countries and health-care settings (43).

Follow-up after testing

•
Follow-up after HbA1c testing will depend on the individual woman’s results and available resources.

Routine use

•
While Recommendation 9 advises against routinely recommending HbA1c measurement in women with

GDM, this does not preclude its use in clinical contexts where its use could potentially improve outcomes."
large-local-384,who_en_care_actions,5,WHO_recommendations_on_care_for_women_wi_p34_c46,relevant,,,unjudged,unjudged,deterministic certified source/page/section/anchor match,certified_anchor_oracle,relevant,WHO recommendations on care for women with diabetes during pregnancy.pdf,34,"3.1.2
Glucose monitoring",0.8063,"WHO recommendations on care for women with diabetes during pregnancy

–
support the woman in monitoring blood glucose;

–
support the woman in maintaining target glucose levels;

–
effectively manage the use of insulin and/or oral glucose-lowering agents in pregnancy;

–
provide individualized dietary and activity advice, education and support;

–
undertake and respond to appropriate fetal surveillance.

Equity and human rights

•
Indirect evidence from the QES (16) indicates that specialized services may not be available in all settings,

particularly in low-income contexts ( l ow confidence ).

•
In addition, where specialized services are available, the additional costs associated with attendance

(transportation, childcare, time away from work) may be prohibitive for some women, especially those on

low incomes and/or those requiring extra clinic visits to support other aspects of their antenatal care and/

or diabetic management ( low confidence ).

Feasibility

•
Indirect evidence from the QES (16) suggests that health-care providers recognize the importance of inter-

professional collaboration and a multidisciplinary team approach to care ( moderate confidence ).

•
Indirect evidence from the same review (16) suggests that some health-care providers would like more

18

specialized training to better understand diabetes management during pregnancy ( moderate confidence ).

3.1.2
Glucose monitoring

Mode of glucose monitoring

Recommendations

5
For pregnant women with type 1, type 2 or gestational diabetes, recommend SMBG in addition to routine care,

where feasible.

6
For pregnant women with type 1 diabetes, recommend the use of a CGM system, where feasible.

7
For pregnant women with type 2 or gestational diabetes, do not routinely recommend use of a CGM system.

Rationale

•
Regular monitoring of blood glucose levels, and recognizing when they are low or high, is crucial to

managing diabetes during pregnancy and preventing complications. Women using insulin or other

glucose-lowering agents require more frequent monitoring.

•
The GDG noted that SMBG has been standard care for people with type 1 diabetes since the mid- to late-

1980s and it is unethical not to offer it in this population.

•
In the context of potential harm to the developing baby from both hypoglycaemia and hyperglycaemia

and limited empirical evidence on the harms and benefits of different modes of glucose monitoring during

pregnancy, these recommendations provide guidance on the appropriate mode of monitoring for the

different types of diabetes."
large-local-384,no_evidence_en_vague,1,Availability__price_and_affordability_of_p5_c4,not_relevant,,,unjudged,unjudged,deterministic certified source/page/section/anchor match,certified_anchor_oracle,not_relevant,"Availability, price and affordability of health technologies for the management of diabetes.pdf",5,Acknowledgemen,0.3954,"|  | Contents |
| --- | --- |"
large-local-384,no_evidence_en_vague,2,Availability__price_and_affordability_of_p43_c71,not_relevant,,,unjudged,unjudged,deterministic certified source/page/section/anchor match,certified_anchor_oracle,not_relevant,"Availability, price and affordability of health technologies for the management of diabetes.pdf",43,"3. Results
3. Results",0.3923,"|  |  | Discussion |
| --- | --- | --- |"
large-local-384,no_evidence_en_vague,3,WHO_recommendations_on_care_for_women_wi_p71_c98,not_relevant,,,unjudged,unjudged,deterministic certified source/page/section/anchor match,certified_anchor_oracle,not_relevant,WHO recommendations on care for women with diabetes during pregnancy.pdf,71,"Annex 3.
Summary and management
of declared interests from
GDG members",0.3342,55
large-local-384,no_evidence_en_vague,4,Prevention_and_control_of_diabetes_melli_p20_c24,not_relevant,,,unjudged,unjudged,deterministic certified source/page/section/anchor match,certified_anchor_oracle,not_relevant,Prevention and control of diabetes mellitus Lessons for service delivery from countries in the WHO South-East Asia Region.pdf,20,Executive summary,0.3187,"|  |  | 6 |
| --- | --- | --- |"
large-local-384,no_evidence_en_vague,5,Availability__price_and_affordability_of_p49_c84,not_relevant,,,unjudged,unjudged,deterministic certified source/page/section/anchor match,certified_anchor_oracle,not_relevant,"Availability, price and affordability of health technologies for the management of diabetes.pdf",49,"Availability, price and affordability of health technologies for the management of diabetes",0.2913,"|  |  | Annexes |
| --- | --- | --- |"
large-local-384,no_evidence_ar_vague,1,Availability__price_and_affordability_of_p43_c71,not_relevant,,,unjudged,unjudged,deterministic certified source/page/section/anchor match,certified_anchor_oracle,not_relevant,"Availability, price and affordability of health technologies for the management of diabetes.pdf",43,"3. Results
3. Results",0.3829,"|  |  | Discussion |
| --- | --- | --- |"
large-local-384,no_evidence_ar_vague,2,Availability__price_and_affordability_of_p5_c4,not_relevant,,,unjudged,unjudged,deterministic certified source/page/section/anchor match,certified_anchor_oracle,not_relevant,"Availability, price and affordability of health technologies for the management of diabetes.pdf",5,Acknowledgemen,0.346,"|  | Contents |
| --- | --- |"
large-local-384,no_evidence_ar_vague,3,WHO_recommendations_on_care_for_women_wi_p71_c98,not_relevant,,,unjudged,unjudged,deterministic certified source/page/section/anchor match,certified_anchor_oracle,not_relevant,WHO recommendations on care for women with diabetes during pregnancy.pdf,71,"Annex 3.
Summary and management
of declared interests from
GDG members",0.3235,55
large-local-384,no_evidence_ar_vague,4,Prevention_and_control_of_diabetes_melli_p20_c24,not_relevant,,,unjudged,unjudged,deterministic certified source/page/section/anchor match,certified_anchor_oracle,not_relevant,Prevention and control of diabetes mellitus Lessons for service delivery from countries in the WHO South-East Asia Region.pdf,20,Executive summary,0.3075,"|  |  | 6 |
| --- | --- | --- |"
large-local-384,no_evidence_ar_vague,5,IDF_Diabetes_Atlas_11th_Edition_2025_WEB_p14_c18,not_relevant,,,unjudged,unjudged,deterministic certified source/page/section/anchor match,certified_anchor_oracle,not_relevant,IDF_Diabetes_Atlas_11th_Edition_2025_WEB.pdf,14,Key messages:,0.2769,"|  | 366 |
| --- | --- |
| 285 |  |"
large-local-384,no_evidence_en_type2_cross_condition,1,IDF_Diabetes_Atlas_11th_Edition_2025_WEB_p94_c151,not_relevant,,,unjudged,unjudged,deterministic certified source/page/section/anchor match,certified_anchor_oracle,not_relevant,IDF_Diabetes_Atlas_11th_Edition_2025_WEB.pdf,94,Key messages:,0.8073,"Key messages:

People with type 2 diabetes are at higher risk of
cardiovascular diseases, including a 72% higher
risk of heart attack, a 52% higher risk of stroke,
and an 84% higher risk of heart failure.

People with diabetes have a 56% higher risk of
dementia compared with people who do not
have diabetes.

The earlier someone develops type 2 diabetes,
the higher their chance of dementia in later life.

Close to one in four adults with diabetes have
some form of diabetes-related retinopathy.

More than one in ten people with some form of
diabetes-related retinopathy are at risk of losing
their vision or have lost it already.

IDF Diabetes Atlas 11th Edition - 2025 | diabetesatlas.org | 89"
large-local-384,no_evidence_en_type2_cross_condition,2,Guidance_on_global_monitoring_for_diabet_p61_c106,not_relevant,,,unjudged,unjudged,deterministic certified source/page/section/anchor match,certified_anchor_oracle,not_relevant,"Guidance on global monitoring for diabetes prevention and control Framework, indicators and application.pdf",61,Risk factors,0.7515,"Risk factors

General population. Population with diabetes.

49"
large-local-384,no_evidence_en_type2_cross_condition,3,IDF_Diabetes_Atlas_11th_Edition_2025_WEB_p22_c27,not_relevant,,,unjudged,unjudged,deterministic certified source/page/section/anchor match,certified_anchor_oracle,not_relevant,IDF_Diabetes_Atlas_11th_Edition_2025_WEB.pdf,22,1.2 Type 2 diabetes,0.741,"Type 2 diabetes may have symptoms similar to those
of type 1 diabetes, but the onset is typically much less
dramatic and often completely asymptomatic. The
lack of symptoms makes the exact time of the onset
of type 2 diabetes difficult or impossible to determine.
As a result, there is often a long period before the
diabetes is diagnosed. At any given time, as many as
one-third to one-half of people with type 2 diabetes in
the population may be undiagnosed. If the diagnosis
is delayed for a prolonged time, complications may
develop. 19,20 Many are diagnosed because they already
have one or more of the complications associated with
the condition. Living with type 1 diabetes remains a challenge for
a child and the whole family, even in countries with
access to multiple daily injections or an insulin pump,
glucose monitoring, structured diabetes education
(including insulin adjustments, physical activity and
a healthy diet) and expert medical care. Besides the
acute complications of hypoglycaemia (abnormally
low blood glucose) and DKA, suboptimal glycaemic
control may lead to poor growth and the early onset
of circulatory (or ‘vascular’) complications. 14 Optimal
care is now recognised to be the use of an automated
insulin delivery system that combines an insulin
pump and a continuous glucose monitor, but this is
an expensive approach which, as yet, is only widely
available in some high-income countries. The causes of type 2 diabetes are not completely
understood, but there is a strong link with excess
body weight, higher age, ethnicity and a family history
of diabetes. Contributors to type 2 diabetes risk are
thought to include multi-gene predisposition and
environmental triggers. In many countries, especially in economically
disadvantaged families, access to insulin and self-care
tools, including structured diabetes education, can
be limited. 15 This may lead to serious acute and
chronic complications which can result in early
death or severe disability. 16 The cornerstone of type 2 diabetes management
is promoting a lifestyle that includes a healthy diet,
regular physical activity, smoking cessation and
maintenance of healthy body weight. If changes to
lifestyle are not sufficient to control blood glucose
levels, oral medication is usually initiated, with
metformin as the first-line medication. 1.2 Type 2 diabetes Type 2 diabetes is the most common type of diabetes,
accounting for over 90% of all diabetes worldwide. It
is currently the 8th leading cause of disease burden 17 If treatment with a single medication is not sufficient,
a range of combination therapy options are also
available. These include sulphonylureas, alpha
glucosidase inhibitors, thiazolidinediones, dipeptidyl
peptidase 4 (DPP-4) inhibitors, glucagon-like peptide
1 receptor (GLP-1R) gastric inhibitory peptide
(GIP) agonists, and sodium-glucose co-transporter
2 inhibitors."
large-local-384,no_evidence_en_type2_cross_condition,4,IDF_Diabetes_Atlas_11th_Edition_2025_WEB_p95_c153,not_relevant,,,unjudged,unjudged,deterministic certified source/page/section/anchor match,certified_anchor_oracle,not_relevant,IDF_Diabetes_Atlas_11th_Edition_2025_WEB.pdf,95,5.1 Type 2 Diabetes and the risk of cardiovascular diseases,0.7153,"<42 mmol/mol), respectively. 23 Considerable differences between the studies reflect,
in part, adjustments for conventional risk factors, but
other factors are also likely to be relevant, especially
in the context of heart failure, which could reflect
different diagnostic practices across countries. Notably, the greater relative risk of CVD events in
women with diabetes is likely due to the low risk
in women without diabetes, though absolute risk
remains higher in men with T2D. 22 The absolute
lifetime risk is, however, substantially greater in
people who develop T2D when much younger (e.g.
<40 years) as compared to later in life, linked to far A major limitation of these cardiovascular findings
is the lack of data from low- and middle-income
countries (LMICs), making it impossible to estimate
the true burden of non-fatal CVD among people
with T2D in these regions. 90 | IDF Diabetes Atlas 11th Edition - 2025 | diabetesatlas.org"
large-local-384,no_evidence_en_type2_cross_condition,5,IDF_Diabetes_Atlas_11th_Edition_2025_WEB_p18_c22,not_relevant,,,unjudged,unjudged,deterministic certified source/page/section/anchor match,certified_anchor_oracle,not_relevant,IDF_Diabetes_Atlas_11th_Edition_2025_WEB.pdf,18,Key messages:,0.7058,"Key messages:

Diabetes is a serious, chronic condition that occurs
when the body cannot produce enough insulin or
cannot effectively use the insulin it does produce,
leading to high levels of glucose (hyperglycaemia).

Type 1 diabetes is the major type of diabetes in
children and young adults but can occur at any age.
People with type 1 diabetes require insulin to survive.

Type 2 diabetes accounts for the vast majority
(over 90%) of diabetes cases worldwide.

Type 2 diabetes can be prevented or delayed, and
there is accumulating evidence that remission of
type 2 diabetes may be possible in the early
stages of the condition.

‘Prediabetes’ or ‘Intermediate Hyperglycaemia’ are
terms used to describe impaired glucose tolerance
and/or impaired fasting glucose. People with
prediabetes are at higher risk of developing type
2 diabetes, cardiovascular disease and stroke.

Women with gestational diabetes (GDM) are at
increased risk of birth complications. Regular
prenatal care is essential to monitor and address
potential complications promptly.

IDF Diabetes Atlas 11th Edition - 2025 | diabetesatlas.org | 13"
large-local-384,no_evidence_ar_type1_cross_condition,1,Guidance_on_global_monitoring_for_diabet_p55_c94,not_relevant,,,unjudged,unjudged,deterministic certified source/page/section/anchor match,certified_anchor_oracle,not_relevant,"Guidance on global monitoring for diabetes prevention and control Framework, indicators and application.pdf",55,Service delivery,0.7475,"Indicators and metadata

23. 	Treatment with glucose-lowering medication among people with diabetes

43"
large-local-384,no_evidence_ar_type1_cross_condition,2,IDF_Diabetes_Atlas_11th_Edition_2025_WEB_p21_c26,not_relevant,,,unjudged,unjudged,deterministic certified source/page/section/anchor match,certified_anchor_oracle,not_relevant,IDF_Diabetes_Atlas_11th_Edition_2025_WEB.pdf,21,1.1 Type 1 diabetes,0.6748,"appropriate range.
Without insulin replacement therapy, they would
not survive. However, with daily insulin treatment,
regular blood or interstitial fluid glucose monitoring,
education and support, they can live healthy lives and
delay or prevent many of the complications associated
with diabetes. Clinical (stage 3) type 1 diabetes is diagnosed by an
elevated blood glucose concentration (Figure 1.1) in
the presence of some or, rarely, all the symptoms
listed in Figure 1.2. However, diagnosing the type of
diabetes is sometimes difficult, and additional testing
may be required to distinguish between type 1, type 2,
and rarer forms of monogenic diabetes. 9,10 Figure 1.2 The typical symptoms of type 1 diabetes Constant hunger Excessive thirst Frequent urination Lack of energy or bedwetting or fatigue Diabetic
ketoacidosis Blurred vision Sudden weight Loss 16 | IDF Diabetes Atlas 11th Edition - 2025 | diabetesatlas.org"
large-local-384,no_evidence_ar_type1_cross_condition,3,Guidance_on_global_monitoring_for_diabet_p51_c86,not_relevant,,,unjudged,unjudged,deterministic certified source/page/section/anchor match,certified_anchor_oracle,not_relevant,"Guidance on global monitoring for diabetes prevention and control Framework, indicators and application.pdf",51,Service delivery,0.6653,"Indicators and metadata

19. 	Blood glucose measurement among people with diabetes

39"
large-local-384,no_evidence_ar_type1_cross_condition,4,Availability__price_and_affordability_of_p53_c89,not_relevant,,,unjudged,unjudged,deterministic certified source/page/section/anchor match,certified_anchor_oracle,not_relevant,"Availability, price and affordability of health technologies for the management of diabetes.pdf",53,Annex 3. List of publications compiled by this scoping review,0.6629,"Annex 3. List of publications compiled by this scoping review

Annexes

1
Insulin Availability Among
International Diabetes
Federation Member
Associations Report of
the Task Force on Insulin
Distribution

Deeb
1994
60 coun­
tries

Mainly insulin. Availability of syringes 42% of the
countries. Glucometers were used in 49 countries (81%).

DM
Survey

2
Home monitoring of blood
glucose (HMBG) in Type-
2 Diabetes mellitus in a
developing country

Kibriya
1999
Bangla­
desh

Home Monitoring of Blood Glucose pack. Glucometer
cost: 131.3 USD Test strips cost: 12.62 for 25 strips (1 strip
0.5 USD), 100 strips 50.5 USD (1 USD = 49.5 Taka).

T2DM
Cost-
effectiveness
evaluation

3
Excess costs of medical care
1 and 8 years after diagnosis
of diabetes: estimates from
young and middle-aged
incidence cohorts in Sweden

Jonsson
2000
Sweden
Excess cost. Use. Annual cost strips. Strips' cost exceeds
the cost of insulin. The use of blood glucose test strips
was $321 in women compared to $177 USD in men

T1DM
and
T2DM

Cohort study

4
Is access to Insulin, Insulin
supplies and Education
a Democratic Right for
All People Affected by
Diabetes?

Murray
2000
16 coun­
tries Cen­
tral and
Eastern
Europe

Insulin and glucose strip cost. 50 strips 14-57 USD.
Cost per strip 0.28–1.14 USD. Cost Barriers: access
in rural areas was a concern, cost, supply shortages,
transportation difficulties, lack of education for patients,
lack of trained personnel. Syringes and pens were
reported to be available for free. Insulin cost was 5-18
USD.

DM
Survey

5
Final report of the
International Insulin
Foundation on the rapid
assessment protocol for
insulin access in Zambia

International
Insulin
Foundation

2004
Zambia
Syringe cost $0.15-1.15 USD. Glucometer availability 42-
61% of facilities. Strips availability 17-32% of facilities.
Cost per strip $0.58-0.74 USD. Blood glucose test cost
$1.06-51.06 USD per month. Barriers: long distance to
care and additional travel expenses, health workers and
patients lack knowledge of diabetes. Recommendations:
Improve acquisition process to ensure lowest possible
cost. Relative success of DAZ Diabetes Association of
Zambia increasing access to diabetes care (RAPIA)

T1DM
Report

41"
large-local-384,no_evidence_ar_type1_cross_condition,5,IDF_Diabetes_Atlas_11th_Edition_2025_WEB_p20_c24,not_relevant,,,unjudged,unjudged,deterministic certified source/page/section/anchor match,certified_anchor_oracle,not_relevant,IDF_Diabetes_Atlas_11th_Edition_2025_WEB.pdf,20,Key messages:,0.6474,"Figure 1.1 Diagnostic criteria for diabetes. 1

Impaired Glucose

Impaired Fasting

Diabetes

Tolerance

Glucose (IFG)

Should be diagnosed if

Should be diagnosed if
THE FIRST OR BOTH of

Should be diagnosed
if ONE OR MORE of the
following criteria are met

BOTH of the following

criteria are met

the following are met

mmol/L
< 7.0

mmol/L
6.1–6.9

mmol/L
7.0

Fasting plasma

glucose

(126 mg/dL)

(110 - 125 mg/dL)

(126 mg/dL)

or
and
and if measured

mmol/L
< 7.8

mmol/L
11.1

Two-hour
plasma glucose

mmol/L
7.8 and < 11.1

after a 75g oral glucose

load (oral glucose
tolerance test (OGTT))

(140-199 mg/dL)

(140 mg/dL)

(200 mg/dL)

or

mmol/L
48

HbA1c

(equivalent to 6.5%)

or

mmol/L
11.1

Random plasma

glucose

in the presence of symptoms

of hyperglycaemia

(200 mg/dL)

Note: Fasting is defined as no caloric intake for at least eight hours.

The HbA1c test should be performed in a laboratory using a method that is National Glycohaemoglobin Certification
Program (NGSP) certified and standardised to the Diabetes Control and Complications Trial assay.

The two-hour postprandial plasma glucose test should be performed using a glucose load containing the equivalent
of 75-g anhydrous glucose dissolved in water.

In the absence of symptoms of hyperglycaemia, two abnormal tests are required for the diagnosis of diabetes.

The American Diabetes Association (ADA) (2) recommends diagnosing “prediabetes” with a fasting plasma glucose
between 5.6 and 6.9 mmol/L (100mg/dL to 125mg/dL: impaired fasting glucose), a 2-h plasma glucose ≥ 7.8 and
<11.1 mmol/L (140–200 mg/dl: impaired glucose tolerance) or HbA1c values between 39 and 47 mmol/mol (5.7–6.4%). 2

IDF Diabetes Atlas 11th Edition - 2025 | diabetesatlas.org | 15"
large-local-384,no_evidence_en_football,1,IDF_Diabetes_Atlas_11th_Edition_2025_WEB_p88_c140,not_relevant,,,unjudged,unjudged,deterministic certified source/page/section/anchor match,certified_anchor_oracle,not_relevant,IDF_Diabetes_Atlas_11th_Edition_2025_WEB.pdf,88,"Figure 4.5 Estimated prevalence (%) of diabetes by age and sex, IDF South and Central America
Region 2024.",0.3842,"| Top 5 countries |  |  |
| --- | --- | --- |
|  | 2024 | 2050 |
| Top five countries for number of people with diabetes (20-79 years) |  |  |
| Brazil | 17.0m | 24.0m |
| Argentina | 4.3m | 5.9m |
| Colombia | 3.0m | 4.3m |
| Chile | 1.9m | 2.4m |
| Venezuela | 1.6m | 2.4m |
| Top five countries for age-standardised prevalence of people with diabetes (20-79 years) |  |  |
| Dominican Republic | 17.6% | 19.9% |
| Argentina | 14.0% | 15.4% |
| Guatemala | 13.2% | 13.8% |
| El Salvador | 12.7% | 14.8% |
| Chile | 12.2% | 13.7% |"
large-local-384,no_evidence_en_football,2,IDF_Diabetes_Atlas_11th_Edition_2025_WEB_p82_c128,not_relevant,,,unjudged,unjudged,deterministic certified source/page/section/anchor match,certified_anchor_oracle,not_relevant,IDF_Diabetes_Atlas_11th_Edition_2025_WEB.pdf,82,"Figure 4.2 Estimated prevalence (%) of diabetes by age and sex, IDF Europe Region 2024.",0.3807,"| Top 5 countries |  |  |
| --- | --- | --- |
|  | 2024 | 2050 |
| Top five countries for number of people with diabetes (20-79 years) |  |  |
| Turkey | 9.6m | 14.1m |
| Russian Federation | 7.6m | 7.7m |
| Germany | 6.5m | 6.1m |
| Italy | 5.0m | 4.7m |
| Spain | 4.7m | 4.9m |
| Top five countries for age-standardised prevalence of people with diabetes (20-79 years) |  |  |
| Turkey | 16.5% | 18.6% |
| Montenegro | 10.7% | 12.3% |
| Albania | 10.6% | 12.3% |
| Portugal | 10.5% | 12.2% |
| Croatia | 10.5% | 12.2% |"
large-local-384,no_evidence_en_football,3,Availability__price_and_affordability_of_p20_c27,not_relevant,,,unjudged,unjudged,deterministic certified source/page/section/anchor match,certified_anchor_oracle,not_relevant,"Availability, price and affordability of health technologies for the management of diabetes.pdf",20,"2.3
Online Survey",0.3784,"3. Results

World Diabetes Day, Brazzaville Congo 2019 © WHO/Marta Villa Monge"
large-local-384,no_evidence_en_football,4,Prevention_and_control_of_diabetes_melli_p84_c115,not_relevant,,,unjudged,unjudged,deterministic certified source/page/section/anchor match,certified_anchor_oracle,not_relevant,Prevention and control of diabetes mellitus Lessons for service delivery from countries in the WHO South-East Asia Region.pdf,84,References,0.3669,"References 1.
World Health Organization (2024). Diabetes. Geneva: World Health Organization; 2024. (https ://
www.who.int/news-room/fact-sheets/detail/diabetes, accessed 23 November 2025). 2.
World Health Organization (2025). Noncommunicable Diseases Data Portal. Geneva: World Health
Organization; 2025 (https://ncdportal.org/, accessed 23 November 2025). 3.
World Health Organization (2024). Probability of dying between exact ages 30 and 70 from
cardiovascular disease, cancer, diabetes, or chronic respiratory diseases (Global Health Estimates,
2024). Geneva: World Health Organization; 2024 (https://www.who.int/data/gho/data/indicators/
indicator-details/GHO/probability-of-dying-between-exact-ages-30-and-70-from-any-of-
cardiovascular-disease-cancer-diabetes-or-chronic-respiratory-(-), accessed 23 November 2025) 4.
World Health Organization (2022).  Resolutions and Decisions, Seventy‑fifth World Health
Assembly: Recommendations to strengthen and monitor diabetes responses within national
noncommunicable disease programmes, including targets, A75_REC1, p. 95. Geneva: World Health
Organization; 2022 (https://apps.who.int/gb/ebwha/pdf_files/WHA75-REC1/A75_REC1_Interactive_
en.pdf, accessed 23 November 2025) Prevention and control of diabetes mellitus: Lessons for service delivery from countries in the WHO South-East Asia Region 5.
World Health Organization (2020). HEARTS D: Diagnosis and management of type 2 diabetes.
Geneva: World Health Organization; 2020. WHO reference number WHO/UCN/NCD/20.1. (https ://
www.who.int/publications/i/item/who-ucn-ncd-20.1, accessed 23 November 2025) 6.
World Health Organization Regional Office for South‑East Asia (2023). SEAHEARTS: Accelerating
prevention and control of cardiovascular diseases in the South‑East Asia Region. New Delhi: WHO
SEARO; 2023. WHO reference number SEA‑RC76‑R5. (https ://www.who.int/publications/i/item/
SEA‑RC76‑R5, accessed 23 November 2025). 7.
World Health Organization Regional Office for South‑East Asia (2024). Colombo Call to Action:
Strengthening prevention and control of diabetes in the WHO South‑East Asia Region. Regional
Commemoration of World Diabetes Day, 2024, Colombo, Sri Lanka. WHO SEARO; 2024
(https://cdn.who.int/media/docs/default-source/diabetes/colombo-declaration-call-to-action.
pdf?sfvrsn=62d54183_3, accessed 23 November 2025) 8.
World Health Organization (2021). The Global Diabetes Compact: What you need to know. Geneva:
World Health Organization; 2021. (7 p.). WHO/NCD/2021. (https://www.who.int/publications/m/
item/the-global-diabetes-compact, accessed 23 November 2025). 9.
NCD Risk Factor Collaboration (NCD‑RisC) (2024). Worldwide trends in diabetes prevalence and
treatment from 1990 to 2022: a pooled analysis of 1108 population‑representative studies with
141 million participants. The Lancet. 2024;404(10467):2021–2130. (https://www.thelancet.com/
journals/lancet/article/PIIS0140-6736(24)02317-1/fulltext, accessed 23 November 2025)."
large-local-384,no_evidence_en_football,5,IDF_Diabetes_Atlas_11th_Edition_2025_WEB_p80_c124,not_relevant,,,unjudged,unjudged,deterministic certified source/page/section/anchor match,certified_anchor_oracle,not_relevant,IDF_Diabetes_Atlas_11th_Edition_2025_WEB.pdf,80,Key messages:,0.3606,"| Top 5 countries |  |  |
| --- | --- | --- |
|  | 2024 | 2050 |
| Top five countries for number of people with diabetes (20-79 years) |  |  |
| Nigeria | 3.0m | 6.6m |
| United Republic of Tanzania | 2.9m | 7.6m |
| Democratic Republic of the Congo | 2.9m | 7.3m |
| South Africa | 2.3m | 4.0m |
| Ethiopia | 2.3m | 6.0m |
| Top five countries for age-standardised prevalence of people with diabetes (20-79 years) |  |  |
| Sao Tome and Principe | 12.1% | 13.7% |
| Comoros | 10.8% | 12.7% |
| Zambia | 10.3% | 12.5% |
| United Republic of Tanzania | 9.8% | 11.2% |
| Seychelles | 10.1% | 10.1% |"
large-local-384,no_evidence_ar_out_of_scope,1,Prevention_and_control_of_diabetes_melli_p58_c77,not_relevant,,,unjudged,unjudged,deterministic certified source/page/section/anchor match,certified_anchor_oracle,not_relevant,Prevention and control of diabetes mellitus Lessons for service delivery from countries in the WHO South-East Asia Region.pdf,58,Case study 5,0.264,"total target population of 9.8 million. The
project strengthened integrated DM/TB
service delivery by collaborating closely with
provincial and district health authorities,
reaching both urban and rural populations
through 33 public health centres. The project
was implemented between 2012 and 2016. to the primary-level health-care staff and
community health workers to strengthen
community-level understanding. Government laboratories in primary care
were used for bidirectional screening
and the capability of primary health care
clinics to conduct sputum examination
was strengthened. Interventions such as
establishment of sputum booths outside
primary care facilities to reduce the risk of
nosocomial transmission within the health
facility and administration of expectorants
to patients with dry cough to facilitate the
production of sputum were initiated. Implementation approach: The project
approach was aligned with WHO and
International Union Against Tuberculosis
and Lung Disease (the Union)’s framework
for collaborative activities to address the dual
burden of TB and diabetes. The approach was
based on the establishment of a collaborative
framework for diabetes and TB detection,
management and care at provincial and
district levels, created through roundtable
discussions between the existing TB and
diabetes programmes. TB and diabetes
services are provided at different facilities
and by different health workers. Patients
diagnosed with one condition are screened
for the other and cross-referred between the
two programmes to ensure continuity of care
and follow-up. Prevention and control of diabetes mellitus: Lessons for service delivery from countries in the WHO South-East Asia Region The project sought to ensure continuity of
care and management, not just screening.
Strong referral systems were established
for persons with diabetes who screened
positive for TB symptoms at the primary
level; they were referred to the hospital for
X-ray and back to the primary care centre
for continuation of treatment. Similarly, TB
patients were offered blood glucose testing
and when diabetes was detected, treatment
was initiated in line with national guidelines.
Some asymptomatic patients were lost to
follow-up during the X-ray stage; however, the
referral algorithm was refined to strengthen
tracking and communication between
facilities. Training guidelines were developed for
primary care providers (programme
coordinator of TB and NCD at primary care
level, usually a doctor or a nurse) on early
detection and management of TB and
diabetes, along with a module for training
of trainers. Specific modules for community
health workers were designed to support
early detection and health education efforts at
the community level. The materials developed
were aligned with national guidelines to
facilitate consistent and quality care delivery
across different levels of the health system
and also to ensure sustainability beyond the
project."
large-local-384,no_evidence_ar_out_of_scope,2,Guidance_on_global_monitoring_for_diabet_p31_c47,not_relevant,,,unjudged,unjudged,deterministic certified source/page/section/anchor match,certified_anchor_oracle,not_relevant,"Guidance on global monitoring for diabetes prevention and control Framework, indicators and application.pdf",31,Health system determinants,0.2451,"| Indicator name | Existence and implementation of policies and/or legislation for diabetes prevention |
| --- | --- |
| Purpose | To assess the availability of governance mechanisms for diabetes prevention. |
| Definition | Country has adopted policies and/or legislation aimed at preventing diabetes and its risk factors, and the policies and/or legislation are currently being implemented. National diabetes prevention policies include the country’s vision, priorities, budgetary decisions and course of action for diabetes prevention. A policy or legislation may be an independent diabetes prevention policy/legislation or part of a comprehensive noncommunicable diseases policy/legislation. This indicator excludes assessment of tax laws. |
| Numerator | Not applicable |
| Denominator | Not applicable |
| Method of estimation | Country can respond “Yes” to the question “Has the country adopted national policies and/or legislation aimed at preventing diabetes and its risk factors?” and needs to provide a copy of the policies and legislations and the latest report on their implementation. Existence of policies and/or legislation is validated by examining policy/ legislation documents and implementation is validated by examining the latest report detailing the execution of policies and legislations. The indicator is considered “Yes” if the country has adopted policies and/or legislation aimed at preventing diabetes and its risk factors, that are currently being implemented. The indicator is considered “Partially yes” if the country has adopted policies and/or legislation aimed at preventing diabetes and its risk factors, but these are not currently being implemented. The indicator is considered “No” if the country has not adopted policies and/or legislation. |
| Disaggregation | Policy/legislation |
| Sources of data | NCD country capacity survey, other survey, country report |
| Limitations/comments | An acceptable minimum number of policies and/or legislation implemented according to plan must be defined every evaluation period to consider the policies and/or legislation as currently implemented. |
| Related links | WHO Noncommunicable disease surveillance, monitoring and reporting: NCD country capacity survey [website]. Geneva: World Health Organization; 2023 (https://www.who.int/teams/ncds/surveillance/monitoring-capacity/ ncdccs, accessed 26 May 2024). |"
large-local-384,no_evidence_ar_out_of_scope,3,IDF_Diabetes_Atlas_11th_Edition_2025_WEB_p69_c107,not_relevant,,,unjudged,unjudged,deterministic certified source/page/section/anchor match,certified_anchor_oracle,not_relevant,IDF_Diabetes_Atlas_11th_Edition_2025_WEB.pdf,69,"Figure 3.12 Diabetes-related health expenditure as a percentage of Gross Domestic Product
(GDP) by World Bank income classification, 2024.",0.2298,"expenditure as a percentage of GDP is highest
amongst high-income countries (1.4%), followed by
middle income countries (1.3%), and followed distantly
by low-income countries (0.8%) (Figure 3.12).

Diabetes-related health expenditure as a percentage
of Gross Domestic Product (GDP) is highest in the
SACA Region at 2.5%, followed by 1.9% in the NAC
Region (Figure 3.11). When considering World
Bank income classification, diabetes-related health

Figure 3.12 Diabetes-related health expenditure as a percentage of Gross Domestic Product
(GDP) by World Bank income classification, 2024.

1.6

1.4

1.4

1.3

1.2

Percentage of GDP (%)

1.0

0.8

0.8

0.6

0.4

0.2

0.0

High-income countries
Middle-income countries
Low-income countries

World bank income classification

64 | IDF Diabetes Atlas 11th Edition - 2025 | diabetesatlas.org"
large-local-384,no_evidence_ar_out_of_scope,4,IDF_Diabetes_Atlas_11th_Edition_2025_WEB_p86_c137,not_relevant,,,unjudged,unjudged,deterministic certified source/page/section/anchor match,certified_anchor_oracle,not_relevant,IDF_Diabetes_Atlas_11th_Edition_2025_WEB.pdf,86,"Figure 4.4 Estimated prevalence (%) of diabetes by age and sex, IDF North America and
Caribbean Region 2024.",0.2269,"t = thousand | m = million | b = billion

Highlights

●
1 in 7 adults have diabetes – 56 million.

●
The Region has the second highest
diabetes prevalence (15.1%) of all
IDF Regions.

●
1 in 3 adults living with diabetes
are undiagnosed.

●
The Region has the highest diabetes-
related expenditure (USD 439 billion),
43% of global expenditure.

●
The Region has the highest proportion
of diabetes-related mortality, 21.4%.

●
The Region has the second highest
number of people with type 1 diabetes
– 1.9 million in total.

●
The Region has the highest average cost
per person with diabetes (20-79 years)
– USD 7,811.

●
1 in 4 live births are affected by
hyperglycaemia in pregnancy, the second
highest prevalence among all IDF regions.

*At the time of analysing the data for this edition, Mexico was included in the country listing for the IDF NAC Region.
The country will be listed among the countries in the IDF SACA Region for future editions.

IDF Diabetes Atlas 11th Edition - 2025 | diabetesatlas.org | 81"
large-local-384,no_evidence_ar_out_of_scope,5,IDF_Diabetes_Atlas_11th_Edition_2025_WEB_p35_c50,not_relevant,,,unjudged,unjudged,deterministic certified source/page/section/anchor match,certified_anchor_oracle,not_relevant,IDF_Diabetes_Atlas_11th_Edition_2025_WEB.pdf,35,"2.3 Estimating diabetes prevalence
and projections for the future",0.2253,"urban and rural residence
in countries. Atlas data from countries judged to be
similar and the United Nations Population Division
(UNPD) 6 approximation of the country’s urban/rural
population ratio were used to distribute the results
by urban and rural prevalence. 2.5 Estimating confidence intervals Confidence intervals are provided to indicate the
degree of uncertainty around each of the estimates.
Heterogenous data sources provide diabetes
prevalence estimates that are not harmonized for
analysis. Polynomial regression models are thus used
to harmonize the data from heterogenous studies.
Predicted estimates from models for specific country
population subgroups (regarding female or male
gender, urban or rural location type and 5-year age
groups in the range 20 to 79 years) are weighted
and combined (weighted average formula) taking
into account the quality of the data sources and
also the population size of the analysed subgroups.
The predicted estimates are combined in order
to derive country-level and regional-level average
estimates. The standard error is also computed for
each predicted estimate from the models. Error
propagation using the weighted variances of the
estimates was used to derive the variance of the
combined estimates. Correlation between the
errors of the estimates was accounted in the error
propagation process, in the case of extrapolated
countries that were missing data sources and data
sources from similar countries were used. Confidence
intervals were constructed using the propagated error
in the national, regional and global level. 5,11 Country prevalence estimates were then aggregated
to produce estimates for the seven IDF Regions
and for countries in the four World Bank income
classification categories. The UNPD World Population Prospects (2022 Revision)
estimates were used to transform prevalence
estimates into the number of people with diabetes
for each nation. To project diabetes estimates forward
to the year 2050, the population projection for 2050
from the UNPD for each country was used. The 2050
diabetes projection assumes that diabetes prevalence
does not change for each age group but considers the
changes in population age structure and degree of
urbanisation. 7 This approach is likely to underestimate
future diabetes prevalence as it does not take into
account an increasing prevalence of obesity and other
risk factors, independent of age and urbanisation,
known to result in a higher diabetes incidence. 30 | IDF Diabetes Atlas 11th Edition - 2025 | diabetesatlas.org"
